DateTime,MW,Hour,DayOfWeek,DayOfMonth,Month,Year,Quarter,WeekOfYear,IsWeekend,Hour_sin,Hour_cos,DayOfWeek_sin,DayOfWeek_cos,Month_sin,Month_cos,MW_lag_1,MW_lag_2,MW_lag_3,MW_lag_6,MW_lag_12,MW_rolling_mean_3,MW_rolling_std_3,MW_rolling_min_3,MW_rolling_max_3,MW_rolling_mean_6,MW_rolling_std_6,MW_rolling_min_6,MW_rolling_max_6,MW_diff_1,MW_diff_2
2020-01-01 01:00:00,0.0333333333333333,1,2,1,1,2020,1,1,0,0.25881904510252074,0.9659258262890683,0.9749279121818236,-0.22252093395631434,0.49999999999999994,0.8660254037844387,0.0333333333333333,0.0333333333333333,0.0333333333333333,0.0333333333333333,0.0333333333333333,0.22222222222222218,0.32716515254078793,0.0333333333333333,0.6,0.7822222222222223,1.5732015010681129,0.0333333333333333,3.96,0.0,0.5666666666666667
2020-01-02 01:00:00,0.0333333333333333,1,3,2,1,2020,1,1,0,0.25881904510252074,0.9659258262890683,0.43388373911755823,-0.900968867902419,0.49999999999999994,0.8660254037844387,0.0333333333333333,0.0333333333333333,0.0333333333333333,0.0333333333333333,0.0333333333333333,0.22222222222222218,0.32716515254078793,0.0333333333333333,0.6,0.7822222222222223,1.5732015010681129,0.0333333333333333,3.96,0.0,0.5666666666666667
2020-01-03 16:00:00,0.6,16,4,3,1,2020,1,1,0,-0.8660254037844385,-0.5000000000000004,-0.433883739117558,-0.9009688679024191,0.49999999999999994,0.8660254037844387,0.0333333333333333,0.0333333333333333,0.0333333333333333,0.0333333333333333,0.0333333333333333,0.22222222222222218,0.32716515254078793,0.0333333333333333,0.6,0.7822222222222223,1.5732015010681129,0.0333333333333333,3.96,0.5666666666666667,0.5666666666666667
2020-01-04 10:00:00,3.96,10,5,4,1,2020,1,1,1,0.49999999999999994,-0.8660254037844387,-0.9749279121818236,-0.2225209339563146,0.49999999999999994,0.8660254037844387,0.6,0.0333333333333333,0.0333333333333333,0.0333333333333333,0.0333333333333333,1.5311111111111109,2.1224758429022708,0.0333333333333333,3.96,0.7822222222222223,1.5732015010681129,0.0333333333333333,3.96,3.36,3.9266666666666667
2020-01-05 01:00:00,0.0333333333333333,1,6,5,1,2020,1,1,1,0.25881904510252074,0.9659258262890683,-0.7818314824680299,0.6234898018587334,0.49999999999999994,0.8660254037844387,3.96,0.6,0.0333333333333333,0.0333333333333333,0.0333333333333333,1.5311111111111113,2.1224758429022708,0.0333333333333333,3.96,0.7822222222222223,1.5732015010681129,0.0333333333333333,3.96,-3.9266666666666667,-0.5666666666666667
2020-01-06 01:00:00,0.0333333333333333,1,0,6,1,2020,1,2,0,0.25881904510252074,0.9659258262890683,0.0,1.0,0.49999999999999994,0.8660254037844387,0.0333333333333333,3.96,0.6,0.0333333333333333,0.0333333333333333,1.3422222222222222,2.2670620570179305,0.0333333333333333,3.96,0.7822222222222223,1.5732015010681129,0.0333333333333333,3.96,0.0,-3.9266666666666667
2020-01-06 07:00:00,2.08,7,0,6,1,2020,1,2,0,0.9659258262890683,-0.25881904510252063,0.0,1.0,0.49999999999999994,0.8660254037844387,0.0333333333333333,0.0333333333333333,3.96,0.0333333333333333,0.0333333333333333,0.7155555555555555,1.1816435509414345,0.0333333333333333,2.08,1.1233333333333333,1.6000041666612415,0.0333333333333333,3.96,2.046666666666667,2.046666666666667
2020-01-06 10:00:00,15.4,10,0,6,1,2020,1,2,0,0.49999999999999994,-0.8660254037844387,0.0,1.0,0.49999999999999994,0.8660254037844387,2.08,0.0333333333333333,0.0333333333333333,0.0333333333333333,0.0333333333333333,5.837777777777778,8.34411657885252,0.0333333333333333,15.4,3.684444444444445,5.934297549618439,0.0333333333333333,15.4,13.32,15.366666666666667
2020-01-08 01:00:00,0.0333333333333333,1,2,8,1,2020,1,2,0,0.25881904510252074,0.9659258262890683,0.9749279121818236,-0.22252093395631434,0.49999999999999994,0.8660254037844387,15.4,2.08,0.0333333333333333,0.6,0.0333333333333333,5.837777777777777,8.34411657885252,0.0333333333333333,15.4,3.59,5.997378316120026,0.0333333333333333,15.4,-15.366666666666667,-2.046666666666667
2020-01-09 01:00:00,0.00333333333333333,1,3,9,1,2020,1,2,0,0.25881904510252074,0.9659258262890683,0.43388373911755823,-0.900968867902419,0.49999999999999994,0.8660254037844387,0.0333333333333333,15.4,2.08,3.96,0.0333333333333333,5.145555555555556,8.880622058625631,0.00333333333333333,15.4,2.930555555555556,6.163778212415812,0.00333333333333333,15.4,-0.029999999999999968,-15.396666666666667
2020-01-09 16:00:00,13.0,16,3,9,1,2020,1,2,0,-0.8660254037844385,-0.5000000000000004,0.43388373911755823,-0.900968867902419,0.49999999999999994,0.8660254037844387,0.00333333333333333,0.0333333333333333,15.4,0.0333333333333333,0.0333333333333333,4.345555555555555,7.494983754584227,0.00333333333333333,13.0,5.091666666666667,7.140563236421434,0.00333333333333333,15.4,12.996666666666666,12.966666666666667
2020-01-10 15:00:00,1.71,15,4,10,1,2020,1,2,0,-0.7071067811865471,-0.7071067811865479,-0.433883739117558,-0.9009688679024191,0.49999999999999994,0.8660254037844387,13.0,0.00333333333333333,0.0333333333333333,0.0333333333333333,0.0333333333333333,4.904444444444445,7.062697260437586,0.00333333333333333,13.0,5.371111111111111,6.932800513714712,0.00333333333333333,15.4,-11.29,1.7066666666666666
2020-01-11 16:00:00,2.43,16,5,11,1,2020,1,2,1,-0.8660254037844385,-0.5000000000000004,-0.9749279121818236,-0.2225209339563146,0.49999999999999994,0.8660254037844387,1.71,13.0,0.00333333333333333,2.08,0.0333333333333333,5.713333333333334,6.320698801029307,1.71,13.0,5.429444444444445,6.900969792288189,0.00333333333333333,15.4,0.7200000000000002,-10.57
2020-01-12 10:00:00,4.1,10,6,12,1,2020,1,2,1,0.49999999999999994,-0.8660254037844387,-0.7818314824680299,0.6234898018587334,0.49999999999999994,0.8660254037844387,2.43,1.71,13.0,15.4,0.0333333333333333,2.7466666666666666,1.2260641636282013,1.71,4.1,3.5461111111111117,4.88243173322778,0.00333333333333333,13.0,1.6699999999999995,2.3899999999999997
2020-01-14 08:00:00,1.35,8,1,14,1,2020,1,3,0,0.8660254037844387,-0.4999999999999998,0.7818314824680298,0.6234898018587336,0.49999999999999994,0.8660254037844387,4.1,2.43,1.71,0.0333333333333333,0.6,2.626666666666667,1.3855083303009479,1.35,4.1,3.7655555555555558,4.719852948117331,0.00333333333333333,13.0,-2.7499999999999996,-1.08
2020-01-16 08:00:00,1.13,8,3,16,1,2020,1,3,0,0.8660254037844387,-0.4999999999999998,0.43388373911755823,-0.900968867902419,0.49999999999999994,0.8660254037844387,1.35,4.1,2.43,0.00333333333333333,3.96,2.1933333333333334,1.654881667471521,1.13,4.1,3.953333333333333,4.559941520092847,1.13,13.0,-0.2200000000000002,-2.9699999999999998
2020-01-18 08:00:00,0.75,8,5,18,1,2020,1,3,1,0.8660254037844387,-0.4999999999999998,-0.9749279121818236,-0.2225209339563146,0.49999999999999994,0.8660254037844387,1.13,1.35,4.1,13.0,0.0333333333333333,1.0766666666666669,0.3035347316755111,0.75,1.35,1.9116666666666668,1.2144203006647538,0.75,4.1,-0.3799999999999999,-0.6000000000000001
2020-01-21 15:00:00,2.23,15,1,21,1,2020,1,4,0,-0.7071067811865471,-0.7071067811865479,0.7818314824680298,0.6234898018587336,0.49999999999999994,0.8660254037844387,0.75,1.13,1.35,1.71,0.0333333333333333,1.3700000000000003,0.7686351540230194,0.75,2.23,1.9983333333333337,1.2157041855100568,0.75,4.1,1.48,1.1
2020-01-21 16:00:00,25.1,16,1,21,1,2020,1,4,0,-0.8660254037844385,-0.5000000000000004,0.7818314824680298,0.6234898018587336,0.49999999999999994,0.8660254037844387,2.23,0.75,1.13,2.43,2.08,9.360000000000001,13.651311292326461,0.75,25.1,5.776666666666667,9.541860754940133,0.75,25.1,22.87,24.35
2020-01-25 11:00:00,3.0,11,5,25,1,2020,1,4,1,0.258819045102521,-0.9659258262890682,-0.9749279121818236,-0.2225209339563146,0.49999999999999994,0.8660254037844387,25.1,2.23,0.75,4.1,15.4,10.110000000000001,12.987428536858248,2.23,25.1,5.593333333333334,9.590959632209213,0.75,25.1,-22.1,0.77
2020-01-27 17:00:00,4.46,17,0,27,1,2020,1,5,0,-0.9659258262890683,-0.25881904510252063,0.0,1.0,0.49999999999999994,0.8660254037844387,3.0,25.1,2.23,1.35,0.0333333333333333,10.853333333333333,12.359552311201782,3.0,25.1,6.111666666666667,9.397862345590442,0.75,25.1,1.46,-20.64
2020-01-29 08:00:00,1.8,8,2,29,1,2020,1,5,0,0.8660254037844387,-0.4999999999999998,0.9749279121818236,-0.22252093395631434,0.49999999999999994,0.8660254037844387,4.46,3.0,25.1,1.13,0.00333333333333333,3.0866666666666664,1.3321161110553716,1.8,4.46,6.223333333333334,9.33057054346982,0.75,25.1,-2.66,-1.2
2020-01-31 14:00:00,2.45,14,4,31,1,2020,1,5,0,-0.4999999999999997,-0.8660254037844388,-0.433883739117558,-0.9009688679024191,0.49999999999999994,0.8660254037844387,1.8,4.46,3.0,0.75,13.0,2.9033333333333338,1.386734773968435,1.8,4.46,6.506666666666668,9.155290638022732,1.8,25.1,0.6500000000000001,-2.01
2020-02-09 11:00:00,3.86666666666667,11,6,9,2,2020,1,6,1,0.258819045102521,-0.9659258262890682,-0.7818314824680299,0.6234898018587334,0.8660254037844386,0.5000000000000001,2.45,1.8,4.46,2.23,1.71,2.705555555555557,1.0567683091667806,1.8,3.86666666666667,6.779444444444445,9.025851862946338,1.8,25.1,1.4166666666666696,2.06666666666667
2020-02-15 10:00:00,27.2,10,5,15,2,2020,1,7,1,0.49999999999999994,-0.8660254037844387,-0.9749279121818236,-0.2225209339563146,0.8660254037844386,0.5000000000000001,3.86666666666667,2.45,1.8,25.1,2.43,11.172222222222224,13.898524435402537,2.45,27.2,7.129444444444445,9.878778695695058,1.8,27.2,23.33333333333333,24.75
2020-02-15 11:00:00,14.8,11,5,15,2,2020,1,7,1,0.258819045102521,-0.9659258262890682,-0.9749279121818236,-0.2225209339563146,0.8660254037844386,0.5000000000000001,27.2,3.86666666666667,2.45,3.0,4.1,15.288888888888891,11.674346678524255,3.86666666666667,27.2,9.096111111111112,10.06508606060611,1.8,27.2,-12.399999999999999,10.93333333333333
2020-02-16 09:00:00,4.66666666666667,9,6,16,2,2020,1,7,1,0.7071067811865476,-0.7071067811865475,-0.7818314824680299,0.6234898018587334,0.8660254037844386,0.5000000000000001,14.8,27.2,3.86666666666667,4.46,1.35,15.555555555555555,11.285651329273197,4.66666666666667,27.2,9.130555555555558,10.0463836316395,1.8,27.2,-10.133333333333331,-22.53333333333333
2020-02-16 10:00:00,1.05,10,6,16,2,2020,1,7,1,0.49999999999999994,-0.8660254037844387,-0.7818314824680299,0.6234898018587334,0.8660254037844386,0.5000000000000001,4.66666666666667,14.8,27.2,1.8,1.13,6.8388888888888895,7.127730146199207,1.05,14.8,9.005555555555558,10.15985928744787,1.05,27.2,-3.61666666666667,-13.75
2020-02-19 10:00:00,5.13333333333333,10,2,19,2,2020,1,8,0,0.49999999999999994,-0.8660254037844387,0.9749279121818236,-0.22252093395631434,0.8660254037844386,0.5000000000000001,1.05,4.66666666666667,14.8,2.45,0.75,3.6166666666666667,2.2350118070779157,1.05,5.13333333333333,9.45277777777778,9.868459390438852,1.05,27.2,4.08333333333333,0.46666666666666057
2020-02-19 19:00:00,1.43333333333333,19,2,19,2,2020,1,8,0,-0.9659258262890684,0.2588190451025203,0.9749279121818236,-0.22252093395631434,0.8660254037844386,0.5000000000000001,5.13333333333333,1.05,4.66666666666667,3.86666666666667,2.23,2.5388888888888865,2.2550149872212595,1.05,5.13333333333333,9.047222222222222,10.188743334717033,1.05,27.2,-3.7,0.38333333333333
2020-02-24 09:00:00,1.3,9,0,24,2,2020,1,9,0,0.7071067811865476,-0.7071067811865475,0.0,1.0,0.8660254037844386,0.5000000000000001,1.43333333333333,5.13333333333333,1.05,27.2,25.1,2.62222222222222,2.1757076328642158,1.3,5.13333333333333,4.730555555555555,5.248750292177145,1.05,14.8,-0.13333333333332997,-3.8333333333333304
2020-02-25 13:00:00,4.15,13,1,25,2,2020,1,9,0,-0.2588190451025208,-0.9659258262890683,0.7818314824680298,0.6234898018587336,0.8660254037844386,0.5000000000000001,1.3,1.43333333333333,5.13333333333333,14.8,3.0,2.2944444444444434,1.6083405296326927,1.3,4.15,2.9555555555555557,1.886079610275325,1.05,5.13333333333333,2.8500000000000005,2.7166666666666703
2020-02-25 16:00:00,2.73333333333333,16,1,25,2,2020,1,9,0,-0.8660254037844385,-0.5000000000000004,0.7818314824680298,0.6234898018587336,0.8660254037844386,0.5000000000000001,4.15,1.3,1.43333333333333,4.66666666666667,4.46,2.7277777777777765,1.4250081221340665,1.3,4.15,2.6333333333333324,1.6902662512160687,1.05,5.13333333333333,-1.4166666666666705,1.4333333333333298
2020-02-27 10:00:00,16.6,10,3,27,2,2020,1,9,0,0.49999999999999994,-0.8660254037844387,0.43388373911755823,-0.900968867902419,0.8660254037844386,0.5000000000000001,2.73333333333333,4.15,1.3,1.05,1.8,7.827777777777777,7.629917964706312,2.73333333333333,16.6,5.224999999999999,5.771402198195286,1.3,16.6,13.86666666666667,12.450000000000001
2020-02-27 11:00:00,2.86666666666667,11,3,27,2,2020,1,9,0,0.258819045102521,-0.9659258262890682,0.43388373911755823,-0.900968867902419,0.8660254037844386,0.5000000000000001,16.6,2.73333333333333,4.15,5.13333333333333,2.45,7.3999999999999995,7.967712623108617,2.73333333333333,16.6,4.847222222222222,5.852221009218703,1.3,16.6,-13.73333333333333,0.13333333333333997
2020-02-28 16:00:00,1.76,16,4,28,2,2020,1,9,0,-0.8660254037844385,-0.5000000000000004,-0.433883739117558,-0.9009688679024191,0.8660254037844386,0.5000000000000001,2.86666666666667,16.6,2.73333333333333,1.43333333333333,3.86666666666667,7.075555555555557,8.266949815939322,1.76,16.6,4.901666666666667,5.815513257180701,1.3,16.6,-1.1066666666666698,-14.840000000000002
2020-03-01 01:00:00,0.00333333333333333,1,6,1,3,2020,1,9,1,0.25881904510252074,0.9659258262890683,-0.7818314824680299,0.6234898018587334,1.0,6.123233995736766e-17,1.76,2.86666666666667,16.6,1.3,27.2,1.5433333333333346,1.4439105851047958,0.00333333333333333,2.86666666666667,4.685555555555556,5.99737300515509,0.00333333333333333,16.6,-1.7566666666666666,-2.8633333333333364
2020-03-02 11:00:00,3.26666666666667,11,0,2,3,2020,1,10,0,0.258819045102521,-0.9659258262890682,0.0,1.0,1.0,6.123233995736766e-17,0.00333333333333333,1.76,2.86666666666667,4.15,14.8,1.6766666666666676,1.6332619031999562,0.00333333333333333,3.26666666666667,4.538333333333335,6.023932178310852,0.00333333333333333,16.6,3.2633333333333367,1.5066666666666702
2020-03-03 09:00:00,16.8,9,1,3,3,2020,1,10,0,0.7071067811865476,-0.7071067811865475,0.7818314824680298,0.6234898018587336,1.0,6.123233995736766e-17,3.26666666666667,0.00333333333333333,1.76,2.73333333333333,4.66666666666667,6.690000000000001,8.906256851849212,0.00333333333333333,16.8,6.88277777777778,7.688312173297473,0.00333333333333333,16.8,13.533333333333331,16.796666666666667
2020-03-03 11:00:00,24.0,11,1,3,3,2020,1,10,0,0.258819045102521,-0.9659258262890682,0.7818314824680298,0.6234898018587336,1.0,6.123233995736766e-17,16.8,3.26666666666667,0.00333333333333333,16.6,1.05,14.68888888888889,10.526650482008526,3.26666666666667,24.0,8.116111111111111,9.848847065444692,0.00333333333333333,24.0,7.199999999999999,20.73333333333333
2020-03-03 16:00:00,3.0,16,1,3,3,2020,1,10,0,-0.8660254037844385,-0.5000000000000004,0.7818314824680298,0.6234898018587336,1.0,6.123233995736766e-17,24.0,16.8,3.26666666666667,2.86666666666667,5.13333333333333,14.6,10.67145725756328,3.0,24.0,8.138333333333335,9.834774075245,0.00333333333333333,24.0,-21.0,-13.8
2020-03-04 11:00:00,4.46666666666667,11,2,4,3,2020,1,10,0,0.258819045102521,-0.9659258262890682,0.9749279121818236,-0.22252093395631434,1.0,6.123233995736766e-17,3.0,24.0,16.8,1.76,1.43333333333333,10.488888888888889,11.723922994048124,3.0,24.0,8.589444444444446,9.541392960654626,0.00333333333333333,24.0,1.4666666666666703,-19.53333333333333
2020-03-05 13:00:00,2.9,13,3,5,3,2020,1,10,0,-0.2588190451025208,-0.9659258262890683,0.43388373911755823,-0.900968867902419,1.0,6.123233995736766e-17,4.46666666666667,3.0,24.0,0.00333333333333333,1.3,3.455555555555557,0.877074260971759,2.9,4.46666666666667,9.072222222222225,9.082300654855311,2.9,24.0,-1.5666666666666704,-0.10000000000000009
2020-03-05 15:00:00,0.916666666666667,15,3,5,3,2020,1,10,0,-0.7071067811865471,-0.7071067811865479,0.43388373911755823,-0.900968867902419,1.0,6.123233995736766e-17,2.9,4.46666666666667,3.0,3.26666666666667,4.15,2.7611111111111124,1.7790707103970003,0.916666666666667,4.46666666666667,8.680555555555555,9.426867139939658,0.916666666666667,24.0,-1.983333333333333,-3.5500000000000034
2020-03-06 08:00:00,1.4,8,4,6,3,2020,1,10,0,0.8660254037844387,-0.4999999999999998,-0.433883739117558,-0.9009688679024191,1.0,6.123233995736766e-17,0.916666666666667,2.9,4.46666666666667,16.8,2.73333333333333,1.738888888888889,1.034184237472665,0.916666666666667,2.9,6.11388888888889,8.85306234943384,0.916666666666667,24.0,0.48333333333333295,-1.5
2020-03-07 10:00:00,2.5,10,5,7,3,2020,1,10,1,0.49999999999999994,-0.8660254037844387,-0.9749279121818236,-0.2225209339563146,1.0,6.123233995736766e-17,1.4,0.916666666666667,2.9,24.0,16.6,1.6055555555555554,0.8114344865272892,0.916666666666667,2.5,2.530555555555557,1.264050661197616,0.916666666666667,4.46666666666667,1.1,1.583333333333333
2020-03-09 07:00:00,2.2,7,0,9,3,2020,1,11,0,0.9659258262890683,-0.25881904510252063,0.0,1.0,1.0,6.123233995736766e-17,2.5,1.4,0.916666666666667,3.0,2.86666666666667,2.033333333333333,0.5686240703076301,1.4,2.5,2.3972222222222235,1.2467030594807151,0.916666666666667,4.46666666666667,-0.2999999999999998,0.8000000000000003
2020-03-12 12:00:00,3.06666666666667,12,3,12,3,2020,1,11,0,1.2246467991473532e-16,-1.0,0.43388373911755823,-0.900968867902419,1.0,6.123233995736766e-17,2.2,2.5,1.4,4.46666666666667,1.76,2.58888888888889,0.44011782934072663,2.2,3.06666666666667,2.16388888888889,0.849733073556839,0.916666666666667,3.06666666666667,0.8666666666666698,0.56666666666667
2020-03-12 16:00:00,2.55,16,3,12,3,2020,1,11,0,-0.8660254037844385,-0.5000000000000004,0.43388373911755823,-0.900968867902419,1.0,6.123233995736766e-17,3.06666666666667,2.2,2.5,2.9,0.00333333333333333,2.6055555555555565,0.4359960924050604,2.2,3.06666666666667,2.1055555555555565,0.7996295438560681,0.916666666666667,3.06666666666667,-0.5166666666666702,0.34999999999999964
2020-03-14 10:00:00,4.3,10,5,14,3,2020,1,11,1,0.49999999999999994,-0.8660254037844387,-0.9749279121818236,-0.2225209339563146,1.0,6.123233995736766e-17,2.55,3.06666666666667,2.2,0.916666666666667,3.26666666666667,3.3055555555555567,0.8991250891426724,2.55,4.3,2.6694444444444456,0.9686426165096043,1.4,4.3,1.75,1.2333333333333298
2020-03-14 13:00:00,2.53333333333333,13,5,14,3,2020,1,11,1,-0.2588190451025208,-0.9659258262890683,-0.9749279121818236,-0.2225209339563146,1.0,6.123233995736766e-17,4.3,2.55,3.06666666666667,1.4,16.8,3.1277777777777764,1.0152084259638718,2.53333333333333,4.3,2.858333333333334,0.7595137333262412,2.2,4.3,-1.7666666666666697,-0.016666666666669716
2020-03-16 07:00:00,1.25,7,0,16,3,2020,1,12,0,0.9659258262890683,-0.25881904510252063,0.0,1.0,1.0,6.123233995736766e-17,2.53333333333333,4.3,2.55,2.5,24.0,2.694444444444443,1.5313695153660603,1.25,4.3,2.650000000000001,1.0081886948604901,1.25,4.3,-1.28333333333333,-3.05
2020-03-16 20:00:00,0.816666666666667,20,0,16,3,2020,1,12,0,-0.8660254037844386,0.5000000000000001,0.0,1.0,1.0,6.123233995736766e-17,1.25,2.53333333333333,4.3,2.2,3.0,1.5333333333333323,0.8927174493894038,0.816666666666667,2.53333333333333,2.4194444444444447,1.25872142653952,0.816666666666667,4.3,-0.433333333333333,-1.7166666666666632
2020-03-17 15:00:00,2.26666666666667,15,1,17,3,2020,1,12,0,-0.7071067811865471,-0.7071067811865479,0.7818314824680298,0.6234898018587336,1.0,6.123233995736766e-17,0.816666666666667,1.25,2.53333333333333,3.06666666666667,4.46666666666667,1.4444444444444458,0.7442993225049753,0.816666666666667,2.26666666666667,2.2861111111111114,1.2181687835375026,0.816666666666667,4.3,1.4500000000000033,1.0166666666666702
2020-04-01 01:00:00,0.00333333333333333,1,2,1,4,2020,2,14,0,0.25881904510252074,0.9659258262890683,0.9749279121818236,-0.22252093395631434,0.8660254037844387,-0.4999999999999998,2.26666666666667,0.816666666666667,1.25,2.55,2.9,1.02888888888889,1.1464938500262576,0.00333333333333333,2.26666666666667,1.8616666666666672,1.5152685863862363,0.00333333333333333,4.3,-2.2633333333333367,-0.8133333333333337
2020-04-01 09:00:00,4.0,9,2,1,4,2020,2,14,0,0.7071067811865476,-0.7071067811865475,0.9749279121818236,-0.22252093395631434,0.8660254037844387,-0.4999999999999998,0.00333333333333333,2.26666666666667,0.816666666666667,4.3,0.916666666666667,2.090000000000001,2.0041817393750323,0.00333333333333333,4.0,1.8116666666666674,1.4207177372331716,0.00333333333333333,4.0,3.9966666666666666,1.7333333333333298
2020-04-02 14:00:00,8.6,14,3,2,4,2020,2,14,0,-0.4999999999999997,-0.8660254037844388,0.43388373911755823,-0.900968867902419,0.8660254037844387,-0.4999999999999998,4.0,0.00333333333333333,2.26666666666667,2.53333333333333,1.4,4.201111111111111,4.301860493287015,0.00333333333333333,8.6,2.822777777777779,3.147023579099378,0.00333333333333333,8.6,4.6,8.596666666666666
2020-04-02 19:00:00,1.36666666666667,19,3,2,4,2020,2,14,0,-0.9659258262890684,0.2588190451025203,0.43388373911755823,-0.900968867902419,0.8660254037844387,-0.4999999999999998,8.6,4.0,0.00333333333333333,1.25,2.5,4.655555555555557,3.6609551475799975,1.36666666666667,8.6,2.8422222222222238,3.135702414074027,0.00333333333333333,8.6,-7.23333333333333,-2.63333333333333
2020-04-04 14:00:00,2.66666666666667,14,5,4,4,2020,2,14,1,-0.4999999999999997,-0.8660254037844388,-0.9749279121818236,-0.2225209339563146,0.8660254037844387,-0.4999999999999998,1.36666666666667,8.6,4.0,0.816666666666667,2.2,4.211111111111113,3.8560678494107363,1.36666666666667,8.6,3.1505555555555578,2.9839797561621015,0.00333333333333333,8.6,1.3,-5.93333333333333
2020-04-05 17:00:00,2.43333333333333,17,6,5,4,2020,2,14,1,-0.9659258262890683,-0.25881904510252063,-0.7818314824680299,0.6234898018587334,0.8660254037844387,-0.4999999999999998,2.66666666666667,1.36666666666667,8.6,2.26666666666667,3.06666666666667,2.155555555555557,0.693087563277729,1.36666666666667,2.66666666666667,3.1783333333333346,2.9748678775516972,0.00333333333333333,8.6,-0.23333333333334005,1.06666666666666
2020-04-06 09:00:00,0.7,9,0,6,4,2020,2,15,0,0.7071067811865476,-0.7071067811865475,0.0,1.0,0.8660254037844387,-0.4999999999999998,2.43333333333333,2.66666666666667,1.36666666666667,0.00333333333333333,2.55,1.9333333333333336,1.074450764085696,0.7,2.66666666666667,3.2944444444444456,2.8365406683076153,0.7,8.6,-1.73333333333333,-1.9666666666666701
2020-04-09 11:00:00,3.33333333333333,11,3,9,4,2020,2,15,0,0.258819045102521,-0.9659258262890682,0.43388373911755823,-0.900968867902419,0.8660254037844387,-0.4999999999999998,0.7,2.43333333333333,2.66666666666667,4.0,4.3,2.1555555555555532,1.3384623571402252,0.7,3.33333333333333,3.1833333333333336,2.8163609301524084,0.7,8.6,2.63333333333333,0.8999999999999999
2020-04-11 11:00:00,0.933333333333333,11,5,11,4,2020,2,15,1,0.258819045102521,-0.9659258262890682,-0.9749279121818236,-0.2225209339563146,0.8660254037844387,-0.4999999999999998,3.33333333333333,0.7,2.43333333333333,8.6,2.53333333333333,1.6555555555555541,1.4576744543328937,0.7,3.33333333333333,1.905555555555556,1.0569172503437185,0.7,3.33333333333333,-2.399999999999997,0.23333333333333306
2020-04-16 08:00:00,0.4,8,3,16,4,2020,2,16,0,0.8660254037844387,-0.4999999999999998,0.43388373911755823,-0.900968867902419,0.8660254037844387,-0.4999999999999998,0.933333333333333,3.33333333333333,0.7,1.36666666666667,1.25,1.5555555555555542,1.56252407388858,0.4,3.33333333333333,1.7444444444444442,1.217039516690086,0.4,3.33333333333333,-0.533333333333333,-2.93333333333333
2020-04-16 12:00:00,1.0,12,3,16,4,2020,2,16,0,1.2246467991473532e-16,-1.0,0.43388373911755823,-0.900968867902419,0.8660254037844387,-0.4999999999999998,0.4,0.933333333333333,3.33333333333333,2.66666666666667,0.816666666666667,0.7777777777777777,0.32885885748757515,0.4,1.0,1.4666666666666657,1.1529671865813806,0.4,3.33333333333333,0.6,0.06666666666666698
2020-04-17 10:00:00,1.43333333333333,10,4,17,4,2020,2,16,0,0.49999999999999994,-0.8660254037844387,-0.433883739117558,-0.9009688679024191,0.8660254037844387,-0.4999999999999998,1.0,0.4,0.933333333333333,2.43333333333333,2.26666666666667,0.9444444444444433,0.5189019746148049,0.4,1.43333333333333,1.2999999999999992,1.0532489417670376,0.4,3.33333333333333,0.43333333333333,1.03333333333333
2020-04-18 15:00:00,1.03333333333333,15,5,18,4,2020,2,16,1,-0.7071067811865471,-0.7071067811865479,-0.9749279121818236,-0.2225209339563146,0.8660254037844387,-0.4999999999999998,1.43333333333333,1.0,0.4,0.7,0.00333333333333333,1.1555555555555534,0.2411392712687728,1.0,1.43333333333333,1.355555555555554,1.0236463509688802,0.4,3.33333333333333,-0.3999999999999999,0.033333333333330106
2020-04-22 09:00:00,1.4,9,2,22,4,2020,2,17,0,0.7071067811865476,-0.7071067811865475,0.9749279121818236,-0.22252093395631434,0.8660254037844387,-0.4999999999999998,1.03333333333333,1.43333333333333,1.0,3.33333333333333,4.0,1.2888888888888868,0.22194427061572783,1.03333333333333,1.43333333333333,1.0333333333333325,0.3759432581299829,0.4,1.43333333333333,0.3666666666666698,-0.033333333333330106
2020-04-23 10:00:00,14.4,10,3,23,4,2020,2,17,0,0.49999999999999994,-0.8660254037844387,0.43388373911755823,-0.900968867902419,0.8660254037844387,-0.4999999999999998,1.4,1.03333333333333,1.43333333333333,0.933333333333333,8.6,5.61111111111111,7.6136086737523465,1.03333333333333,14.4,3.2777777777777772,5.461488062044255,0.4,14.4,13.0,13.36666666666667
2020-04-23 14:00:00,0.733333333333333,14,3,23,4,2020,2,17,0,-0.4999999999999997,-0.8660254037844388,0.43388373911755823,-0.900968867902419,0.8660254037844387,-0.4999999999999998,14.4,1.4,1.03333333333333,0.4,1.36666666666667,5.511111111111112,7.705217087815909,0.733333333333333,14.4,3.3333333333333326,5.427952345651786,0.733333333333333,14.4,-13.666666666666668,-0.666666666666667
2020-04-25 11:00:00,0.8,11,5,25,4,2020,2,17,1,0.258819045102521,-0.9659258262890682,-0.9749279121818236,-0.2225209339563146,0.8660254037844387,-0.4999999999999998,0.733333333333333,14.4,1.4,1.0,2.66666666666667,5.311111111111111,7.871279250352954,0.733333333333333,14.4,3.299999999999999,5.445732273992182,0.733333333333333,14.4,0.0666666666666671,-13.6
2020-04-27 09:00:00,1.86666666666667,9,0,27,4,2020,2,18,0,0.7071067811865476,-0.7071067811865475,0.0,1.0,0.8660254037844387,-0.4999999999999998,0.8,0.733333333333333,14.4,1.43333333333333,2.43333333333333,1.1333333333333344,0.6359594676112138,0.733333333333333,1.86666666666667,3.372222222222223,5.418832045814005,0.733333333333333,14.4,1.06666666666667,1.133333333333337
2020-04-28 12:00:00,0.233333333333333,12,1,28,4,2020,2,18,0,1.2246467991473532e-16,-1.0,0.7818314824680298,0.6234898018587336,0.8660254037844387,-0.4999999999999998,1.86666666666667,0.8,0.733333333333333,1.03333333333333,0.7,0.9666666666666677,0.829323686974918,0.233333333333333,1.86666666666667,3.2388888888888894,5.497167620861847,0.233333333333333,14.4,-1.633333333333337,-0.5666666666666671
2020-04-29 16:00:00,2.26666666666667,16,2,29,4,2020,2,18,0,-0.8660254037844385,-0.5000000000000004,0.9749279121818236,-0.22252093395631434,0.8660254037844387,-0.4999999999999998,0.233333333333333,1.86666666666667,0.8,1.4,3.33333333333333,1.4555555555555577,1.077204887832518,0.233333333333333,2.26666666666667,3.383333333333335,5.450372056617383,0.233333333333333,14.4,2.033333333333337,0.40000000000000013
2020-05-02 07:00:00,2.56666666666667,7,5,2,5,2020,2,18,1,0.9659258262890683,-0.25881904510252063,-0.9749279121818236,-0.2225209339563146,0.49999999999999994,-0.8660254037844387,2.26666666666667,0.233333333333333,1.86666666666667,14.4,0.933333333333333,1.688888888888891,1.2694414052965897,0.233333333333333,2.56666666666667,1.411111111111113,0.9481365740034632,0.233333333333333,2.56666666666667,0.2999999999999998,2.333333333333337
2020-05-02 13:00:00,2.83333333333333,13,5,2,5,2020,2,18,1,-0.2588190451025208,-0.9659258262890683,-0.9749279121818236,-0.2225209339563146,0.49999999999999994,-0.8660254037844387,2.56666666666667,2.26666666666667,0.233333333333333,0.733333333333333,0.4,2.5555555555555567,0.28349668493699365,2.26666666666667,2.83333333333333,1.7611111111111126,1.0318089113928453,0.233333333333333,2.83333333333333,0.26666666666665995,0.5666666666666598
2020-05-06 07:00:00,1.23333333333333,7,2,6,5,2020,2,19,0,0.9659258262890683,-0.25881904510252063,0.9749279121818236,-0.22252093395631434,0.49999999999999994,-0.8660254037844387,2.83333333333333,2.56666666666667,2.26666666666667,0.8,1.0,2.21111111111111,0.8572134009770918,1.23333333333333,2.83333333333333,1.8333333333333341,0.9640193635676579,0.233333333333333,2.83333333333333,-1.5999999999999999,-1.33333333333334
2020-05-14 16:00:00,2.06666666666667,16,3,14,5,2020,2,20,0,-0.8660254037844385,-0.5000000000000004,0.43388373911755823,-0.900968867902419,0.49999999999999994,-0.8660254037844387,1.23333333333333,2.83333333333333,2.56666666666667,1.86666666666667,1.43333333333333,2.044444444444443,0.8002314480013047,1.23333333333333,2.83333333333333,1.8666666666666678,0.9688481133112279,0.233333333333333,2.83333333333333,0.8333333333333399,-0.76666666666666
2020-05-15 08:00:00,1.16666666666667,8,4,15,5,2020,2,20,0,0.8660254037844387,-0.4999999999999998,-0.433883739117558,-0.9009688679024191,0.49999999999999994,-0.8660254037844387,2.06666666666667,1.23333333333333,2.83333333333333,0.233333333333333,1.03333333333333,1.48888888888889,0.5014792931730836,1.16666666666667,2.06666666666667,2.0222222222222235,0.688530372659138,1.16666666666667,2.83333333333333,-0.8999999999999999,-0.06666666666665999
2020-05-15 09:00:00,1.96666666666667,9,4,15,5,2020,2,20,0,0.7071067811865476,-0.7071067811865475,-0.433883739117558,-0.9009688679024191,0.49999999999999994,-0.8660254037844387,1.16666666666667,2.06666666666667,1.23333333333333,2.26666666666667,1.4,1.7333333333333367,0.4932882862315165,1.16666666666667,2.06666666666667,1.9722222222222239,0.6780418429129561,1.16666666666667,2.83333333333333,0.7999999999999998,-0.10000000000000009
2020-05-21 10:00:00,14.8,10,3,21,5,2020,2,21,0,0.49999999999999994,-0.8660254037844387,0.43388373911755823,-0.900968867902419,0.49999999999999994,-0.8660254037844387,1.96666666666667,1.16666666666667,2.06666666666667,2.56666666666667,14.4,5.9777777777777805,7.6507322331724295,1.16666666666667,14.8,4.011111111111112,5.320804728888574,1.16666666666667,14.8,12.83333333333333,13.633333333333331
2020-05-23 12:00:00,0.8,12,5,23,5,2020,2,21,1,1.2246467991473532e-16,-1.0,-0.9749279121818236,-0.2225209339563146,0.49999999999999994,-0.8660254037844387,14.8,1.96666666666667,1.16666666666667,2.83333333333333,0.733333333333333,5.855555555555557,7.768049471559286,0.8,14.8,3.672222222222224,5.473386790915019,0.8,14.8,-14.0,-1.1666666666666698
2020-05-23 15:00:00,3.0,15,5,23,5,2020,2,21,1,-0.7071067811865471,-0.7071067811865479,-0.9749279121818236,-0.2225209339563146,0.49999999999999994,-0.8660254037844387,0.8,14.8,1.96666666666667,1.23333333333333,0.8,6.2,7.5286120898874795,0.8,14.8,3.966666666666669,5.362337798634725,0.8,14.8,2.2,-11.8
2020-05-25 10:00:00,1.26666666666667,10,0,25,5,2020,2,22,0,0.49999999999999994,-0.8660254037844387,0.0,1.0,0.49999999999999994,-0.8660254037844387,3.0,0.8,14.8,2.06666666666667,1.86666666666667,1.68888888888889,1.1591823427328432,0.8,3.0,3.8333333333333357,5.42856641603779,0.8,14.8,-1.73333333333333,0.4666666666666699
2020-05-26 12:00:00,1.66666666666667,12,1,26,5,2020,2,22,0,1.2246467991473532e-16,-1.0,0.7818314824680298,0.6234898018587336,0.49999999999999994,-0.8660254037844387,1.26666666666667,3.0,0.8,1.16666666666667,0.233333333333333,1.9777777777777799,0.9075812380738169,1.26666666666667,3.0,3.916666666666669,5.3830908098105406,0.8,14.8,0.40000000000000013,-1.33333333333333
2020-05-31 17:00:00,0.566666666666667,17,6,31,5,2020,2,22,1,-0.9659258262890683,-0.25881904510252063,-0.7818314824680299,0.6234898018587334,0.49999999999999994,-0.8660254037844387,1.66666666666667,1.26666666666667,3.0,1.96666666666667,2.26666666666667,1.166666666666669,0.5567764362829124,0.566666666666667,1.66666666666667,3.6833333333333353,5.513286980861179,0.566666666666667,14.8,-1.1000000000000032,-0.700000000000003
2020-06-02 14:00:00,1.46666666666667,14,1,2,6,2020,2,23,0,-0.4999999999999997,-0.8660254037844388,0.7818314824680298,0.6234898018587336,1.2246467991473532e-16,-1.0,0.566666666666667,1.66666666666667,1.26666666666667,14.8,2.56666666666667,1.2333333333333356,0.5859465277081466,0.566666666666667,1.66666666666667,1.4611111111111132,0.8585301823897178,0.566666666666667,3.0,0.9000000000000029,-0.20000000000000018
2020-06-02 17:00:00,2.3,17,1,2,6,2020,2,23,0,-0.9659258262890683,-0.25881904510252063,0.7818314824680298,0.6234898018587336,1.2246467991473532e-16,-1.0,1.46666666666667,0.566666666666667,1.66666666666667,0.8,2.83333333333333,1.4444444444444455,0.8668803155461431,0.566666666666667,2.3,1.7111111111111132,0.8458175970074483,0.566666666666667,3.0,0.8333333333333299,1.733333333333333
2020-06-05 11:00:00,0.9,11,4,5,6,2020,2,23,0,0.258819045102521,-0.9659258262890682,-0.433883739117558,-0.9009688679024191,1.2246467991473532e-16,-1.0,2.3,1.46666666666667,0.566666666666667,3.0,1.23333333333333,1.5555555555555565,0.7042200834439653,0.9,2.3,1.3611111111111134,0.6064163097582297,0.566666666666667,2.3,-1.4,-0.5666666666666699
2020-06-08 12:00:00,4.8,12,0,8,6,2020,2,24,0,1.2246467991473532e-16,-1.0,0.0,1.0,1.2246467991473532e-16,-1.0,0.9,2.3,1.46666666666667,1.26666666666667,2.06666666666667,2.6666666666666665,1.975685535031635,0.9,4.8,1.9500000000000017,1.5215124054703093,0.566666666666667,4.8,3.9,2.5
2020-06-15 08:00:00,1.13333333333333,8,0,15,6,2020,2,25,0,0.8660254037844387,-0.4999999999999998,0.0,1.0,1.2246467991473532e-16,-1.0,4.8,0.9,2.3,1.66666666666667,1.16666666666667,2.2777777777777763,2.1874219562797483,0.9,4.8,1.8611111111111116,1.5565512686230094,0.566666666666667,4.8,-3.6666666666666696,0.23333333333332995
2020-06-17 11:00:00,3.33333333333333,11,2,17,6,2020,2,25,0,0.258819045102521,-0.9659258262890682,0.9749279121818236,-0.22252093395631434,1.2246467991473532e-16,-1.0,1.13333333333333,4.8,0.9,0.566666666666667,1.96666666666667,3.0888888888888864,1.8455150841772707,1.13333333333333,4.8,2.3222222222222224,1.5053484892456366,0.9,4.8,2.2,-1.46666666666667
2020-06-17 15:00:00,2.4,15,2,17,6,2020,2,25,0,-0.7071067811865471,-0.7071067811865479,0.9749279121818236,-0.22252093395631434,1.2246467991473532e-16,-1.0,3.33333333333333,1.13333333333333,4.8,1.46666666666667,14.8,2.288888888888886,1.1042007332270538,1.13333333333333,3.33333333333333,2.4777777777777774,1.4463235640242815,0.9,4.8,-0.93333333333333,1.26666666666667
2020-06-19 12:00:00,3.06666666666667,12,4,19,6,2020,2,25,0,1.2246467991473532e-16,-1.0,-0.433883739117558,-0.9009688679024191,1.2246467991473532e-16,-1.0,2.4,3.33333333333333,1.13333333333333,2.3,0.8,2.933333333333333,0.480740170061767,2.4,3.33333333333333,2.6055555555555556,1.4612653066080592,0.9,4.8,0.6666666666666701,-0.26666666666665995
2020-06-22 12:00:00,0.766666666666667,12,0,22,6,2020,2,26,0,1.2246467991473532e-16,-1.0,0.0,1.0,1.2246467991473532e-16,-1.0,3.06666666666667,2.4,3.33333333333333,0.9,3.0,2.077777777777779,1.1833724563172305,0.766666666666667,3.06666666666667,2.5833333333333335,1.4930580103339155,0.766666666666667,4.8,-2.300000000000003,-1.6333333333333329
2020-06-23 10:00:00,2.86666666666667,10,1,23,6,2020,2,26,0,0.49999999999999994,-0.8660254037844387,0.7818314824680298,0.6234898018587336,1.2246467991473532e-16,-1.0,0.766666666666667,3.06666666666667,2.4,4.8,1.26666666666667,2.2333333333333356,1.2741009902410565,0.766666666666667,3.06666666666667,2.2611111111111115,1.0667534686904054,0.766666666666667,3.33333333333333,2.1000000000000028,-0.20000000000000018
2020-06-23 11:00:00,15.8333333333333,11,1,23,6,2020,2,26,0,0.258819045102521,-0.9659258262890682,0.7818314824680298,0.6234898018587336,1.2246467991473532e-16,-1.0,2.86666666666667,0.766666666666667,3.06666666666667,1.13333333333333,1.66666666666667,6.488888888888879,8.16036037693686,0.766666666666667,15.8333333333333,4.711111111111107,5.524638416188839,0.766666666666667,15.8333333333333,12.96666666666663,15.066666666666633
2020-06-23 17:00:00,1.1,17,1,23,6,2020,2,26,0,-0.9659258262890683,-0.25881904510252063,0.7818314824680298,0.6234898018587336,1.2246467991473532e-16,-1.0,15.8333333333333,2.86666666666667,0.766666666666667,3.33333333333333,0.566666666666667,6.599999999999991,8.044943201235839,1.1,15.8333333333333,4.338888888888885,5.7082169493407156,0.766666666666667,15.8333333333333,-14.7333333333333,-1.7666666666666697
2020-06-30 14:00:00,2.76666666666667,14,1,30,6,2020,2,27,0,-0.4999999999999997,-0.8660254037844388,0.7818314824680298,0.6234898018587336,1.2246467991473532e-16,-1.0,1.1,15.8333333333333,2.86666666666667,2.4,1.46666666666667,6.566666666666657,8.068319389921138,1.1,15.8333333333333,4.399999999999997,5.685224514280651,0.766666666666667,15.8333333333333,1.66666666666667,-13.066666666666631
2020-07-01 10:00:00,1.5,10,2,1,7,2020,3,27,0,0.49999999999999994,-0.8660254037844387,0.9749279121818236,-0.22252093395631434,-0.4999999999999997,-0.8660254037844388,2.76666666666667,1.1,15.8333333333333,3.06666666666667,2.3,1.7888888888888903,0.8700787533533758,1.1,2.76666666666667,4.138888888888885,5.793652337464451,0.766666666666667,15.8333333333333,-1.2666666666666702,0.3999999999999999
2020-07-03 15:00:00,0.6,15,4,3,7,2020,3,27,0,-0.7071067811865471,-0.7071067811865479,-0.433883739117558,-0.9009688679024191,-0.4999999999999997,-0.8660254037844388,1.5,2.76666666666667,1.1,0.766666666666667,0.9,1.6222222222222236,1.0884919911578324,0.6,2.76666666666667,4.111111111111107,5.81341997896692,0.6,15.8333333333333,-0.9,-2.16666666666667
2020-07-05 09:00:00,3.53333333333333,9,6,5,7,2020,3,27,1,0.7071067811865476,-0.7071067811865475,-0.7818314824680299,0.6234898018587334,-0.4999999999999997,-0.8660254037844388,0.6,1.5,2.76666666666667,2.86666666666667,4.8,1.8777777777777767,1.5027135948503516,0.6,3.53333333333333,4.222222222222217,5.791206616420619,0.6,15.8333333333333,2.93333333333333,2.03333333333333
2020-07-06 16:00:00,2.9,16,0,6,7,2020,3,28,0,-0.8660254037844385,-0.5000000000000004,0.0,1.0,-0.4999999999999997,-0.8660254037844388,3.53333333333333,0.6,1.5,15.8333333333333,1.13333333333333,2.344444444444443,1.5435648974346734,0.6,3.53333333333333,2.0666666666666673,1.1612254063895135,0.6,3.53333333333333,-0.6333333333333302,2.3
2020-07-08 08:00:00,1.3,8,2,8,7,2020,3,28,0,0.8660254037844387,-0.4999999999999998,0.9749279121818236,-0.22252093395631434,-0.4999999999999997,-0.8660254037844388,2.9,3.53333333333333,0.6,1.1,3.33333333333333,2.577777777777777,1.1510060012070908,1.3,3.53333333333333,2.100000000000001,1.1303883305208986,0.6,3.53333333333333,-1.5999999999999999,-2.23333333333333
2020-07-08 11:00:00,21.4,11,2,8,7,2020,3,28,0,0.258819045102521,-0.9659258262890682,0.9749279121818236,-0.22252093395631434,-0.4999999999999997,-0.8660254037844388,1.3,2.9,3.53333333333333,2.76666666666667,2.4,8.533333333333333,11.171541224617723,1.3,21.4,5.205555555555556,8.007091764087543,0.6,21.4,20.099999999999998,18.5
2020-07-08 13:00:00,0.6,13,2,8,7,2020,3,28,0,-0.2588190451025208,-0.9659258262890683,0.9749279121818236,-0.22252093395631434,-0.4999999999999997,-0.8660254037844388,21.4,1.3,2.9,1.5,3.06666666666667,7.766666666666667,11.81199954848176,0.6,21.4,5.055555555555556,8.098303434579279,0.6,21.4,-20.799999999999997,-0.7000000000000001
2020-07-09 08:00:00,0.466666666666667,8,3,9,7,2020,3,28,0,0.8660254037844387,-0.4999999999999998,0.43388373911755823,-0.900968867902419,-0.4999999999999997,-0.8660254037844388,0.6,21.4,1.3,0.6,0.766666666666667,7.488888888888888,12.047560072633116,0.466666666666667,21.4,5.033333333333334,8.113144341814161,0.466666666666667,21.4,-0.13333333333333297,-20.93333333333333
2020-07-17 08:00:00,0.8,8,4,17,7,2020,3,29,0,0.8660254037844387,-0.4999999999999998,-0.433883739117558,-0.9009688679024191,-0.4999999999999997,-0.8660254037844388,0.466666666666667,0.6,21.4,3.53333333333333,2.86666666666667,0.6222222222222223,0.16777409856144807,0.466666666666667,0.8,4.577777777777778,8.289046766444036,0.466666666666667,21.4,0.33333333333333304,0.20000000000000007
2020-07-17 17:00:00,4.7,17,4,17,7,2020,3,29,0,-0.9659258262890683,-0.25881904510252063,-0.433883739117558,-0.9009688679024191,-0.4999999999999997,-0.8660254037844388,0.8,0.466666666666667,0.6,2.9,15.8333333333333,1.988888888888889,2.3537991355190724,0.466666666666667,4.7,4.877777777777778,8.248654211221146,0.466666666666667,21.4,3.9000000000000004,4.233333333333333
2020-07-18 08:00:00,1.1,8,5,18,7,2020,3,29,1,0.8660254037844387,-0.4999999999999998,-0.9749279121818236,-0.2225209339563146,-0.4999999999999997,-0.8660254037844388,4.7,0.8,0.466666666666667,1.3,1.1,2.2000000000000006,2.170253441421062,0.8,4.7,4.844444444444446,8.266388884221769,0.466666666666667,21.4,-3.6,0.30000000000000004
2020-07-20 20:00:00,3.3,20,0,20,7,2020,3,30,0,-0.8660254037844386,0.5000000000000001,0.0,1.0,-0.4999999999999997,-0.8660254037844388,1.1,4.7,0.8,21.4,2.76666666666667,3.0333333333333337,1.8147543451754842,1.1,4.7,1.827777777777779,1.7528917906219112,0.466666666666667,4.7,2.1999999999999997,-1.4000000000000004
2020-07-21 07:00:00,1.9,7,1,21,7,2020,3,30,0,0.9659258262890683,-0.25881904510252063,0.7818314824680298,0.6234898018587336,-0.4999999999999997,-0.8660254037844388,3.3,1.1,4.7,0.6,1.5,2.1,1.1135528725659873,1.1,3.3,2.0444444444444456,1.64798417827718,0.466666666666667,4.7,-1.4,0.7999999999999998
2020-07-25 10:00:00,4.5,10,5,25,7,2020,3,30,1,0.49999999999999994,-0.8660254037844387,-0.9749279121818236,-0.2225209339563146,-0.4999999999999997,-0.8660254037844388,1.9,3.3,1.1,0.466666666666667,0.6,3.233333333333334,1.3012814197295302,1.9,4.5,2.716666666666668,1.697547250201515,0.8,4.7,2.6,1.2000000000000002
2020-07-25 11:00:00,1.2,11,5,25,7,2020,3,30,1,0.258819045102521,-0.9659258262890682,-0.9749279121818236,-0.2225209339563146,-0.4999999999999997,-0.8660254037844388,4.5,1.9,3.3,0.8,3.53333333333333,2.5333333333333337,1.73877351409932,1.2,4.5,2.7833333333333345,1.612968278258046,1.1,4.7,-3.3,-0.7
2020-07-27 17:00:00,3.0,17,0,27,7,2020,3,31,0,-0.9659258262890683,-0.25881904510252063,0.0,1.0,-0.4999999999999997,-0.8660254037844388,1.2,4.5,1.9,4.7,2.9,2.9000000000000004,1.6522711641858205,1.2,4.5,2.5000000000000013,1.3341664064126555,1.1,4.5,1.8,-1.5
2020-07-29 16:00:00,4.9,16,2,29,7,2020,3,31,0,-0.8660254037844385,-0.5000000000000004,0.9749279121818236,-0.22252093395631434,-0.4999999999999997,-0.8660254037844388,3.0,1.2,4.5,1.1,1.3,3.0333333333333337,1.8502252115170472,1.2,4.9,3.1333333333333346,1.4348054455802444,1.2,4.9,1.9000000000000004,3.7
2020-07-30 14:00:00,12.1,14,3,30,7,2020,3,31,0,-0.4999999999999997,-0.8660254037844388,0.43388373911755823,-0.900968867902419,-0.4999999999999997,-0.8660254037844388,4.9,3.0,1.2,3.3,21.4,6.666666666666667,4.800347209664455,3.0,12.1,4.600000000000001,3.943602414037202,1.2,12.1,7.199999999999999,9.1
2020-07-31 07:00:00,1.3,7,4,31,7,2020,3,31,0,0.9659258262890683,-0.25881904510252063,-0.433883739117558,-0.9009688679024191,-0.4999999999999997,-0.8660254037844388,12.1,4.9,3.0,1.9,0.6,6.1000000000000005,5.499090833947007,1.3,12.1,4.500000000000001,4.032369030731197,1.2,12.1,-10.799999999999999,-3.6000000000000005
2020-08-13 13:00:00,5.2,13,3,13,8,2020,3,33,0,-0.2588190451025208,-0.9659258262890683,0.43388373911755823,-0.900968867902419,-0.8660254037844385,-0.5000000000000004,1.3,12.1,4.9,4.5,0.466666666666667,6.2,5.469003565550126,1.3,12.1,4.616666666666668,4.04248273548159,1.2,12.1,3.9000000000000004,-6.8999999999999995
2020-08-14 11:00:00,13.3,11,4,14,8,2020,3,33,0,0.258819045102521,-0.9659258262890682,-0.433883739117558,-0.9009688679024191,-0.8660254037844385,-0.5000000000000004,5.2,1.3,12.1,1.2,0.8,6.600000000000001,6.121274377121156,1.3,13.3,6.633333333333334,4.920027100196371,1.3,13.3,8.100000000000001,12.0
2020-08-15 08:00:00,1.33333333333333,8,5,15,8,2020,3,33,1,0.8660254037844387,-0.4999999999999998,-0.9749279121818236,-0.2225209339563146,-0.8660254037844385,-0.5000000000000004,13.3,5.2,1.3,3.0,4.7,6.611111111111111,6.106857105230457,1.33333333333333,13.3,6.355555555555555,5.2049833671061725,1.3,13.3,-11.96666666666667,-3.8666666666666702
2020-08-17 07:00:00,0.85,7,0,17,8,2020,3,34,0,0.9659258262890683,-0.25881904510252063,0.0,1.0,-0.8660254037844385,-0.5000000000000004,1.33333333333333,13.3,5.2,4.9,1.1,5.1611111111111105,7.052626251052655,0.85,13.3,5.680555555555556,5.673059302691266,0.85,13.3,-0.48333333333332995,-12.450000000000001
2020-08-20 10:00:00,4.53333333333333,10,3,20,8,2020,3,34,0,0.49999999999999994,-0.8660254037844387,0.43388373911755823,-0.900968867902419,-0.8660254037844385,-0.5000000000000004,0.85,1.33333333333333,13.3,12.1,3.3,2.238888888888887,2.001689101548791,0.85,4.53333333333333,4.419444444444444,4.7219160031433,0.85,13.3,3.6833333333333296,3.1999999999999997
2020-08-21 11:00:00,1.4,11,4,21,8,2020,3,34,0,0.258819045102521,-0.9659258262890682,-0.433883739117558,-0.9009688679024191,-0.8660254037844385,-0.5000000000000004,4.53333333333333,0.85,1.33333333333333,1.3,1.9,2.2611111111111106,1.9869248527235033,0.85,4.53333333333333,4.436111111111111,4.708861818914385,0.85,13.3,-3.1333333333333298,0.5499999999999999
2020-08-22 08:00:00,2.33333333333333,8,5,22,8,2020,3,34,1,0.8660254037844387,-0.4999999999999998,-0.9749279121818236,-0.2225209339563146,-0.8660254037844385,-0.5000000000000004,1.4,4.53333333333333,0.85,5.2,4.5,2.755555555555554,1.6087722486878304,1.4,4.53333333333333,3.9583333333333326,4.76099604424677,0.85,13.3,0.93333333333333,-2.1999999999999997
2020-08-26 10:00:00,25.6,10,2,26,8,2020,3,35,0,0.49999999999999994,-0.8660254037844387,0.9749279121818236,-0.22252093395631434,-0.8660254037844385,-0.5000000000000004,2.33333333333333,1.4,4.53333333333333,13.3,1.2,9.777777777777779,13.710390760835917,1.4,25.6,6.008333333333333,9.687263975619402,0.85,25.6,23.266666666666673,24.200000000000003
2020-08-28 12:00:00,1.46666666666667,12,4,28,8,2020,3,35,0,1.2246467991473532e-16,-1.0,-0.433883739117558,-0.9009688679024191,-0.8660254037844385,-0.5000000000000004,25.6,2.33333333333333,1.4,1.33333333333333,3.0,9.800000000000002,13.69006127735657,1.46666666666667,25.6,6.030555555555556,9.674539418647434,0.85,25.6,-24.133333333333333,-0.86666666666666
2020-08-28 16:00:00,0.466666666666667,16,4,28,8,2020,3,35,0,-0.8660254037844385,-0.5000000000000004,-0.433883739117558,-0.9009688679024191,-0.8660254037844385,-0.5000000000000004,1.46666666666667,25.6,2.33333333333333,0.85,4.9,9.17777777777778,14.230848078629643,0.466666666666667,25.6,5.966666666666668,9.716766723327035,0.466666666666667,25.6,-1.0000000000000029,-25.133333333333333
2020-08-28 19:00:00,1.2,19,4,28,8,2020,3,35,0,-0.9659258262890684,0.2588190451025203,-0.433883739117558,-0.9009688679024191,-0.8660254037844385,-0.5000000000000004,0.466666666666667,1.46666666666667,25.6,4.53333333333333,12.1,1.0444444444444467,0.517830231010214,0.466666666666667,1.46666666666667,5.411111111111112,9.90850738095898,0.466666666666667,25.6,0.733333333333333,-0.26666666666666994
2020-08-29 09:00:00,0.9,9,5,29,8,2020,3,35,1,0.7071067811865476,-0.7071067811865475,-0.9749279121818236,-0.2225209339563146,-0.8660254037844385,-0.5000000000000004,1.2,0.466666666666667,1.46666666666667,1.4,1.3,0.8555555555555568,0.3686813338451876,0.466666666666667,1.2,5.327777777777779,9.951000321947914,0.466666666666667,25.6,-0.29999999999999993,0.433333333333333
2020-08-30 09:00:00,3.2,9,6,30,8,2020,3,35,1,0.7071067811865476,-0.7071067811865475,-0.7818314824680299,0.6234898018587334,-0.8660254037844385,-0.5000000000000004,0.9,1.2,0.466666666666667,2.33333333333333,5.2,1.7666666666666677,1.250333288900716,0.9,3.2,5.472222222222224,9.905024912564258,0.466666666666667,25.6,2.3000000000000003,2.0
2020-08-30 17:00:00,2.06666666666667,17,6,30,8,2020,3,35,1,-0.9659258262890683,-0.25881904510252063,-0.7818314824680299,0.6234898018587334,-0.8660254037844385,-0.5000000000000004,3.2,0.9,1.2,25.6,13.3,2.0555555555555576,1.1500402569443133,0.9,3.2,1.5500000000000025,0.9710818709048611,0.466666666666667,3.2,-1.1333333333333302,1.16666666666667
2020-09-02 07:00:00,0.91,7,2,2,9,2020,3,36,0,0.9659258262890683,-0.25881904510252063,0.9749279121818236,-0.22252093395631434,-1.0,-1.8369701987210297e-16,2.06666666666667,3.2,0.9,1.46666666666667,1.33333333333333,2.0588888888888914,1.1450198122173783,0.91,3.2,1.4572222222222238,1.0065792824472088,0.466666666666667,3.2,-1.1566666666666698,-2.29
2020-09-06 14:00:00,1.8,14,6,6,9,2020,3,36,1,-0.4999999999999997,-0.8660254037844388,-0.7818314824680299,0.6234898018587334,-1.0,-1.8369701987210297e-16,0.91,2.06666666666667,3.2,0.466666666666667,0.85,1.5922222222222244,0.6056799056829408,0.91,2.06666666666667,1.679444444444446,0.8838562393579269,0.9,3.2,0.89,-0.26666666666666994
2020-09-15 12:00:00,3.33333333333333,12,1,15,9,2020,3,38,0,1.2246467991473532e-16,-1.0,0.7818314824680298,0.6234898018587336,-1.0,-1.8369701987210297e-16,1.8,0.91,2.06666666666667,1.2,4.53333333333333,2.0144444444444445,1.2258164323934766,0.91,3.33333333333333,2.0350000000000015,1.0632941476583635,0.9,3.33333333333333,1.5333333333333299,2.42333333333333
2020-09-16 15:00:00,10.2,15,2,16,9,2020,3,38,0,-0.7071067811865471,-0.7071067811865479,0.9749279121818236,-0.22252093395631434,-1.0,-1.8369701987210297e-16,3.33333333333333,1.8,0.91,0.9,1.4,5.111111111111111,4.473295247395408,1.8,10.2,3.585000000000001,3.365025177386422,0.91,10.2,6.866666666666669,8.399999999999999
2020-09-19 10:00:00,22.2,10,5,19,9,2020,3,38,1,0.49999999999999994,-0.8660254037844387,-0.9749279121818236,-0.2225209339563146,-1.0,-1.8369701987210297e-16,10.2,3.33333333333333,1.8,3.2,2.33333333333333,11.911111111111111,9.549015850007986,3.33333333333333,22.2,6.751666666666668,8.280341847478953,0.91,22.2,12.0,18.86666666666667
2020-09-24 09:00:00,2.0,9,3,24,9,2020,3,39,0,0.7071067811865476,-0.7071067811865475,0.43388373911755823,-0.900968867902419,-1.0,-1.8369701987210297e-16,22.2,10.2,3.33333333333333,2.06666666666667,25.6,11.466666666666669,10.159396307524052,2.0,22.2,6.740555555555557,8.287927074074991,0.91,22.2,-20.2,-8.2
2020-09-26 17:00:00,4.73333333333333,17,5,26,9,2020,3,39,1,-0.9659258262890683,-0.25881904510252063,-0.9749279121818236,-0.2225209339563146,-1.0,-1.8369701987210297e-16,2.0,22.2,10.2,0.91,1.46666666666667,9.644444444444444,10.958980758230178,2.0,22.2,7.377777777777777,7.887279961126348,1.8,22.2,2.73333333333333,-17.46666666666667
2020-09-27 17:00:00,1.26666666666667,17,6,27,9,2020,3,39,1,-0.9659258262890683,-0.25881904510252063,-0.7818314824680299,0.6234898018587334,-1.0,-1.8369701987210297e-16,4.73333333333333,2.0,22.2,1.8,0.466666666666667,2.666666666666668,1.8269586141392928,1.26666666666667,4.73333333333333,7.288888888888889,7.965332291782846,1.26666666666667,22.2,-3.4666666666666597,-0.7333333333333301
2020-09-28 10:00:00,0.7,10,0,28,9,2020,3,40,0,0.49999999999999994,-0.8660254037844387,0.0,1.0,-1.0,-1.8369701987210297e-16,1.26666666666667,4.73333333333333,2.0,3.33333333333333,1.2,2.2333333333333343,2.183524164688306,0.7,4.73333333333333,6.850000000000001,8.292694241184696,0.7,22.2,-0.56666666666667,-4.03333333333333
2020-09-28 15:00:00,1.3,15,0,28,9,2020,3,40,0,-0.7071067811865471,-0.7071067811865479,0.0,1.0,-1.0,-1.8369701987210297e-16,0.7,1.26666666666667,4.73333333333333,10.2,0.9,1.0888888888888912,0.3371997978998496,0.7,1.3,5.366666666666667,8.36925590745345,0.7,22.2,0.6000000000000001,0.033333333333330106
2020-09-28 18:00:00,1.33333333333333,18,0,28,9,2020,3,40,0,-1.0,-1.8369701987210297e-16,0.0,1.0,-1.0,-1.8369701987210297e-16,1.3,0.7,1.26666666666667,22.2,3.2,1.111111111111111,0.35642255405211315,0.7,1.33333333333333,1.8888888888888902,1.4532211985282537,0.7,4.73333333333333,0.033333333333329884,0.63333333333333
2020-09-29 12:00:00,13.3,12,1,29,9,2020,3,40,0,1.2246467991473532e-16,-1.0,0.7818314824680298,0.6234898018587336,-1.0,-1.8369701987210297e-16,1.33333333333333,1.3,0.7,2.0,2.06666666666667,5.311111111111111,6.91860080052586,1.3,13.3,3.7722222222222235,4.88832698791118,0.7,13.3,11.96666666666667,12.0
2020-09-29 15:00:00,1.0,15,1,29,9,2020,3,40,0,-0.7071067811865471,-0.7071067811865479,0.7818314824680298,0.6234898018587336,-1.0,-1.8369701987210297e-16,13.3,1.33333333333333,1.3,4.73333333333333,0.91,5.211111111111111,7.007165644564884,1.0,13.3,3.150000000000002,4.97829734391634,0.7,13.3,-12.3,-0.33333333333332993
2020-09-30 08:00:00,1.23333333333333,8,2,30,9,2020,3,40,0,0.8660254037844387,-0.4999999999999998,0.9749279121818236,-0.22252093395631434,-1.0,-1.8369701987210297e-16,1.0,13.3,1.33333333333333,1.26666666666667,1.8,5.177777777777778,7.0350182289374,1.0,13.3,3.1444444444444453,4.9808373533714985,0.7,13.3,0.23333333333333006,-12.06666666666667
2020-10-01 01:00:00,0.00333333333333333,1,3,1,10,2020,4,40,0,0.25881904510252074,0.9659258262890683,0.43388373911755823,-0.900968867902419,-0.8660254037844386,0.5000000000000001,1.23333333333333,1.0,13.3,0.7,3.33333333333333,0.7455555555555556,0.6532851456151985,0.00333333333333333,1.23333333333333,3.028333333333334,5.056759502553659,0.00333333333333333,13.3,-1.2299999999999967,-0.9966666666666667
2020-10-08 11:00:00,1.6,11,3,8,10,2020,4,41,0,0.258819045102521,-0.9659258262890682,0.43388373911755823,-0.900968867902419,-0.8660254037844386,0.5000000000000001,0.00333333333333333,1.23333333333333,1.0,1.3,10.2,0.9455555555555556,0.83633016694852,0.00333333333333333,1.6,3.0783333333333345,5.037699541126557,0.00333333333333333,13.3,1.5966666666666667,0.36666666666667
2020-10-08 17:00:00,4.93333333333333,17,3,8,10,2020,4,41,0,-0.9659258262890683,-0.25881904510252063,0.43388373911755823,-0.900968867902419,-0.8660254037844386,0.5000000000000001,1.6,0.00333333333333333,1.23333333333333,1.33333333333333,22.2,2.178888888888889,2.515464024640235,0.00333333333333333,4.93333333333333,3.6783333333333346,5.002561010789045,0.00333333333333333,13.3,3.33333333333333,4.929999999999997
2020-10-12 10:00:00,12.8,10,0,12,10,2020,4,42,0,0.49999999999999994,-0.8660254037844387,0.0,1.0,-0.8660254037844386,0.5000000000000001,4.93333333333333,1.6,0.00333333333333333,13.3,2.0,6.4444444444444455,5.750877549782521,1.6,12.8,3.595000000000001,4.8107120055143655,0.00333333333333333,12.8,7.866666666666671,11.200000000000001
2020-10-12 11:00:00,5.73333333333333,11,0,12,10,2020,4,42,0,0.258819045102521,-0.9659258262890682,0.0,1.0,-0.8660254037844386,0.5000000000000001,12.8,4.93333333333333,1.6,1.0,4.73333333333333,7.822222222222222,4.329399924204709,4.93333333333333,12.8,4.383888888888889,4.686557806543533,0.00333333333333333,12.8,-7.066666666666671,0.7999999999999998
2020-10-12 12:00:00,4.8,12,0,12,10,2020,4,42,0,1.2246467991473532e-16,-1.0,0.0,1.0,-0.8660254037844386,0.5000000000000001,5.73333333333333,12.8,4.93333333333333,1.23333333333333,1.26666666666667,7.777777777777779,4.374335928437006,4.8,12.8,4.978333333333334,4.425970703322235,0.00333333333333333,12.8,-0.93333333333333,-8.0
2020-10-13 11:00:00,0.433333333333333,11,1,13,10,2020,4,42,0,0.258819045102521,-0.9659258262890682,0.7818314824680298,0.6234898018587336,-0.8660254037844386,0.5000000000000001,4.8,5.73333333333333,12.8,0.00333333333333333,0.7,3.6555555555555554,2.8292781437700345,0.433333333333333,5.73333333333333,5.050000000000001,4.331781773512302,0.433333333333333,12.8,-4.366666666666667,-5.299999999999997
2020-10-16 07:00:00,0.316666666666667,7,4,16,10,2020,4,42,0,0.9659258262890683,-0.25881904510252063,-0.433883739117558,-0.9009688679024191,-0.8660254037844386,0.5000000000000001,0.433333333333333,4.8,5.73333333333333,1.6,1.3,1.8500000000000012,2.555440818680365,0.316666666666667,4.8,4.836111111111112,4.561778608621217,0.316666666666667,12.8,-0.11666666666666603,-4.4833333333333325
2020-10-16 08:00:00,1.93333333333333,8,4,16,10,2020,4,42,0,0.8660254037844387,-0.4999999999999998,-0.433883739117558,-0.9009688679024191,-0.8660254037844386,0.5000000000000001,0.316666666666667,0.433333333333333,4.8,4.93333333333333,1.33333333333333,0.8944444444444445,0.9015932399759681,0.316666666666667,1.93333333333333,4.336111111111112,4.710961410095338,0.316666666666667,12.8,1.6166666666666631,1.499999999999997
2020-10-16 13:00:00,22.1,13,4,16,10,2020,4,42,0,-0.2588190451025208,-0.9659258262890683,-0.433883739117558,-0.9009688679024191,-0.8660254037844386,0.5000000000000001,1.93333333333333,0.316666666666667,0.433333333333333,12.8,13.3,8.116666666666667,12.136869905832855,0.316666666666667,22.1,5.886111111111113,8.251898210355852,0.316666666666667,22.1,20.16666666666667,21.783333333333335
2020-10-17 13:00:00,3.26666666666667,13,5,17,10,2020,4,42,1,-0.2588190451025208,-0.9659258262890683,-0.9749279121818236,-0.2225209339563146,-0.8660254037844386,0.5000000000000001,22.1,1.93333333333333,0.316666666666667,5.73333333333333,1.0,9.100000000000001,11.278051447144781,1.93333333333333,22.1,5.475000000000002,8.322177532886988,0.316666666666667,22.1,-18.833333333333332,1.3333333333333401
2020-10-20 12:00:00,13.2,12,1,20,10,2020,4,43,0,1.2246467991473532e-16,-1.0,0.7818314824680298,0.6234898018587336,-0.8660254037844386,0.5000000000000001,3.26666666666667,22.1,1.93333333333333,4.8,1.23333333333333,12.85555555555556,9.421390162422561,3.26666666666667,22.1,6.875000000000003,8.874155671887268,0.316666666666667,22.1,9.93333333333333,-8.900000000000002
2020-10-22 07:00:00,1.23333333333333,7,3,22,10,2020,4,43,0,0.9659258262890683,-0.25881904510252063,0.43388373911755823,-0.900968867902419,-0.8660254037844386,0.5000000000000001,13.2,3.26666666666667,22.1,0.433333333333333,0.00333333333333333,5.900000000000001,6.403211000046083,1.23333333333333,13.2,7.008333333333334,8.763331114491926,0.316666666666667,22.1,-11.966666666666669,-2.0333333333333403
2020-10-25 08:00:00,1.38333333333333,8,6,25,10,2020,4,43,1,0.8660254037844387,-0.4999999999999998,-0.7818314824680299,0.6234898018587334,-0.8660254037844386,0.5000000000000001,1.23333333333333,13.2,3.26666666666667,0.316666666666667,1.6,5.272222222222221,6.866066586508642,1.23333333333333,13.2,7.186111111111113,8.609906546574173,1.23333333333333,22.1,0.1499999999999999,-11.81666666666667
2020-10-30 09:00:00,1.06666666666667,9,4,30,10,2020,4,44,0,0.7071067811865476,-0.7071067811865475,-0.433883739117558,-0.9009688679024191,-0.8660254037844386,0.5000000000000001,1.38333333333333,1.23333333333333,13.2,1.93333333333333,4.93333333333333,1.2277777777777779,0.15840641588215093,1.06666666666667,1.38333333333333,7.041666666666669,8.722192321250944,1.06666666666667,22.1,-0.31666666666666,-0.16666666666666008
2020-10-30 10:00:00,2.93333333333333,10,4,30,10,2020,4,44,0,0.49999999999999994,-0.8660254037844387,-0.433883739117558,-0.9009688679024191,-0.8660254037844386,0.5000000000000001,1.06666666666667,1.38333333333333,1.23333333333333,22.1,12.8,1.7944444444444445,0.9989346176654424,1.06666666666667,2.93333333333333,3.8472222222222237,4.67506882500339,1.06666666666667,13.2,1.86666666666666,1.55
2020-10-31 09:00:00,0.7,9,5,31,10,2020,4,44,1,0.7071067811865476,-0.7071067811865475,-0.9749279121818236,-0.2225209339563146,-0.8660254037844386,0.5000000000000001,2.93333333333333,1.06666666666667,1.38333333333333,3.26666666666667,5.73333333333333,1.566666666666668,1.197682948214792,0.7,2.93333333333333,3.4194444444444456,4.852861889495576,0.7,13.2,-2.23333333333333,-0.36666666666667
2020-10-31 12:00:00,1.06666666666667,12,5,31,10,2020,4,44,1,1.2246467991473532e-16,-1.0,-0.9749279121818236,-0.2225209339563146,-0.8660254037844386,0.5000000000000001,0.7,2.93333333333333,1.06666666666667,13.2,4.8,1.566666666666668,1.197682948214792,0.7,2.93333333333333,1.397222222222224,0.7863005268461755,0.7,2.93333333333333,0.36666666666667,-1.86666666666666
2020-10-31 15:00:00,0.766666666666667,15,5,31,10,2020,4,44,1,-0.7071067811865471,-0.7071067811865479,-0.9749279121818236,-0.2225209339563146,-0.8660254037844386,0.5000000000000001,1.06666666666667,0.7,2.93333333333333,1.23333333333333,0.433333333333333,0.8444444444444468,0.19531550923617494,0.7,1.06666666666667,1.3194444444444469,0.8277423556925559,0.7,2.93333333333333,-0.30000000000000293,0.0666666666666671
2020-11-01 01:00:00,0.00333333333333333,1,6,1,11,2020,4,44,1,0.25881904510252074,0.9659258262890683,-0.7818314824680299,0.6234898018587334,-0.5000000000000004,0.8660254037844384,0.766666666666667,1.06666666666667,0.7,1.38333333333333,0.316666666666667,0.6122222222222247,0.5482328513134709,0.00333333333333333,1.06666666666667,1.0894444444444475,0.9835094004333643,0.00333333333333333,2.93333333333333,-0.7633333333333338,-1.0633333333333366
2020-11-01 03:00:00,4.1,3,6,1,11,2020,4,44,1,0.7071067811865476,0.7071067811865476,-0.7818314824680299,0.6234898018587334,-0.5000000000000004,0.8660254037844384,0.00333333333333333,0.766666666666667,1.06666666666667,1.06666666666667,1.93333333333333,1.6233333333333346,2.1785494664518903,0.00333333333333333,4.1,1.5950000000000024,1.572632259055586,0.00333333333333333,4.1,4.096666666666667,3.3333333333333326
2020-11-02 09:00:00,0.3,9,0,2,11,2020,4,45,0,0.7071067811865476,-0.7071067811865475,0.0,1.0,-0.5000000000000004,0.8660254037844384,4.1,0.00333333333333333,0.766666666666667,2.93333333333333,22.1,1.467777777777779,2.2843922929628757,0.00333333333333333,4.1,1.156111111111114,1.4896985775155687,0.00333333333333333,4.1,-3.8,0.29666666666666663
2020-11-02 11:00:00,0.5,11,0,2,11,2020,4,45,0,0.258819045102521,-0.9659258262890682,0.0,1.0,-0.5000000000000004,0.8660254037844384,0.3,4.1,0.00333333333333333,0.7,3.26666666666667,1.6333333333333344,2.138535324312734,0.3,4.1,1.1227777777777808,1.5041134955206885,0.00333333333333333,4.1,0.2,-3.5999999999999996
2020-11-02 14:00:00,1.4,14,0,2,11,2020,4,45,0,-0.4999999999999997,-0.8660254037844388,0.0,1.0,-0.5000000000000004,0.8660254037844384,0.5,0.3,4.1,1.06666666666667,13.2,0.7333333333333346,0.5859465277082642,0.3,1.4,1.1783333333333357,1.5077779824776925,0.00333333333333333,4.1,0.8999999999999999,1.0999999999999999
2020-11-02 16:00:00,4.86666666666667,16,0,2,11,2020,4,45,0,-0.8660254037844385,-0.5000000000000004,0.0,1.0,-0.5000000000000004,0.8660254037844384,1.4,0.5,0.3,0.766666666666667,1.23333333333333,2.2555555555555578,2.3056291822246644,0.5,4.86666666666667,1.8616666666666697,2.0976004809729227,0.00333333333333333,4.86666666666667,3.46666666666667,4.36666666666667
2020-11-03 11:00:00,1.66666666666667,11,1,3,11,2020,4,45,0,0.258819045102521,-0.9659258262890682,0.7818314824680298,0.6234898018587336,-0.5000000000000004,0.8660254037844384,4.86666666666667,1.4,0.5,0.00333333333333333,1.38333333333333,2.644444444444448,1.9291141701520742,1.4,4.86666666666667,2.1388888888888924,1.9038460099571308,0.3,4.86666666666667,-3.1999999999999997,0.26666666666667016
2020-11-04 14:00:00,0.833333333333333,14,2,4,11,2020,4,45,0,-0.4999999999999997,-0.8660254037844388,0.9749279121818236,-0.22252093395631434,-0.5000000000000004,0.8660254037844384,1.66666666666667,4.86666666666667,1.4,4.1,1.06666666666667,2.455555555555559,2.1292495635091133,0.833333333333333,4.86666666666667,1.5944444444444479,1.6854167525065396,0.3,4.86666666666667,-0.833333333333337,-4.033333333333337
2020-11-04 15:00:00,24.7,15,2,4,11,2020,4,45,0,-0.7071067811865471,-0.7071067811865479,0.9749279121818236,-0.22252093395631434,-0.5000000000000004,0.8660254037844384,0.833333333333333,1.66666666666667,4.86666666666667,0.3,2.93333333333333,9.066666666666668,13.545273878532115,0.833333333333333,24.7,5.661111111111114,9.456929655999273,0.5,24.7,23.866666666666667,23.033333333333328
2020-11-05 07:00:00,1.4,7,3,5,11,2020,4,45,0,0.9659258262890683,-0.25881904510252063,0.43388373911755823,-0.900968867902419,-0.5000000000000004,0.8660254037844384,24.7,0.833333333333333,1.66666666666667,0.5,0.7,8.977777777777778,13.618791483882903,0.833333333333333,24.7,5.8111111111111144,9.365389394922058,0.833333333333333,24.7,-23.3,0.5666666666666669
2020-11-05 08:00:00,1.23333333333333,8,3,5,11,2020,4,45,0,0.8660254037844387,-0.4999999999999998,0.43388373911755823,-0.900968867902419,-0.5000000000000004,0.8660254037844384,1.4,24.7,0.833333333333333,1.4,1.06666666666667,9.11111111111111,13.500630986625664,1.23333333333333,24.7,5.783333333333336,9.381323052865318,0.833333333333333,24.7,-0.16666666666666985,-23.46666666666667
2020-11-05 11:00:00,15.4,11,3,5,11,2020,4,45,0,0.258819045102521,-0.9659258262890682,0.43388373911755823,-0.900968867902419,-0.5000000000000004,0.8660254037844384,1.23333333333333,1.4,24.7,4.86666666666667,0.766666666666667,6.01111111111111,8.13144331409685,1.23333333333333,15.4,7.538888888888891,10.131083449061698,0.833333333333333,24.7,14.16666666666667,14.0
2020-11-06 14:00:00,14.0,14,4,6,11,2020,4,45,0,-0.4999999999999997,-0.8660254037844388,-0.433883739117558,-0.9009688679024191,-0.5000000000000004,0.8660254037844384,15.4,1.23333333333333,1.4,1.66666666666667,0.00333333333333333,10.21111111111111,7.806431346676302,1.23333333333333,15.4,9.594444444444447,9.950933326782675,0.833333333333333,24.7,-1.4000000000000004,12.76666666666667
2020-11-09 11:00:00,4.0,11,0,9,11,2020,4,46,0,0.258819045102521,-0.9659258262890682,0.0,1.0,-0.5000000000000004,0.8660254037844384,14.0,15.4,1.23333333333333,0.833333333333333,4.1,11.133333333333335,6.217180497084938,4.0,15.4,10.122222222222225,9.46546158213972,1.23333333333333,24.7,-10.0,-11.4
2020-11-13 08:00:00,1.23333333333333,8,4,13,11,2020,4,46,0,0.8660254037844387,-0.4999999999999998,-0.433883739117558,-0.9009688679024191,-0.5000000000000004,0.8660254037844384,4.0,14.0,15.4,24.7,0.3,6.411111111111111,6.716177263669941,1.23333333333333,14.0,6.211111111111112,6.673751790631939,1.23333333333333,15.4,-2.76666666666667,-12.76666666666667
2020-11-13 09:00:00,2.33333333333333,9,4,13,11,2020,4,46,0,0.7071067811865476,-0.7071067811865475,-0.433883739117558,-0.9009688679024191,-0.5000000000000004,0.8660254037844384,1.23333333333333,4.0,14.0,1.4,0.5,2.5222222222222213,1.3929717765878784,1.23333333333333,4.0,6.366666666666667,6.548893036231394,1.23333333333333,15.4,1.0999999999999999,-1.66666666666667
2020-11-13 10:00:00,3.0,10,4,13,11,2020,4,46,0,0.49999999999999994,-0.8660254037844387,-0.433883739117558,-0.9009688679024191,-0.5000000000000004,0.8660254037844384,2.33333333333333,1.23333333333333,4.0,1.23333333333333,1.4,2.1888888888888878,0.8921468073842699,1.23333333333333,3.0,6.661111111111111,6.307188726336771,1.23333333333333,15.4,0.6666666666666701,1.76666666666667
2020-11-27 09:00:00,2.2,9,4,27,11,2020,4,48,0,0.7071067811865476,-0.7071067811865475,-0.433883739117558,-0.9009688679024191,-0.5000000000000004,0.8660254037844384,3.0,2.33333333333333,1.23333333333333,15.4,4.86666666666667,2.5111111111111115,0.4286067004885944,2.2,3.0,4.461111111111112,4.762278477398853,1.23333333333333,14.0,-0.7999999999999998,-0.13333333333332975
2020-12-01 01:00:00,0.00333333333333333,1,1,1,12,2020,4,49,0,0.25881904510252074,0.9659258262890683,0.7818314824680298,0.6234898018587336,-2.4492935982947064e-16,1.0,2.2,3.0,2.33333333333333,14.0,1.66666666666667,1.7344444444444456,1.5516311608302014,0.00333333333333333,3.0,2.1283333333333347,1.3875698180632394,0.00333333333333333,4.0,-2.1966666666666668,-2.9966666666666666
2020-12-07 08:00:00,2.1,8,0,7,12,2020,4,50,0,0.8660254037844387,-0.4999999999999998,0.0,1.0,-2.4492935982947064e-16,1.0,0.00333333333333333,2.2,3.0,4.0,0.833333333333333,1.4344444444444457,1.240386737779504,0.00333333333333333,2.2,1.811666666666668,1.050975737112923,0.00333333333333333,3.0,2.0966666666666667,-0.10000000000000009
2020-12-08 08:00:00,0.35,8,1,8,12,2020,4,50,0,0.8660254037844387,-0.4999999999999998,0.7818314824680298,0.6234898018587336,-2.4492935982947064e-16,1.0,2.1,0.00333333333333333,2.2,1.23333333333333,24.7,0.817777777777779,1.1238838084138583,0.00333333333333333,2.1,1.6644444444444462,1.1995585607800863,0.00333333333333333,3.0,-1.75,0.3466666666666666
2020-12-08 11:00:00,1.6,11,1,8,12,2020,4,50,0,0.258819045102521,-0.9659258262890682,0.7818314824680298,0.6234898018587336,-2.4492935982947064e-16,1.0,0.35,2.1,0.00333333333333333,2.33333333333333,1.4,1.3500000000000014,0.9013878188660088,0.35,2.1,1.5422222222222246,1.154280279205625,0.00333333333333333,3.0,1.25,-0.5
2020-12-08 20:00:00,3.0,20,1,8,12,2020,4,50,0,-0.8660254037844386,0.5000000000000001,0.7818314824680298,0.6234898018587336,-2.4492935982947064e-16,1.0,1.6,0.35,2.1,3.0,1.23333333333333,1.6500000000000012,1.3257073583562924,0.35,3.0,1.5422222222222246,1.154280279205625,0.00333333333333333,3.0,1.4,2.65
2020-12-09 10:00:00,1.73333333333333,10,2,9,12,2020,4,50,0,0.49999999999999994,-0.8660254037844387,0.9749279121818236,-0.22252093395631434,-2.4492935982947064e-16,1.0,3.0,1.6,0.35,2.2,15.4,2.111111111111111,0.7726817178095099,1.6,3.0,1.4644444444444462,1.1161872934566701,0.00333333333333333,3.0,-1.26666666666667,0.13333333333332997
2020-12-09 11:00:00,0.4,11,2,9,12,2020,4,50,0,0.258819045102521,-0.9659258262890682,0.9749279121818236,-0.22252093395631434,-2.4492935982947064e-16,1.0,1.73333333333333,3.0,1.6,0.00333333333333333,14.0,1.7111111111111112,1.3001424423386803,0.4,3.0,1.5305555555555574,1.019935546257003,0.35,3.0,-1.33333333333333,-2.6
2020-12-12 12:00:00,4.8,12,5,12,12,2020,4,50,1,1.2246467991473532e-16,-1.0,-0.9749279121818236,-0.2225209339563146,-2.4492935982947064e-16,1.0,0.4,1.73333333333333,3.0,2.1,4.0,2.3111111111111113,2.2561849149328137,0.4,4.8,1.9805555555555572,1.694186683491099,0.35,4.8,4.3999999999999995,3.06666666666667
2020-12-16 04:00:00,1.3,4,2,16,12,2020,4,51,0,0.8660254037844386,0.5000000000000001,0.9749279121818236,-0.22252093395631434,-2.4492935982947064e-16,1.0,4.8,0.4,1.73333333333333,0.35,1.23333333333333,2.166666666666668,2.3245071162148223,0.4,4.8,2.1388888888888906,1.5495399556236442,0.4,4.8,-3.5,0.9
2020-12-18 10:00:00,26.9,10,4,18,12,2020,4,51,0,0.49999999999999994,-0.8660254037844387,-0.433883739117558,-0.9009688679024191,-2.4492935982947064e-16,1.0,1.3,4.8,0.4,1.6,2.33333333333333,11.0,13.880561948278606,1.3,26.9,6.355555555555557,10.179842100208884,0.4,26.9,25.599999999999998,22.099999999999998
2020-12-19 10:00:00,3.16666666666667,10,5,19,12,2020,4,51,1,0.49999999999999994,-0.8660254037844387,-0.9749279121818236,-0.2225209339563146,-2.4492935982947064e-16,1.0,26.9,1.3,4.8,3.0,3.0,10.455555555555557,14.271857830216984,1.3,26.9,6.3833333333333355,10.169076217194517,0.4,26.9,-23.733333333333327,1.86666666666667
2020-12-19 11:00:00,18.2,11,5,19,12,2020,4,51,1,0.258819045102521,-0.9659258262890682,-0.9749279121818236,-0.2225209339563146,-2.4492935982947064e-16,1.0,3.16666666666667,26.9,1.3,1.73333333333333,2.2,16.08888888888889,12.006680239365513,3.16666666666667,26.9,9.12777777777778,10.861581973311392,0.4,26.9,15.03333333333333,-8.7
2020-12-21 08:00:00,1.23333333333333,8,0,21,12,2020,4,52,0,0.8660254037844387,-0.4999999999999998,0.0,1.0,-2.4492935982947064e-16,1.0,18.2,3.16666666666667,26.9,0.4,0.00333333333333333,7.533333333333334,9.288044884569507,1.23333333333333,18.2,9.266666666666667,10.732215262677341,1.23333333333333,26.9,-16.96666666666667,-1.93333333333334
2020-12-22 12:00:00,4.8,12,1,22,12,2020,4,52,0,1.2246467991473532e-16,-1.0,0.7818314824680298,0.6234898018587336,-2.4492935982947064e-16,1.0,1.23333333333333,18.2,3.16666666666667,4.8,2.1,8.077777777777776,8.945658992763743,1.23333333333333,18.2,9.26666666666667,10.732215262677341,1.23333333333333,26.9,3.56666666666667,-13.399999999999999
2020-12-24 15:00:00,0.9,15,3,24,12,2020,4,52,0,-0.7071067811865471,-0.7071067811865479,0.43388373911755823,-0.900968867902419,-2.4492935982947064e-16,1.0,4.8,1.23333333333333,18.2,1.3,0.35,2.31111111111111,2.161875043498972,0.9,4.8,9.200000000000001,10.792672411306564,0.9,26.9,-3.9,-0.33333333333333004
2020-12-25 09:00:00,1.5,9,4,25,12,2020,4,52,0,0.7071067811865476,-0.7071067811865475,-0.433883739117558,-0.9009688679024191,-2.4492935982947064e-16,1.0,0.9,4.8,1.23333333333333,26.9,1.6,2.4,2.0999999999999943,0.9,4.8,4.9666666666666694,6.646536274214151,0.9,18.2,0.6,-3.3
2020-12-26 10:00:00,3.6,10,5,26,12,2020,4,52,1,0.49999999999999994,-0.8660254037844387,-0.9749279121818236,-0.2225209339563146,-2.4492935982947064e-16,1.0,1.5,0.9,4.8,3.16666666666667,3.0,2.0,1.4177446878757736,0.9,3.6,5.0388888888888905,6.625386082391036,0.9,18.2,2.1,2.7
2020-12-29 10:00:00,5.06666666666667,10,1,29,12,2020,4,53,0,0.49999999999999994,-0.8660254037844387,0.7818314824680298,0.6234898018587336,-2.4492935982947064e-16,1.0,3.6,1.5,0.9,18.2,1.73333333333333,3.3888888888888897,1.7926805916569986,1.5,5.06666666666667,2.8500000000000028,1.8717490335097164,0.9,5.06666666666667,1.46666666666667,3.56666666666667
2020-12-29 15:00:00,15.0,15,1,29,12,2020,4,53,0,-0.7071067811865471,-0.7071067811865479,0.7818314824680298,0.6234898018587336,-2.4492935982947064e-16,1.0,5.06666666666667,3.6,1.5,1.23333333333333,0.4,7.88888888888889,6.201911294407853,3.6,15.0,5.144444444444447,5.1174067506747924,0.9,15.0,9.93333333333333,11.4
2020-12-30 08:00:00,1.43333333333333,8,2,30,12,2020,4,53,0,0.8660254037844387,-0.4999999999999998,0.9749279121818236,-0.22252093395631434,-2.4492935982947064e-16,1.0,15.0,5.06666666666667,3.6,4.8,4.8,7.166666666666667,7.022899053176766,1.43333333333333,15.0,4.583333333333336,5.342356949678472,0.9,15.0,-13.56666666666667,-3.63333333333334
2020-12-30 16:00:00,3.16666666666667,16,2,30,12,2020,4,53,0,-0.8660254037844385,-0.5000000000000004,0.9749279121818236,-0.22252093395631434,-2.4492935982947064e-16,1.0,1.43333333333333,15.0,5.06666666666667,0.9,1.3,6.533333333333332,7.383389766526243,1.43333333333333,15.0,4.961111111111114,5.104656552454691,1.43333333333333,15.0,1.73333333333334,-11.83333333333333
2021-01-02 11:00:00,0.433333333333333,11,5,2,1,2021,1,53,1,0.258819045102521,-0.9659258262890682,-0.9749279121818236,-0.2225209339563146,0.49999999999999994,0.8660254037844387,3.16666666666667,1.43333333333333,15.0,1.5,26.9,1.6777777777777778,1.3829651451112557,0.433333333333333,3.16666666666667,4.783333333333336,5.265347936166136,0.433333333333333,15.0,-2.733333333333337,-0.999999999999997
2021-01-04 07:00:00,2.5,7,0,4,1,2021,1,1,0,0.9659258262890683,-0.25881904510252063,0.0,1.0,0.49999999999999994,0.8660254037844387,0.433333333333333,3.16666666666667,1.43333333333333,3.6,3.16666666666667,2.0333333333333345,1.425170555095464,0.433333333333333,3.16666666666667,4.600000000000002,5.333499997395924,0.433333333333333,15.0,2.066666666666667,-0.6666666666666701
2021-01-04 10:00:00,27.2,10,0,4,1,2021,1,1,0,0.49999999999999994,-0.8660254037844387,0.0,1.0,0.49999999999999994,0.8660254037844387,2.5,0.433333333333333,3.16666666666667,5.06666666666667,18.2,10.044444444444444,14.893038393578141,0.433333333333333,27.2,8.288888888888891,10.68761831210234,0.433333333333333,27.2,24.7,26.766666666666666
2021-01-05 17:00:00,3.93333333333333,17,1,5,1,2021,1,1,0,-0.9659258262890683,-0.25881904510252063,0.7818314824680298,0.6234898018587336,0.49999999999999994,0.8660254037844387,27.2,2.5,0.433333333333333,15.0,1.23333333333333,11.211111111111109,13.865317776273182,2.5,27.2,6.4444444444444455,10.243494774010736,0.433333333333333,27.2,-23.26666666666667,1.43333333333333
2021-01-06 16:00:00,12.5,16,2,6,1,2021,1,1,0,-0.8660254037844385,-0.5000000000000004,0.9749279121818236,-0.22252093395631434,0.49999999999999994,0.8660254037844387,3.93333333333333,27.2,2.5,1.43333333333333,4.8,14.544444444444443,11.767296174536414,3.93333333333333,27.2,8.288888888888891,10.156698209483167,0.433333333333333,27.2,8.56666666666667,-14.7
2021-01-07 16:00:00,4.93333333333333,16,3,7,1,2021,1,1,0,-0.8660254037844385,-0.5000000000000004,0.43388373911755823,-0.900968867902419,0.49999999999999994,0.8660254037844387,12.5,3.93333333333333,27.2,3.16666666666667,0.9,7.12222222222222,4.684054906848384,3.93333333333333,12.5,8.583333333333334,10.002949565003318,0.433333333333333,27.2,-7.56666666666667,1.0
2021-01-14 08:00:00,1.23333333333333,8,3,14,1,2021,1,2,0,0.8660254037844387,-0.4999999999999998,0.43388373911755823,-0.900968867902419,0.49999999999999994,0.8660254037844387,4.93333333333333,12.5,3.93333333333333,0.433333333333333,1.5,6.2222222222222205,5.74285385243003,1.23333333333333,12.5,8.716666666666667,9.877128462598161,1.23333333333333,27.2,-3.7,-11.26666666666667
2021-01-20 10:00:00,3.33333333333333,10,2,20,1,2021,1,3,0,0.49999999999999994,-0.8660254037844387,0.9749279121818236,-0.22252093395631434,0.49999999999999994,0.8660254037844387,1.23333333333333,4.93333333333333,12.5,2.5,3.6,3.166666666666663,1.8556220879622534,1.23333333333333,4.93333333333333,8.855555555555556,9.77758585670232,1.23333333333333,27.2,2.0999999999999996,-1.6
2021-01-22 08:00:00,1.5,8,4,22,1,2021,1,3,0,0.8660254037844387,-0.4999999999999998,-0.433883739117558,-0.9009688679024191,0.49999999999999994,0.8660254037844387,3.33333333333333,1.23333333333333,4.93333333333333,27.2,5.06666666666667,2.02222222222222,1.1432572051105123,1.23333333333333,3.33333333333333,4.572222222222222,4.135451965984258,1.23333333333333,12.5,-1.83333333333333,0.26666666666666994
2021-01-22 16:00:00,2.86666666666667,16,4,22,1,2021,1,3,0,-0.8660254037844385,-0.5000000000000004,-0.433883739117558,-0.9009688679024191,0.49999999999999994,0.8660254037844387,1.5,3.33333333333333,1.23333333333333,3.93333333333333,15.0,2.566666666666667,0.9527737285304619,1.5,3.33333333333333,4.394444444444446,4.1909647081770185,1.23333333333333,12.5,1.3666666666666698,-0.4666666666666601
2021-01-23 11:00:00,2.0,11,5,23,1,2021,1,3,1,0.258819045102521,-0.9659258262890682,-0.9749279121818236,-0.2225209339563146,0.49999999999999994,0.8660254037844387,2.86666666666667,1.5,3.33333333333333,12.5,1.43333333333333,2.122222222222223,0.6914825725556754,1.5,2.86666666666667,2.6444444444444457,1.3768993615555092,1.23333333333333,4.93333333333333,-0.8666666666666698,0.5
2021-01-23 16:00:00,5.06666666666667,16,5,23,1,2021,1,3,1,-0.8660254037844385,-0.5000000000000004,-0.9749279121818236,-0.2225209339563146,0.49999999999999994,0.8660254037844387,2.0,2.86666666666667,1.5,4.93333333333333,3.16666666666667,3.3111111111111136,1.580904569940679,2.0,5.06666666666667,2.666666666666669,1.4215797159811379,1.23333333333333,5.06666666666667,3.06666666666667,2.2
2021-01-27 10:00:00,2.0,10,2,27,1,2021,1,4,0,0.49999999999999994,-0.8660254037844387,0.9749279121818236,-0.22252093395631434,0.49999999999999994,0.8660254037844387,5.06666666666667,2.0,2.86666666666667,1.23333333333333,0.433333333333333,3.0222222222222235,1.7705408255148714,2.0,5.06666666666667,2.7944444444444474,1.2958766516518523,1.5,5.06666666666667,-3.06666666666667,0.0
2021-01-28 12:00:00,17.8,12,3,28,1,2021,1,4,0,1.2246467991473532e-16,-1.0,0.43388373911755823,-0.900968867902419,0.49999999999999994,0.8660254037844387,2.0,5.06666666666667,2.0,3.33333333333333,2.5,8.28888888888889,8.378367205908146,2.0,17.8,5.205555555555559,6.299079885777565,1.5,17.8,15.8,12.73333333333333
2021-01-29 16:00:00,1.66666666666667,16,4,29,1,2021,1,4,0,-0.8660254037844385,-0.5000000000000004,-0.433883739117558,-0.9009688679024191,0.49999999999999994,0.8660254037844387,17.8,2.0,5.06666666666667,1.5,27.2,7.155555555555558,9.219865830147745,1.66666666666667,17.8,5.233333333333338,6.279808914290314,1.66666666666667,17.8,-16.13333333333333,-0.33333333333332993
2021-01-31 10:00:00,4.46666666666667,10,6,31,1,2021,1,4,1,0.49999999999999994,-0.8660254037844387,-0.7818314824680299,0.6234898018587334,0.49999999999999994,0.8660254037844387,1.66666666666667,17.8,2.0,2.86666666666667,3.93333333333333,7.9777777777777805,8.62073297562551,1.66666666666667,17.8,5.500000000000004,6.192576200580828,1.66666666666667,17.8,2.8000000000000003,-13.33333333333333
2021-01-31 17:00:00,1.0,17,6,31,1,2021,1,4,1,-0.9659258262890683,-0.25881904510252063,-0.7818314824680299,0.6234898018587334,0.49999999999999994,0.8660254037844387,4.46666666666667,1.66666666666667,17.8,2.0,12.5,2.37777777777778,1.8394846299177867,1.0,4.46666666666667,5.333333333333338,6.317805526182865,1.0,17.8,-3.4666666666666703,-0.6666666666666701
2021-02-01 01:00:00,0.0333333333333333,1,0,1,2,2021,1,5,0,0.25881904510252074,0.9659258262890683,0.0,1.0,0.8660254037844386,0.5000000000000001,1.0,4.46666666666667,1.66666666666667,5.06666666666667,4.93333333333333,1.8333333333333346,2.331189491320799,0.0333333333333333,4.46666666666667,4.494444444444448,6.683858388907044,0.0333333333333333,17.8,-0.9666666666666667,-4.433333333333337
2021-02-04 12:00:00,4.86666666666667,12,3,4,2,2021,1,5,0,1.2246467991473532e-16,-1.0,0.43388373911755823,-0.900968867902419,0.8660254037844386,0.5000000000000001,0.0333333333333333,1.0,4.46666666666667,2.0,1.23333333333333,1.9666666666666677,2.5575596006957864,0.0333333333333333,4.86666666666667,4.972222222222226,6.571399873413305,0.0333333333333333,17.8,4.833333333333337,3.86666666666667
2021-02-05 08:00:00,1.66666666666667,8,4,5,2,2021,1,5,0,0.8660254037844387,-0.4999999999999998,-0.433883739117558,-0.9009688679024191,0.8660254037844386,0.5000000000000001,4.86666666666667,0.0333333333333333,1.0,17.8,3.33333333333333,2.1888888888888913,2.458620510533273,0.0333333333333333,4.86666666666667,2.283333333333338,1.9447650529334497,0.0333333333333333,4.86666666666667,-3.1999999999999997,1.6333333333333369
2021-02-06 13:00:00,2.2,13,5,6,2,2021,1,5,1,-0.2588190451025208,-0.9659258262890683,-0.9749279121818236,-0.2225209339563146,0.8660254037844386,0.5000000000000001,1.66666666666667,4.86666666666667,0.0333333333333333,1.66666666666667,1.5,2.911111111111113,1.7144268019543227,1.66666666666667,4.86666666666667,2.3722222222222262,1.9230088307033577,0.0333333333333333,4.86666666666667,0.5333333333333301,-2.6666666666666696
2021-02-09 10:00:00,3.26666666666667,10,1,9,2,2021,1,6,0,0.49999999999999994,-0.8660254037844387,0.7818314824680298,0.6234898018587336,0.8660254037844386,0.5000000000000001,2.2,1.66666666666667,4.86666666666667,4.46666666666667,2.86666666666667,2.37777777777778,0.8146801235477472,1.66666666666667,3.26666666666667,2.1722222222222265,1.71249222761149,0.0333333333333333,4.86666666666667,1.06666666666667,1.6
2021-02-09 12:00:00,0.6,12,1,9,2,2021,1,6,0,1.2246467991473532e-16,-1.0,0.7818314824680298,0.6234898018587336,0.8660254037844386,0.5000000000000001,3.26666666666667,2.2,1.66666666666667,1.0,2.0,2.0222222222222235,1.3421927884926055,0.6,3.26666666666667,2.1055555555555596,1.7739368229595962,0.0333333333333333,4.86666666666667,-2.66666666666667,-1.6
2021-02-10 10:00:00,4.4,10,2,10,2,2021,1,6,0,0.49999999999999994,-0.8660254037844387,0.9749279121818236,-0.22252093395631434,0.8660254037844386,0.5000000000000001,0.6,3.26666666666667,2.2,0.0333333333333333,5.06666666666667,2.755555555555557,1.9508782447723372,0.6,4.4,2.8333333333333375,1.6447897535349183,0.6,4.86666666666667,3.8000000000000003,1.1333333333333302
2021-02-11 11:00:00,28.4,11,3,11,2,2021,1,6,0,0.258819045102521,-0.9659258262890682,0.43388373911755823,-0.900968867902419,0.8660254037844386,0.5000000000000001,4.4,0.6,3.26666666666667,4.86666666666667,2.0,11.133333333333333,15.073597226055012,0.6,28.4,6.755555555555559,10.68404140485897,0.6,28.4,24.0,27.799999999999997
2021-02-12 08:00:00,2.3,8,4,12,2,2021,1,6,0,0.8660254037844387,-0.4999999999999998,-0.433883739117558,-0.9009688679024191,0.8660254037844386,0.5000000000000001,28.4,4.4,0.6,1.66666666666667,17.8,11.699999999999998,14.500689638772357,2.3,28.4,6.861111111111113,10.62668374458408,0.6,28.4,-26.099999999999998,-2.1000000000000005
2021-02-13 10:00:00,4.66666666666667,10,5,13,2,2021,1,6,1,0.49999999999999994,-0.8660254037844387,-0.9749279121818236,-0.2225209339563146,0.8660254037844386,0.5000000000000001,2.3,28.4,4.4,2.2,1.66666666666667,11.78888888888889,14.434231432155888,2.3,28.4,7.272222222222226,10.456649488173476,0.6,28.4,2.36666666666667,-23.733333333333327
2021-02-15 12:00:00,4.4,12,0,15,2,2021,1,7,0,1.2246467991473532e-16,-1.0,0.0,1.0,0.8660254037844386,0.5000000000000001,4.66666666666667,2.3,28.4,3.26666666666667,4.46666666666667,3.78888888888889,1.296291005280206,2.3,4.66666666666667,7.461111111111113,10.37977556311989,0.6,28.4,-0.26666666666666927,2.1000000000000005
2021-02-15 21:00:00,3.66666666666667,21,0,15,2,2021,1,7,0,-0.7071067811865477,0.7071067811865474,0.0,1.0,0.8660254037844386,0.5000000000000001,4.4,4.66666666666667,2.3,0.6,1.0,4.244444444444446,0.517830231010263,3.66666666666667,4.66666666666667,7.972222222222225,10.044443829891824,2.3,28.4,-0.7333333333333303,-0.9999999999999996
2021-02-16 01:00:00,0.0333333333333333,1,1,16,2,2021,1,7,0,0.25881904510252074,0.9659258262890683,0.7818314824680298,0.6234898018587336,0.8660254037844386,0.5000000000000001,3.66666666666667,4.4,4.66666666666667,4.4,0.0333333333333333,2.700000000000001,2.3383279876394094,0.0333333333333333,4.4,7.244444444444447,10.502775647241847,0.0333333333333333,28.4,-3.633333333333337,-4.366666666666667
2021-02-16 10:00:00,5.53333333333333,10,1,16,2,2021,1,7,0,0.49999999999999994,-0.8660254037844387,0.7818314824680298,0.6234898018587336,0.8660254037844386,0.5000000000000001,0.0333333333333333,3.66666666666667,4.4,28.4,4.86666666666667,3.077777777777778,2.796889807016461,0.0333333333333333,5.53333333333333,3.433333333333336,1.9881873374732746,0.0333333333333333,5.53333333333333,5.4999999999999964,1.8666666666666596
2021-02-17 15:00:00,4.26666666666667,15,2,17,2,2021,1,7,0,-0.7071067811865471,-0.7071067811865479,0.9749279121818236,-0.22252093395631434,0.8660254037844386,0.5000000000000001,5.53333333333333,0.0333333333333333,3.66666666666667,2.3,1.66666666666667,3.277777777777778,2.8802649055123233,0.0333333333333333,5.53333333333333,3.7611111111111146,1.9250877805864175,0.0333333333333333,5.53333333333333,-1.2666666666666595,4.233333333333337
2021-02-19 17:00:00,2.8,17,4,19,2,2021,1,7,0,-0.9659258262890683,-0.25881904510252063,-0.433883739117558,-0.9009688679024191,0.8660254037844386,0.5000000000000001,4.26666666666667,5.53333333333333,0.0333333333333333,4.66666666666667,2.2,4.2,1.3678856352455426,2.8,5.53333333333333,3.450000000000003,1.9001461932061265,0.0333333333333333,5.53333333333333,-1.4666666666666703,-2.73333333333333
2021-02-20 01:00:00,0.00333333333333333,1,5,20,2,2021,1,7,1,0.25881904510252074,0.9659258262890683,-0.9749279121818236,-0.2225209339563146,0.8660254037844386,0.5000000000000001,2.8,4.26666666666667,5.53333333333333,4.4,3.26666666666667,2.356666666666668,2.1659665535531945,0.00333333333333333,4.26666666666667,2.7172222222222246,2.2719158989390515,0.00333333333333333,5.53333333333333,-2.7966666666666664,-4.263333333333337
2021-02-20 08:00:00,1.23333333333333,8,5,20,2,2021,1,7,1,0.8660254037844387,-0.4999999999999998,-0.9749279121818236,-0.2225209339563146,0.8660254037844386,0.5000000000000001,0.00333333333333333,2.8,4.26666666666667,3.66666666666667,0.6,1.3455555555555545,1.4017066317462665,0.00333333333333333,2.8,2.3116666666666683,2.2856788439712985,0.00333333333333333,5.53333333333333,1.2299999999999967,-1.5666666666666698
2021-02-20 09:00:00,0.6,9,5,20,2,2021,1,7,1,0.7071067811865476,-0.7071067811865475,-0.9749279121818236,-0.2225209339563146,0.8660254037844386,0.5000000000000001,1.23333333333333,0.00333333333333333,2.8,0.0333333333333333,4.4,0.6122222222222211,0.6150910802775587,0.00333333333333333,1.23333333333333,2.406111111111113,2.1820687601618483,0.00333333333333333,5.53333333333333,-0.6333333333333301,0.5966666666666667
2021-02-24 17:00:00,2.46666666666667,17,2,24,2,2021,1,8,0,-0.9659258262890683,-0.25881904510252063,0.9749279121818236,-0.22252093395631434,0.8660254037844386,0.5000000000000001,0.6,1.23333333333333,0.00333333333333333,5.53333333333333,28.4,1.4333333333333333,0.9492687243932022,0.6,2.46666666666667,1.895000000000003,1.578851551673692,0.00333333333333333,4.26666666666667,1.8666666666666698,1.2333333333333398
2021-02-25 07:00:00,18.4,7,3,25,2,2021,1,8,0,0.9659258262890683,-0.25881904510252063,0.43388373911755823,-0.900968867902419,0.8660254037844386,0.5000000000000001,2.46666666666667,0.6,1.23333333333333,4.26666666666667,2.3,7.155555555555556,9.78259982107309,0.6,18.4,4.250555555555557,7.013732693530347,0.00333333333333333,18.4,15.933333333333328,17.799999999999997
2021-02-28 12:00:00,1.0,12,6,28,2,2021,1,8,1,1.2246467991473532e-16,-1.0,-0.7818314824680299,0.6234898018587334,0.8660254037844386,0.5000000000000001,18.4,2.46666666666667,0.6,2.8,4.66666666666667,7.288888888888889,9.65040778259501,1.0,18.4,3.950555555555557,7.1257874158787855,0.00333333333333333,18.4,-17.4,-1.46666666666667
2021-02-28 13:00:00,1.7,13,6,28,2,2021,1,8,1,-0.2588190451025208,-0.9659258262890683,-0.7818314824680299,0.6234898018587334,0.8660254037844386,0.5000000000000001,1.0,18.4,2.46666666666667,0.00333333333333333,4.4,7.033333333333332,9.850042301093602,1.0,18.4,4.233333333333335,6.969776020632079,0.6,18.4,0.7,-16.7
2021-03-01 01:00:00,0.00333333333333333,1,0,1,3,2021,1,9,0,0.25881904510252074,0.9659258262890683,0.0,1.0,1.0,6.123233995736766e-17,1.7,1.0,18.4,1.23333333333333,3.66666666666667,0.9011111111111111,0.8526451217849783,0.00333333333333333,1.7,4.028333333333336,7.092667183632539,0.00333333333333333,18.4,-1.6966666666666665,-0.9966666666666667
2021-03-01 09:00:00,4.86666666666667,9,0,1,3,2021,1,9,0,0.7071067811865476,-0.7071067811865475,0.0,1.0,1.0,6.123233995736766e-17,0.00333333333333333,1.7,1.0,0.6,0.0333333333333333,2.190000000000001,2.4684160463296703,0.00333333333333333,4.86666666666667,4.739444444444447,6.891224827969973,0.00333333333333333,18.4,4.863333333333337,3.1666666666666696
2021-03-02 13:00:00,1.16666666666667,13,1,2,3,2021,1,9,0,-0.2588190451025208,-0.9659258262890683,0.7818314824680298,0.6234898018587336,1.0,6.123233995736766e-17,4.86666666666667,0.00333333333333333,1.7,2.46666666666667,5.53333333333333,2.012222222222224,2.539532619582971,0.00333333333333333,4.86666666666667,4.5227777777777805,6.99660565851334,0.00333333333333333,18.4,-3.6999999999999997,1.1633333333333367
2021-03-03 10:00:00,0.766666666666667,10,2,3,3,2021,1,9,0,0.49999999999999994,-0.8660254037844387,0.9749279121818236,-0.22252093395631434,1.0,6.123233995736766e-17,1.16666666666667,4.86666666666667,0.00333333333333333,18.4,4.26666666666667,2.266666666666669,2.2605309110914673,0.766666666666667,4.86666666666667,1.5838888888888925,1.7012419210900807,0.00333333333333333,4.86666666666667,-0.400000000000003,-4.100000000000003
2021-03-03 12:00:00,3.7,12,2,3,3,2021,1,9,0,1.2246467991473532e-16,-1.0,0.9749279121818236,-0.22252093395631434,1.0,6.123233995736766e-17,0.766666666666667,1.16666666666667,4.86666666666667,1.0,2.8,1.877777777777779,1.5907137927265178,0.766666666666667,3.7,2.0338888888888924,1.8651069872997266,0.00333333333333333,4.86666666666667,2.933333333333333,2.53333333333333
2021-03-03 16:00:00,4.9,16,2,3,3,2021,1,9,0,-0.8660254037844385,-0.5000000000000004,0.9749279121818236,-0.22252093395631434,1.0,6.123233995736766e-17,3.7,0.766666666666667,1.16666666666667,1.7,0.00333333333333333,3.1222222222222222,2.1263775491387915,0.766666666666667,4.9,2.567222222222226,2.181264074559324,0.00333333333333333,4.9,1.2000000000000002,4.133333333333333
2021-03-04 13:00:00,2.33333333333333,13,3,4,3,2021,1,9,0,-0.2588190451025208,-0.9659258262890683,0.43388373911755823,-0.900968867902419,1.0,6.123233995736766e-17,4.9,3.7,0.766666666666667,0.00333333333333333,1.23333333333333,3.644444444444444,1.2842348925563722,2.33333333333333,4.9,2.955555555555559,1.8091946233574103,0.766666666666667,4.9,-2.5666666666666704,-1.3666666666666702
2021-03-04 16:00:00,2.66666666666667,16,3,4,3,2021,1,9,0,-0.8660254037844385,-0.5000000000000004,0.43388373911755823,-0.900968867902419,1.0,6.123233995736766e-17,2.33333333333333,4.9,3.7,4.86666666666667,0.6,3.3000000000000003,1.3956280943638935,2.33333333333333,4.9,2.5888888888888917,1.5485716238115215,0.766666666666667,4.9,0.33333333333334014,-2.2333333333333303
2021-03-05 10:00:00,2.53333333333333,10,4,5,3,2021,1,9,0,0.49999999999999994,-0.8660254037844387,-0.433883739117558,-0.9009688679024191,1.0,6.123233995736766e-17,2.66666666666667,2.33333333333333,4.9,1.16666666666667,2.46666666666667,2.5111111111111097,0.16777409856161862,2.33333333333333,2.66666666666667,2.8166666666666687,1.389924058676972,0.766666666666667,4.9,-0.13333333333333997,0.20000000000000018
2021-03-08 10:00:00,2.4,10,0,8,3,2021,1,10,0,0.49999999999999994,-0.8660254037844387,0.0,1.0,1.0,6.123233995736766e-17,2.53333333333333,2.66666666666667,2.33333333333333,0.766666666666667,18.4,2.533333333333333,0.1333333333333894,2.4,2.66666666666667,3.088888888888891,1.0184228911338162,2.33333333333333,4.9,-0.1333333333333302,-0.26666666666667016
2021-03-10 10:00:00,16.9,10,2,10,3,2021,1,10,0,0.49999999999999994,-0.8660254037844387,0.9749279121818236,-0.22252093395631434,1.0,6.123233995736766e-17,2.4,2.53333333333333,2.66666666666667,3.7,1.0,7.277777777777776,8.333355555525927,2.4,16.9,5.2888888888888905,5.770948955921548,2.33333333333333,16.9,14.499999999999998,14.366666666666669
2021-03-10 17:00:00,2.7,17,2,10,3,2021,1,10,0,-0.9659258262890683,-0.25881904510252063,0.9749279121818236,-0.22252093395631434,1.0,6.123233995736766e-17,16.9,2.4,2.53333333333333,4.9,1.7,7.333333333333332,8.286334131166406,2.4,16.9,4.922222222222223,5.869645708280943,2.33333333333333,16.9,-14.2,0.30000000000000027
2021-03-11 08:00:00,0.366666666666667,8,3,11,3,2021,1,10,0,0.8660254037844387,-0.4999999999999998,0.43388373911755823,-0.900968867902419,1.0,6.123233995736766e-17,2.7,16.9,2.4,2.33333333333333,0.00333333333333333,6.655555555555555,8.948329039133094,0.366666666666667,16.9,4.594444444444446,6.093764268739243,0.366666666666667,16.9,-2.333333333333333,-16.53333333333333
2021-03-11 09:00:00,2.4,9,3,11,3,2021,1,10,0,0.7071067811865476,-0.7071067811865475,0.43388373911755823,-0.900968867902419,1.0,6.123233995736766e-17,0.366666666666667,2.7,16.9,2.66666666666667,4.86666666666667,1.8222222222222222,1.269441405296647,0.366666666666667,2.7,4.550000000000002,6.1115828100783025,0.366666666666667,16.9,2.0333333333333328,-0.30000000000000027
2021-03-15 17:00:00,2.66666666666667,17,0,15,3,2021,1,11,0,-0.9659258262890683,-0.25881904510252063,0.0,1.0,1.0,6.123233995736766e-17,2.4,0.366666666666667,2.7,2.53333333333333,1.16666666666667,1.8111111111111124,1.2580113642541706,0.366666666666667,2.66666666666667,4.572222222222225,6.103019896072108,0.366666666666667,16.9,0.26666666666667016,2.300000000000003
2021-03-19 11:00:00,2.03333333333333,11,4,19,3,2021,1,11,0,0.258819045102521,-0.9659258262890682,-0.433883739117558,-0.9009688679024191,1.0,6.123233995736766e-17,2.66666666666667,2.4,0.366666666666667,2.4,0.766666666666667,2.3666666666666667,0.31797973380571765,2.03333333333333,2.66666666666667,4.511111111111113,6.130893234419599,0.366666666666667,16.9,-0.63333333333334,-0.3666666666666698
2021-03-23 10:00:00,3.1,10,1,23,3,2021,1,12,0,0.49999999999999994,-0.8660254037844387,0.7818314824680298,0.6234898018587336,1.0,6.123233995736766e-17,2.03333333333333,2.66666666666667,2.4,16.9,3.7,2.6,0.5364492313144091,2.03333333333333,3.1,2.211111111111113,0.9701469915354958,0.366666666666667,3.1,1.06666666666667,0.43333333333333
2021-03-25 08:00:00,1.3,8,3,25,3,2021,1,12,0,0.8660254037844387,-0.4999999999999998,0.43388373911755823,-0.900968867902419,1.0,6.123233995736766e-17,3.1,2.03333333333333,2.66666666666667,2.7,4.9,2.1444444444444435,0.9051294157518597,1.3,3.1,1.9777777777777796,0.9970326344078536,0.366666666666667,3.1,-1.8,-0.7333333333333301
2021-03-26 10:00:00,27.3,10,4,26,3,2021,1,12,0,0.49999999999999994,-0.8660254037844387,-0.433883739117558,-0.9009688679024191,1.0,6.123233995736766e-17,1.3,3.1,2.03333333333333,0.366666666666667,2.33333333333333,10.566666666666668,14.519412292972927,1.3,27.3,6.466666666666669,10.22437175467412,1.3,27.3,26.0,24.2
2021-03-30 15:00:00,14.4,15,1,30,3,2021,1,13,0,-0.7071067811865471,-0.7071067811865479,0.7818314824680298,0.6234898018587336,1.0,6.123233995736766e-17,27.3,1.3,3.1,2.4,2.66666666666667,14.333333333333334,13.000128204496036,1.3,27.3,8.46666666666667,10.441157875340163,1.3,27.3,-12.9,13.1
2021-03-30 17:00:00,5.4,17,1,30,3,2021,1,13,0,-0.9659258262890683,-0.25881904510252063,0.7818314824680298,0.6234898018587336,1.0,6.123233995736766e-17,14.4,27.3,1.3,2.66666666666667,2.53333333333333,15.700000000000001,11.007724560507498,5.4,27.3,8.922222222222224,10.194195879500734,1.3,27.3,-9.0,-21.9
2021-04-01 01:00:00,0.0666666666666667,1,3,1,4,2021,2,13,0,0.25881904510252074,0.9659258262890683,0.43388373911755823,-0.900968867902419,0.8660254037844387,-0.4999999999999998,5.4,14.4,27.3,2.03333333333333,2.4,6.622222222222221,7.244410361201352,0.0666666666666667,14.4,8.594444444444447,10.487398081436531,0.0666666666666667,27.3,-5.333333333333334,-14.333333333333334
2021-04-01 14:00:00,2.93333333333333,14,3,1,4,2021,2,13,0,-0.4999999999999997,-0.8660254037844388,0.43388373911755823,-0.900968867902419,0.8660254037844387,-0.4999999999999998,0.0666666666666667,5.4,14.4,3.1,16.9,2.7999999999999976,2.6691654958890196,0.0666666666666667,5.4,8.566666666666668,10.50506756020372,0.0666666666666667,27.3,2.866666666666663,-2.4666666666666703
2021-04-03 11:00:00,13.8,11,5,3,4,2021,2,13,1,0.258819045102521,-0.9659258262890682,-0.9749279121818236,-0.2225209339563146,0.8660254037844387,-0.4999999999999998,2.93333333333333,0.0666666666666667,5.4,1.3,2.7,5.599999999999998,7.24461485825468,0.0666666666666667,13.8,10.650000000000002,10.003238364538648,0.0666666666666667,27.3,10.86666666666667,13.733333333333334
2021-04-05 12:00:00,2.8,12,0,5,4,2021,2,14,0,1.2246467991473532e-16,-1.0,0.0,1.0,0.8660254037844387,-0.4999999999999998,13.8,2.93333333333333,0.0666666666666667,27.3,0.366666666666667,6.511111111111109,6.312714976170744,2.8,13.8,6.566666666666667,6.077536050443845,0.0666666666666667,14.4,-11.0,-0.1333333333333302
2021-04-05 19:00:00,4.9,19,0,5,4,2021,2,14,0,-0.9659258262890684,0.2588190451025203,0.0,1.0,0.8660254037844387,-0.4999999999999998,2.8,13.8,2.93333333333333,14.4,2.4,7.166666666666665,5.839805932848569,2.8,13.8,4.983333333333335,4.712901913306131,0.0666666666666667,13.8,2.1000000000000005,-8.9
2021-04-06 09:00:00,17.4,9,1,6,4,2021,2,14,0,0.7071067811865476,-0.7071067811865475,0.7818314824680298,0.6234898018587336,0.8660254037844387,-0.4999999999999998,4.9,2.8,13.8,5.4,2.66666666666667,8.366666666666665,7.8932460580760635,2.8,17.4,6.983333333333334,6.943446150467688,0.0666666666666667,17.4,12.499999999999998,14.599999999999998
2021-04-06 16:00:00,2.8,16,1,6,4,2021,2,14,0,-0.8660254037844385,-0.5000000000000004,0.7818314824680298,0.6234898018587336,0.8660254037844387,-0.4999999999999998,17.4,4.9,2.8,0.0666666666666667,2.03333333333333,8.366666666666665,7.8932460580760635,2.8,17.4,7.43888888888889,6.47258892618769,2.8,17.4,-14.599999999999998,-2.1000000000000005
2021-04-07 07:00:00,0.366666666666667,7,2,7,4,2021,2,14,0,0.9659258262890683,-0.25881904510252063,0.9749279121818236,-0.22252093395631434,0.8660254037844387,-0.4999999999999998,2.8,17.4,4.9,2.93333333333333,3.1,6.855555555555554,9.212451316520443,0.366666666666667,17.4,7.011111111111113,6.900585053028053,0.366666666666667,17.4,-2.4333333333333327,-17.03333333333333
2021-04-07 08:00:00,2.2,8,2,7,4,2021,2,14,0,0.8660254037844387,-0.4999999999999998,0.9749279121818236,-0.22252093395631434,0.8660254037844387,-0.4999999999999998,0.366666666666667,2.8,17.4,13.8,1.3,1.7888888888888879,1.2676896453931692,0.366666666666667,2.8,5.07777777777778,6.208405294139262,0.366666666666667,17.4,1.8333333333333333,-0.5999999999999996
2021-04-07 16:00:00,3.5,16,2,7,4,2021,2,14,0,-0.8660254037844385,-0.5000000000000004,0.9749279121818236,-0.22252093395631434,0.8660254037844387,-0.4999999999999998,2.2,0.366666666666667,2.8,2.8,27.3,2.0222222222222213,1.5742135014502223,0.366666666666667,3.5,5.194444444444446,6.163455620444208,0.366666666666667,17.4,1.2999999999999998,3.133333333333333
2021-04-08 10:00:00,4.06666666666667,10,3,8,4,2021,2,14,0,0.49999999999999994,-0.8660254037844387,0.43388373911755823,-0.900968867902419,0.8660254037844387,-0.4999999999999998,3.5,2.2,0.366666666666667,4.9,14.4,3.255555555555555,0.9570401903399597,2.2,4.06666666666667,5.055555555555558,6.180782642519812,0.366666666666667,17.4,0.56666666666667,1.8666666666666698
2021-04-09 08:00:00,1.5,8,4,9,4,2021,2,14,0,0.8660254037844387,-0.4999999999999998,-0.433883739117558,-0.9009688679024191,0.8660254037844387,-0.4999999999999998,4.06666666666667,3.5,2.2,17.4,5.4,3.022222222222222,1.348387239686052,1.5,4.06666666666667,2.4055555555555586,1.3514464130728834,0.366666666666667,4.06666666666667,-2.56666666666667,-2.0
2021-04-10 10:00:00,28.5,10,5,10,4,2021,2,14,1,0.49999999999999994,-0.8660254037844387,-0.9749279121818236,-0.2225209339563146,0.8660254037844387,-0.4999999999999998,1.5,4.06666666666667,3.5,2.8,0.0666666666666667,11.355555555555554,14.902883141389987,1.5,28.5,6.688888888888893,10.768610075723005,0.366666666666667,28.5,27.0,24.43333333333333
2021-04-10 12:00:00,2.66666666666667,12,5,10,4,2021,2,14,1,1.2246467991473532e-16,-1.0,-0.9749279121818236,-0.2225209339563146,0.8660254037844387,-0.4999999999999998,28.5,1.5,4.06666666666667,0.366666666666667,2.93333333333333,10.888888888888888,15.26282096152948,1.5,28.5,7.0722222222222255,10.536991277645875,1.5,28.5,-25.83333333333333,1.16666666666667
2021-04-12 08:00:00,1.3,8,0,12,4,2021,2,15,0,0.8660254037844387,-0.4999999999999998,0.0,1.0,0.8660254037844387,-0.4999999999999998,2.66666666666667,28.5,1.5,2.2,13.8,10.822222222222223,15.324647298219126,1.3,28.5,6.922222222222225,10.626249817559591,1.3,28.5,-1.36666666666667,-27.2
2021-04-17 16:00:00,1.86666666666667,16,5,17,4,2021,2,15,1,-0.8660254037844385,-0.5000000000000004,-0.9749279121818236,-0.2225209339563146,0.8660254037844387,-0.4999999999999998,1.3,2.66666666666667,28.5,3.5,2.8,1.9444444444444455,0.6866450913546568,1.3,2.66666666666667,6.650000000000005,10.751635534497378,1.3,28.5,0.56666666666667,-0.8
2021-04-19 12:00:00,4.75,12,0,19,4,2021,2,16,0,1.2246467991473532e-16,-1.0,0.0,1.0,0.8660254037844387,-0.4999999999999998,1.86666666666667,1.3,2.66666666666667,4.06666666666667,4.9,2.638888888888889,1.8501000973921196,1.3,4.75,6.763888888888893,10.722377517585812,1.3,28.5,2.88333333333333,3.45
2021-04-20 14:00:00,5.0,14,1,20,4,2021,2,16,0,-0.4999999999999997,-0.8660254037844388,0.7818314824680298,0.6234898018587336,0.8660254037844387,-0.4999999999999998,4.75,1.86666666666667,1.3,1.5,17.4,3.8722222222222222,1.74135430479118,1.86666666666667,5.0,7.347222222222226,10.47098858044702,1.3,28.5,0.25,3.13333333333333
2021-04-20 15:00:00,5.46666666666667,15,1,20,4,2021,2,16,0,-0.7071067811865471,-0.7071067811865479,0.7818314824680298,0.6234898018587336,0.8660254037844387,-0.4999999999999998,5.0,4.75,1.86666666666667,28.5,2.8,5.072222222222222,0.3637510341081978,4.75,5.46666666666667,3.5083333333333377,1.782250450039723,1.3,5.46666666666667,0.46666666666667034,0.7166666666666703
2021-04-29 10:00:00,0.466666666666667,10,3,29,4,2021,2,17,0,0.49999999999999994,-0.8660254037844387,0.43388373911755823,-0.900968867902419,0.8660254037844387,-0.4999999999999998,5.46666666666667,5.0,4.75,2.66666666666667,0.366666666666667,3.6444444444444444,2.761910235353082,0.466666666666667,5.46666666666667,3.1416666666666697,2.1734189655931813,0.466666666666667,5.46666666666667,-5.0000000000000036,-4.533333333333333
2021-05-01 01:00:00,0.0333333333333333,1,5,1,5,2021,2,17,1,0.25881904510252074,0.9659258262890683,-0.9749279121818236,-0.2225209339563146,0.49999999999999994,-0.8660254037844387,0.466666666666667,5.46666666666667,5.0,1.3,2.2,1.9888888888888887,3.0196271538301085,0.0333333333333333,5.46666666666667,2.9305555555555594,2.433982029210293,0.0333333333333333,5.46666666666667,-0.4333333333333337,-5.433333333333337
2021-05-03 11:00:00,11.3333333333333,11,0,3,5,2021,2,18,0,0.258819045102521,-0.9659258262890682,0.0,1.0,0.49999999999999994,-0.8660254037844387,0.0333333333333333,0.466666666666667,5.46666666666667,1.86666666666667,3.5,3.944444444444432,6.402632560416335,0.0333333333333333,11.3333333333333,4.508333333333331,4.102678664265854,0.0333333333333333,11.3333333333333,11.299999999999967,10.866666666666633
2021-05-04 10:00:00,2.73333333333333,10,1,4,5,2021,2,18,0,0.49999999999999994,-0.8660254037844387,0.7818314824680298,0.6234898018587336,0.49999999999999994,-0.8660254037844387,11.3333333333333,0.0333333333333333,0.466666666666667,4.75,4.06666666666667,4.699999999999986,5.901129835322477,0.0333333333333333,11.3333333333333,4.17222222222222,4.1611118528407625,0.0333333333333333,11.3333333333333,-8.59999999999997,2.6999999999999966
2021-05-04 12:00:00,2.8,12,1,4,5,2021,2,18,0,1.2246467991473532e-16,-1.0,0.7818314824680298,0.6234898018587336,0.49999999999999994,-0.8660254037844387,2.73333333333333,11.3333333333333,0.0333333333333333,5.0,1.5,5.6222222222222085,4.946079629737424,2.73333333333333,11.3333333333333,3.8055555555555522,4.170500458467077,0.0333333333333333,11.3333333333333,0.06666666666666998,-8.5333333333333
2021-05-05 08:00:00,1.4,8,2,5,5,2021,2,18,0,0.8660254037844387,-0.4999999999999998,0.9749279121818236,-0.22252093395631434,0.49999999999999994,-0.8660254037844387,2.8,2.73333333333333,11.3333333333333,5.46666666666667,28.5,2.3111111111111087,0.7897491397296144,1.4,2.8,3.127777777777774,4.176996085262269,0.0333333333333333,11.3333333333333,-1.4,-1.33333333333333
2021-05-06 12:00:00,2.26666666666667,12,3,6,5,2021,2,18,0,1.2246467991473532e-16,-1.0,0.43388373911755823,-0.900968867902419,0.49999999999999994,-0.8660254037844387,1.4,2.8,2.73333333333333,0.466666666666667,2.66666666666667,2.1555555555555554,0.7065828042481808,1.4,2.8,3.427777777777775,4.008902131044898,0.0333333333333333,11.3333333333333,0.8666666666666702,-0.5333333333333297
2021-05-06 15:00:00,4.26666666666667,15,3,6,5,2021,2,18,0,-0.7071067811865471,-0.7071067811865479,0.43388373911755823,-0.900968867902419,0.49999999999999994,-0.8660254037844387,2.26666666666667,1.4,2.8,0.0333333333333333,1.3,2.6444444444444453,1.470197769513153,1.4,4.26666666666667,4.13333333333333,3.648317724955195,1.4,11.3333333333333,2.0,2.8666666666666702
2021-05-07 10:00:00,1.6,10,4,7,5,2021,2,18,0,0.49999999999999994,-0.8660254037844387,-0.433883739117558,-0.9009688679024191,0.49999999999999994,-0.8660254037844387,4.26666666666667,2.26666666666667,1.4,11.3333333333333,1.86666666666667,2.711111111111112,1.3877773329774103,1.6,4.26666666666667,2.511111111111114,1.033369175005715,1.4,4.26666666666667,-2.66666666666667,-0.6666666666666701
2021-05-07 11:00:00,14.8,11,4,7,5,2021,2,18,0,0.258819045102521,-0.9659258262890682,-0.433883739117558,-0.9009688679024191,0.49999999999999994,-0.8660254037844387,1.6,4.26666666666667,2.26666666666667,2.73333333333333,4.75,6.888888888888888,6.979759095917065,1.6,14.8,4.522222222222226,5.13885705695848,1.4,14.8,13.200000000000001,10.533333333333331
2021-05-07 16:00:00,1.86666666666667,16,4,7,5,2021,2,18,0,-0.8660254037844385,-0.5000000000000004,-0.433883739117558,-0.9009688679024191,0.49999999999999994,-0.8660254037844387,14.8,1.6,4.26666666666667,2.8,5.0,6.088888888888889,7.545221691267284,1.6,14.8,4.366666666666672,5.214978427568049,1.4,14.8,-12.93333333333333,0.26666666666666994
2021-05-09 16:00:00,1.03333333333333,16,6,9,5,2021,2,18,1,-0.8660254037844385,-0.5000000000000004,-0.7818314824680299,0.6234898018587334,0.49999999999999994,-0.8660254037844387,1.86666666666667,14.8,1.6,1.4,5.46666666666667,5.899999999999999,7.718880172091745,1.03333333333333,14.8,4.305555555555559,5.258661285775938,1.03333333333333,14.8,-0.8333333333333399,-13.766666666666671
2021-05-09 19:00:00,1.23333333333333,19,6,9,5,2021,2,18,1,-0.9659258262890684,0.2588190451025203,-0.7818314824680299,0.6234898018587334,0.49999999999999994,-0.8660254037844387,1.03333333333333,1.86666666666667,14.8,2.26666666666667,0.466666666666667,1.3777777777777755,0.43503937667665543,1.03333333333333,1.86666666666667,4.1333333333333355,5.354831670764484,1.03333333333333,14.8,0.19999999999999996,-0.63333333333334
2021-05-10 10:00:00,3.26666666666667,10,0,10,5,2021,2,19,0,0.49999999999999994,-0.8660254037844387,0.0,1.0,0.49999999999999994,-0.8660254037844387,1.23333333333333,1.03333333333333,1.86666666666667,4.26666666666667,0.0333333333333333,1.8444444444444423,1.235733400469939,1.03333333333333,3.26666666666667,3.96666666666667,5.365403578069006,1.03333333333333,14.8,2.0333333333333403,2.23333333333334
2021-05-10 12:00:00,2.13333333333333,12,0,10,5,2021,2,19,0,1.2246467991473532e-16,-1.0,0.0,1.0,0.49999999999999994,-0.8660254037844387,3.26666666666667,1.23333333333333,1.03333333333333,1.6,11.3333333333333,2.211111111111109,1.0188955531103807,1.23333333333333,3.26666666666667,4.055555555555558,5.322600311320981,1.03333333333333,14.8,-1.13333333333334,0.9000000000000001
2021-05-10 13:00:00,1.53333333333333,13,0,10,5,2021,2,19,0,-0.2588190451025208,-0.9659258262890683,0.0,1.0,0.49999999999999994,-0.8660254037844387,2.13333333333333,3.26666666666667,1.23333333333333,14.8,2.73333333333333,2.3111111111111087,0.8802356586816822,1.53333333333333,3.26666666666667,1.8444444444444459,0.804340079172429,1.03333333333333,3.26666666666667,-0.6000000000000001,-1.73333333333334
2021-05-17 08:00:00,0.566666666666667,8,0,17,5,2021,2,20,0,0.8660254037844387,-0.4999999999999998,0.0,1.0,0.49999999999999994,-0.8660254037844387,1.53333333333333,2.13333333333333,3.26666666666667,1.86666666666667,2.8,1.4111111111111079,0.7904522849702965,0.566666666666667,2.13333333333333,1.6277777777777784,0.9576398457009929,0.566666666666667,3.26666666666667,-0.9666666666666631,-1.5666666666666633
2021-05-18 12:00:00,3.0,12,1,18,5,2021,2,20,0,1.2246467991473532e-16,-1.0,0.7818314824680298,0.6234898018587336,0.49999999999999994,-0.8660254037844387,0.566666666666667,1.53333333333333,2.13333333333333,1.03333333333333,1.4,1.6999999999999977,1.2251983966325874,0.566666666666667,3.0,1.9555555555555568,1.0459799587344962,0.566666666666667,3.26666666666667,2.433333333333333,1.46666666666667
2021-05-29 12:00:00,0.4,12,5,29,5,2021,2,21,1,1.2246467991473532e-16,-1.0,-0.9749279121818236,-0.2225209339563146,0.49999999999999994,-0.8660254037844387,3.0,0.566666666666667,1.53333333333333,1.23333333333333,2.26666666666667,1.322222222222221,1.455385910385317,0.4,3.0,1.8166666666666684,1.2043901176760379,0.4,3.26666666666667,-2.6,-0.16666666666666696
2021-06-01 01:00:00,0.0333333333333333,1,1,1,6,2021,2,22,0,0.25881904510252074,0.9659258262890683,0.7818314824680298,0.6234898018587336,1.2246467991473532e-16,-1.0,0.4,3.0,0.566666666666667,3.26666666666667,4.26666666666667,1.1444444444444433,1.6173824303255788,0.0333333333333333,3.0,1.2777777777777792,1.147880494489638,0.0333333333333333,3.0,-0.3666666666666667,-2.966666666666667
2021-06-01 08:00:00,1.33333333333333,8,1,1,6,2021,2,22,0,0.8660254037844387,-0.4999999999999998,0.7818314824680298,0.6234898018587336,1.2246467991473532e-16,-1.0,0.0333333333333333,0.4,3.0,2.13333333333333,1.6,0.5888888888888866,0.670268050304656,0.0333333333333333,1.33333333333333,1.1444444444444457,1.0726222627368251,0.0333333333333333,3.0,1.2999999999999967,0.9333333333333299
2021-06-02 10:00:00,0.4,10,2,2,6,2021,2,22,0,0.49999999999999994,-0.8660254037844387,0.9749279121818236,-0.22252093395631434,1.2246467991473532e-16,-1.0,1.33333333333333,0.0333333333333333,0.4,1.53333333333333,14.8,0.5888888888888865,0.670268050304656,0.0333333333333333,1.33333333333333,0.9555555555555575,1.0900900404537446,0.0333333333333333,3.0,-0.9333333333333299,0.3666666666666667
2021-06-18 12:00:00,4.73333333333333,12,4,18,6,2021,2,24,0,1.2246467991473532e-16,-1.0,-0.433883739117558,-0.9009688679024191,1.2246467991473532e-16,-1.0,0.4,1.33333333333333,0.0333333333333333,0.566666666666667,1.86666666666667,2.155555555555552,2.2806756633685175,0.4,4.73333333333333,1.6500000000000012,1.8530155602872866,0.0333333333333333,4.73333333333333,4.3333333333333295,3.4
2021-06-21 11:00:00,25.6,11,0,21,6,2021,2,25,0,0.258819045102521,-0.9659258262890682,0.0,1.0,1.2246467991473532e-16,-1.0,4.73333333333333,0.4,1.33333333333333,3.0,1.03333333333333,10.244444444444442,13.473650554295197,0.4,25.6,5.416666666666668,10.03814391873983,0.0333333333333333,25.6,20.86666666666667,25.200000000000003
2021-06-24 15:00:00,2.13333333333333,15,3,24,6,2021,2,25,0,-0.7071067811865471,-0.7071067811865479,0.43388373911755823,-0.900968867902419,1.2246467991473532e-16,-1.0,25.6,4.73333333333333,0.4,0.4,1.23333333333333,10.822222222222221,12.863787818408584,2.13333333333333,25.6,5.705555555555557,9.888723469278123,0.0333333333333333,25.6,-23.466666666666672,-2.5999999999999996
2021-06-25 08:00:00,3.06666666666667,8,4,25,6,2021,2,25,0,0.8660254037844387,-0.4999999999999998,-0.433883739117558,-0.9009688679024191,1.2246467991473532e-16,-1.0,2.13333333333333,25.6,4.73333333333333,0.0333333333333333,3.26666666666667,10.266666666666666,13.287253708389523,2.13333333333333,25.6,6.211111111111113,9.614472116246121,0.4,25.6,0.9333333333333398,-22.53333333333333
2021-06-25 10:00:00,0.966666666666667,10,4,25,6,2021,2,25,0,0.49999999999999994,-0.8660254037844387,-0.433883739117558,-0.9009688679024191,1.2246467991473532e-16,-1.0,3.06666666666667,2.13333333333333,25.6,1.33333333333333,2.13333333333333,2.0555555555555545,1.0521582756586567,0.966666666666667,3.06666666666667,6.150000000000001,9.652765867298813,0.4,25.6,-2.100000000000003,-1.1666666666666632
2021-06-25 12:00:00,2.0,12,4,25,6,2021,2,25,0,1.2246467991473532e-16,-1.0,-0.433883739117558,-0.9009688679024191,1.2246467991473532e-16,-1.0,0.966666666666667,3.06666666666667,2.13333333333333,0.4,1.53333333333333,2.011111111111111,1.0500440907850268,0.966666666666667,3.06666666666667,6.416666666666668,9.4827504214524,0.966666666666667,25.6,1.033333333333333,-1.06666666666667
2021-06-26 08:00:00,1.26666666666667,8,5,26,6,2021,2,25,1,0.8660254037844387,-0.4999999999999998,-0.9749279121818236,-0.2225209339563146,1.2246467991473532e-16,-1.0,2.0,0.966666666666667,3.06666666666667,4.73333333333333,0.566666666666667,1.4111111111111112,0.5315943872846549,0.966666666666667,2.0,5.838888888888892,9.708745580183923,0.966666666666667,25.6,-0.7333333333333301,0.30000000000000293
2021-06-26 09:00:00,0.366666666666667,9,5,26,6,2021,2,25,1,0.7071067811865476,-0.7071067811865475,-0.9749279121818236,-0.2225209339563146,1.2246467991473532e-16,-1.0,1.26666666666667,2.0,0.966666666666667,25.6,3.0,1.211111111111111,0.8180826726310819,0.366666666666667,2.0,1.6333333333333364,0.9614803401238049,0.366666666666667,3.06666666666667,-0.900000000000003,-1.633333333333333
2021-06-26 10:00:00,15.7,10,5,26,6,2021,2,25,1,0.49999999999999994,-0.8660254037844387,-0.9749279121818236,-0.2225209339563146,1.2246467991473532e-16,-1.0,0.366666666666667,1.26666666666667,2.0,2.13333333333333,0.4,5.777777777777778,8.60467142721733,0.366666666666667,15.7,3.894444444444448,5.857774194907024,0.366666666666667,15.7,15.333333333333332,14.43333333333333
2021-06-26 13:00:00,1.5,13,5,26,6,2021,2,25,1,-0.2588190451025208,-0.9659258262890683,-0.9749279121818236,-0.2225209339563146,1.2246467991473532e-16,-1.0,15.7,0.366666666666667,1.26666666666667,3.06666666666667,0.0333333333333333,5.855555555555554,8.544350526864278,0.366666666666667,15.7,3.6333333333333364,5.936441133653517,0.366666666666667,15.7,-14.2,1.133333333333333
2021-06-28 13:00:00,1.63333333333333,13,0,28,6,2021,2,26,0,-0.2588190451025208,-0.9659258262890683,0.0,1.0,1.2246467991473532e-16,-1.0,1.5,15.7,0.366666666666667,0.966666666666667,1.33333333333333,6.277777777777775,8.160156135034924,1.5,15.7,3.7444444444444467,5.882541652746406,0.366666666666667,15.7,0.13333333333332997,-14.06666666666667
2021-06-29 10:00:00,2.8,10,1,29,6,2021,2,26,0,0.49999999999999994,-0.8660254037844387,0.7818314824680298,0.6234898018587336,1.2246467991473532e-16,-1.0,1.63333333333333,1.5,15.7,2.0,0.4,1.9777777777777754,0.7151793351890338,1.5,2.8,3.87777777777778,5.844034628639777,0.366666666666667,15.7,1.1666666666666698,1.2999999999999998
2021-06-29 17:00:00,3.13333333333333,17,1,29,6,2021,2,26,0,-0.9659258262890683,-0.25881904510252063,0.7818314824680298,0.6234898018587336,1.2246467991473532e-16,-1.0,2.8,1.63333333333333,1.5,1.26666666666667,4.73333333333333,2.522222222222219,0.7876359377087359,1.63333333333333,3.13333333333333,4.18888888888889,5.725718457263854,0.366666666666667,15.7,0.3333333333333304,1.5000000000000002
2021-06-30 16:00:00,14.7,16,2,30,6,2021,2,26,0,-0.8660254037844385,-0.5000000000000004,0.9749279121818236,-0.22252093395631434,1.2246467991473532e-16,-1.0,3.13333333333333,2.8,1.63333333333333,0.366666666666667,25.6,6.8777777777777755,6.776293097863177,2.8,14.7,6.577777777777778,6.716436444910248,1.5,15.7,11.56666666666667,11.899999999999999
2021-07-01 01:00:00,0.00333333333333333,1,3,1,7,2021,3,26,0,0.25881904510252074,0.9659258262890683,0.43388373911755823,-0.900968867902419,-0.4999999999999997,-0.8660254037844388,14.7,3.13333333333333,2.8,15.7,2.13333333333333,5.945555555555553,7.741411250421212,0.00333333333333333,14.7,3.9616666666666682,5.375811566638113,0.00333333333333333,14.7,-14.696666666666665,-3.129999999999997
2021-07-01 08:00:00,0.3,8,3,1,7,2021,3,26,0,0.8660254037844387,-0.4999999999999998,0.43388373911755823,-0.900968867902419,-0.4999999999999997,-0.8660254037844388,0.00333333333333333,14.7,3.13333333333333,1.5,3.06666666666667,5.0011111111111095,8.400793833741963,0.00333333333333333,14.7,3.7616666666666685,5.506446222383373,0.00333333333333333,14.7,0.29666666666666663,-14.399999999999999
2021-07-01 16:00:00,15.3,16,3,1,7,2021,3,26,0,-0.8660254037844385,-0.5000000000000004,0.43388373911755823,-0.900968867902419,-0.4999999999999997,-0.8660254037844388,0.3,0.00333333333333333,14.7,1.63333333333333,0.966666666666667,5.20111111111111,8.747152129142966,0.00333333333333333,15.3,6.039444444444446,7.058023146798319,0.00333333333333333,15.3,15.0,15.296666666666667
2021-07-04 10:00:00,0.933333333333333,10,6,4,7,2021,3,26,1,0.49999999999999994,-0.8660254037844387,-0.7818314824680299,0.6234898018587334,-0.4999999999999997,-0.8660254037844388,15.3,0.3,0.00333333333333333,2.8,2.0,5.511111111111109,8.483338790655305,0.3,15.3,5.728333333333335,7.267407836819589,0.00333333333333333,15.3,-14.366666666666667,0.6333333333333331
2021-07-04 12:00:00,0.6,12,6,4,7,2021,3,26,1,1.2246467991473532e-16,-1.0,-0.7818314824680299,0.6234898018587334,-0.4999999999999997,-0.8660254037844388,0.933333333333333,15.3,0.3,3.13333333333333,1.26666666666667,5.61111111111111,8.392478996321866,0.6,15.3,5.306111111111114,7.517609081103939,0.00333333333333333,15.3,-0.33333333333333304,-14.700000000000001
2021-07-04 14:00:00,2.0,14,6,4,7,2021,3,26,1,-0.4999999999999997,-0.8660254037844388,-0.7818314824680299,0.6234898018587334,-0.4999999999999997,-0.8660254037844388,0.6,0.933333333333333,15.3,14.7,0.366666666666667,1.1777777777777765,0.7313103409734849,0.6,2.0,3.189444444444447,5.97286844049051,0.00333333333333333,15.3,1.4,1.0666666666666669
2021-07-05 12:00:00,1.86666666666667,12,0,5,7,2021,3,27,0,1.2246467991473532e-16,-1.0,0.0,1.0,-0.4999999999999997,-0.8660254037844388,2.0,0.6,0.933333333333333,0.00333333333333333,15.7,1.488888888888889,0.7726817178094615,0.6,2.0,3.500000000000003,5.820576527382081,0.3,15.3,-0.13333333333332997,1.2666666666666702
2021-07-05 17:00:00,4.93333333333333,17,0,5,7,2021,3,27,0,-0.9659258262890683,-0.25881904510252063,0.0,1.0,-0.4999999999999997,-0.8660254037844388,1.86666666666667,2.0,0.6,0.3,1.5,2.9333333333333322,1.7333333333333167,1.86666666666667,4.93333333333333,4.272222222222225,5.614838146145223,0.6,15.3,3.06666666666666,2.93333333333333
2021-07-12 07:00:00,1.23333333333333,7,0,12,7,2021,3,28,0,0.9659258262890683,-0.25881904510252063,0.0,1.0,-0.4999999999999997,-0.8660254037844388,4.93333333333333,1.86666666666667,2.0,15.3,1.63333333333333,2.677777777777776,1.9788698607856636,1.23333333333333,4.93333333333333,1.9277777777777796,1.5669385106941596,0.6,4.93333333333333,-3.7,-0.63333333333334
2021-07-14 11:00:00,0.766666666666667,11,2,14,7,2021,3,28,0,0.258819045102521,-0.9659258262890682,0.9749279121818236,-0.22252093395631434,-0.4999999999999997,-0.8660254037844388,1.23333333333333,4.93333333333333,1.86666666666667,0.933333333333333,2.8,2.3111111111111082,2.282866943446644,0.766666666666667,4.93333333333333,1.900000000000002,1.589409394153173,0.6,4.93333333333333,-0.466666666666663,-4.1666666666666625
2021-07-14 12:00:00,26.3,12,2,14,7,2021,3,28,0,1.2246467991473532e-16,-1.0,0.9749279121818236,-0.22252093395631434,-0.4999999999999997,-0.8660254037844388,0.766666666666667,1.23333333333333,4.93333333333333,0.6,3.13333333333333,9.433333333333332,14.608825338738834,0.766666666666667,26.3,6.1833333333333345,9.962122709989524,0.766666666666667,26.3,25.533333333333335,25.06666666666667
2021-07-16 08:00:00,0.5,8,4,16,7,2021,3,28,0,0.8660254037844387,-0.4999999999999998,-0.433883739117558,-0.9009688679024191,-0.4999999999999997,-0.8660254037844388,26.3,0.766666666666667,1.23333333333333,2.0,14.7,9.188888888888888,14.819256741495856,0.5,26.3,5.9333333333333345,10.105883874698392,0.5,26.3,-25.8,-0.26666666666666705
2021-07-20 15:00:00,2.6,15,1,20,7,2021,3,29,0,-0.7071067811865471,-0.7071067811865479,0.7818314824680298,0.6234898018587336,-0.4999999999999997,-0.8660254037844388,0.5,26.3,0.766666666666667,1.86666666666667,0.00333333333333333,9.799999999999999,14.327944723511463,0.5,26.3,6.055555555555557,10.051150661970487,0.5,26.3,2.1,-23.7
2021-07-24 17:00:00,2.96666666666667,17,5,24,7,2021,3,29,1,-0.9659258262890683,-0.25881904510252063,-0.9749279121818236,-0.2225209339563146,-0.4999999999999997,-0.8660254037844388,2.6,0.5,26.3,4.93333333333333,0.3,2.022222222222222,1.3309701279447885,0.5,2.96666666666667,5.7277777777777805,10.126849168130935,0.5,26.3,0.3666666666666698,2.46666666666667
2021-07-24 19:00:00,2.0,19,5,24,7,2021,3,29,1,-0.9659258262890684,0.2588190451025203,-0.9749279121818236,-0.2225209339563146,-0.4999999999999997,-0.8660254037844388,2.96666666666667,2.6,0.5,1.23333333333333,15.3,2.522222222222222,0.48800425013316867,2.0,2.96666666666667,5.855555555555559,10.06343583179924,0.5,26.3,-0.9666666666666699,-0.6000000000000001
2021-07-27 16:00:00,3.13333333333333,16,1,27,7,2021,3,30,0,-0.8660254037844385,-0.5000000000000004,0.7818314824680298,0.6234898018587336,-0.4999999999999997,-0.8660254037844388,2.0,2.96666666666667,2.6,0.766666666666667,0.933333333333333,2.6999999999999993,0.6119186583561022,2.0,3.13333333333333,6.2500000000000036,9.868575265851595,0.5,26.3,1.1333333333333302,0.1666666666666603
2021-07-29 11:00:00,14.3,11,3,29,7,2021,3,30,0,0.258819045102521,-0.9659258262890682,0.43388373911755823,-0.900968867902419,-0.4999999999999997,-0.8660254037844388,3.13333333333333,2.0,2.96666666666667,26.3,0.6,6.477777777777777,6.79790272668574,2.0,14.3,4.250000000000003,5.014855708570078,0.5,14.3,11.166666666666671,12.3
2021-07-30 08:00:00,2.06666666666667,8,4,30,7,2021,3,30,0,0.8660254037844387,-0.4999999999999998,-0.433883739117558,-0.9009688679024191,-0.4999999999999997,-0.8660254037844388,14.3,3.13333333333333,2.0,0.5,2.0,6.5,6.776019808445395,2.06666666666667,14.3,4.511111111111114,4.8174528385706035,2.0,14.3,-12.23333333333333,-1.0666666666666602
2021-08-03 08:00:00,0.333333333333333,8,1,3,8,2021,3,31,0,0.8660254037844387,-0.4999999999999998,0.7818314824680298,0.6234898018587336,-0.8660254037844385,-0.5000000000000004,2.06666666666667,14.3,3.13333333333333,2.6,1.86666666666667,5.566666666666667,7.612781649597232,0.333333333333333,14.3,4.1333333333333355,5.079063780746311,0.333333333333333,14.3,-1.733333333333337,-13.966666666666669
2021-08-03 10:00:00,0.5,10,1,3,8,2021,3,31,0,0.49999999999999994,-0.8660254037844387,0.7818314824680298,0.6234898018587336,-0.8660254037844385,-0.5000000000000004,0.333333333333333,2.06666666666667,14.3,2.96666666666667,4.93333333333333,0.9666666666666671,0.9562658858520122,0.333333333333333,2.06666666666667,3.7222222222222245,5.287917744639585,0.333333333333333,14.3,0.16666666666666702,-1.56666666666667
2021-08-04 11:00:00,3.16666666666667,11,2,4,8,2021,3,31,0,0.258819045102521,-0.9659258262890682,0.9749279121818236,-0.22252093395631434,-0.8660254037844385,-0.5000000000000004,0.5,0.333333333333333,2.06666666666667,2.0,1.23333333333333,1.333333333333334,1.5898986690282095,0.333333333333333,3.16666666666667,3.9166666666666696,5.23308916627859,0.333333333333333,14.3,2.66666666666667,2.833333333333337
2021-08-04 12:00:00,16.55,12,2,4,8,2021,3,31,0,1.2246467991473532e-16,-1.0,0.9749279121818236,-0.22252093395631434,-0.8660254037844385,-0.5000000000000004,3.16666666666667,0.5,0.333333333333333,3.13333333333333,0.766666666666667,6.73888888888889,8.600651353455948,0.5,16.55,6.152777777777781,7.292632634429137,0.333333333333333,16.55,13.383333333333331,16.05
2021-08-05 08:00:00,2.26666666666667,8,3,5,8,2021,3,31,0,0.8660254037844387,-0.4999999999999998,0.43388373911755823,-0.900968867902419,-0.8660254037844385,-0.5000000000000004,16.55,3.16666666666667,0.5,14.3,26.3,7.327777777777779,7.9993460380856725,2.26666666666667,16.55,4.147222222222227,6.172577497525898,0.333333333333333,16.55,-14.283333333333331,-0.8999999999999999
2021-08-05 10:00:00,25.7,10,3,5,8,2021,3,31,0,0.49999999999999994,-0.8660254037844387,0.43388373911755823,-0.900968867902419,-0.8660254037844385,-0.5000000000000004,2.26666666666667,16.55,3.16666666666667,2.06666666666667,0.5,14.838888888888889,11.810004390503147,2.26666666666667,25.7,8.086111111111114,10.560378868764698,0.333333333333333,25.7,23.43333333333333,9.149999999999999
2021-08-05 12:00:00,0.0333333333333333,12,3,5,8,2021,3,31,0,1.2246467991473532e-16,-1.0,0.43388373911755823,-0.900968867902419,-0.8660254037844385,-0.5000000000000004,25.7,2.26666666666667,16.55,0.333333333333333,2.6,9.333333333333334,14.217868257153661,0.0333333333333333,25.7,8.036111111111113,10.605042912934643,0.0333333333333333,25.7,-25.666666666666664,-2.233333333333337
2021-08-05 16:00:00,1.2,16,3,5,8,2021,3,31,0,-0.8660254037844385,-0.5000000000000004,0.43388373911755823,-0.900968867902419,-0.8660254037844385,-0.5000000000000004,0.0333333333333333,25.7,2.26666666666667,0.5,2.96666666666667,8.977777777777776,14.493612897232172,0.0333333333333333,25.7,8.15277777777778,10.508971916450289,0.0333333333333333,25.7,1.1666666666666667,-24.5
2021-08-06 17:00:00,4.8,17,4,6,8,2021,3,31,0,-0.9659258262890683,-0.25881904510252063,-0.433883739117558,-0.9009688679024191,-0.8660254037844385,-0.5000000000000004,1.2,0.0333333333333333,25.7,3.16666666666667,2.0,2.0111111111111097,2.4846938853113505,0.0333333333333333,4.8,8.425000000000002,10.374272397511929,0.0333333333333333,25.7,3.5999999999999996,4.766666666666667
2021-08-07 08:00:00,1.2,8,5,7,8,2021,3,31,1,0.8660254037844387,-0.4999999999999998,-0.9749279121818236,-0.2225209339563146,-0.8660254037844385,-0.5000000000000004,4.8,1.2,0.0333333333333333,16.55,3.13333333333333,2.399999999999999,2.07846096908263,1.2,4.8,5.86666666666667,9.849286494180406,0.0333333333333333,25.7,-3.5999999999999996,0.0
2021-08-09 21:00:00,15.9,21,0,9,8,2021,3,32,0,-0.7071067811865477,0.7071067811865474,0.0,1.0,-0.8660254037844385,-0.5000000000000004,1.2,4.8,1.2,2.26666666666667,14.3,7.3,7.662245101796205,1.2,15.9,8.138888888888891,10.40934231387399,0.0333333333333333,25.7,14.700000000000001,11.100000000000001
2021-08-10 10:00:00,14.4666666666667,10,1,10,8,2021,3,32,0,0.49999999999999994,-0.8660254037844387,0.7818314824680298,0.6234898018587336,-0.8660254037844385,-0.5000000000000004,15.9,1.2,4.8,25.7,2.06666666666667,10.522222222222233,8.105028160437296,1.2,15.9,6.2666666666666755,7.104771479630997,0.0333333333333333,15.9,-1.4333333333332998,13.266666666666701
2021-08-10 17:00:00,5.5,17,1,10,8,2021,3,32,0,-0.9659258262890683,-0.25881904510252063,0.7818314824680298,0.6234898018587336,-0.8660254037844385,-0.5000000000000004,14.4666666666667,15.9,1.2,0.0333333333333333,0.333333333333333,11.955555555555565,5.636422558614577,5.5,15.9,7.177777777777787,6.46747990304543,1.2,15.9,-8.9666666666667,-10.4
2021-08-12 15:00:00,2.63333333333333,15,3,12,8,2021,3,32,0,-0.7071067811865471,-0.7071067811865479,0.43388373911755823,-0.900968867902419,-0.8660254037844385,-0.5000000000000004,5.5,14.4666666666667,15.9,1.2,0.5,7.533333333333343,6.173149745290321,2.63333333333333,14.4666666666667,7.416666666666674,6.224423221829046,1.2,15.9,-2.86666666666667,-11.833333333333371
2021-08-12 16:00:00,3.93333333333333,16,3,12,8,2021,3,32,0,-0.8660254037844385,-0.5000000000000004,0.43388373911755823,-0.900968867902419,-0.8660254037844385,-0.5000000000000004,2.63333333333333,5.5,14.4666666666667,4.8,3.16666666666667,4.022222222222219,1.4353990282741158,2.63333333333333,5.5,7.272222222222229,6.306801149611503,1.2,15.9,1.2999999999999998,-1.56666666666667
2021-08-14 08:00:00,0.5,8,5,14,8,2021,3,32,1,0.8660254037844387,-0.4999999999999998,-0.9749279121818236,-0.2225209339563146,-0.8660254037844385,-0.5000000000000004,3.93333333333333,2.63333333333333,5.5,1.2,16.55,2.355555555555552,1.733440167647761,0.5,3.93333333333333,7.155555555555562,6.4465207383231045,0.5,15.9,-3.43333333333333,-2.13333333333333
2021-08-16 08:00:00,2.03333333333333,8,0,16,8,2021,3,33,0,0.8660254037844387,-0.4999999999999998,0.0,1.0,-0.8660254037844385,-0.5000000000000004,0.5,3.93333333333333,2.63333333333333,15.9,2.26666666666667,2.155555555555552,1.7199267856940976,0.5,3.93333333333333,4.844444444444451,5.010241363299655,0.5,14.4666666666667,1.53333333333333,-1.9
2021-08-18 13:00:00,2.0,13,2,18,8,2021,3,33,0,-0.2588190451025208,-0.9659258262890683,0.9749279121818236,-0.22252093395631434,-0.8660254037844385,-0.5000000000000004,2.03333333333333,0.5,3.93333333333333,14.4666666666667,25.7,1.5111111111111086,0.8758065066194235,0.5,2.03333333333333,2.7666666666666675,1.738581797519691,0.5,5.5,-0.033333333333330106,1.5
2021-08-20 01:00:00,0.0666666666666667,1,4,20,8,2021,3,33,0,0.25881904510252074,0.9659258262890683,-0.433883739117558,-0.9009688679024191,-0.8660254037844385,-0.5000000000000004,2.0,2.03333333333333,0.5,5.5,0.0333333333333333,1.3666666666666645,1.1259563836035824,0.0666666666666667,2.03333333333333,1.8611111111111118,1.415064453446394,0.0666666666666667,3.93333333333333,-1.9333333333333333,-1.9666666666666635
2021-08-21 15:00:00,1.8,15,5,21,8,2021,3,33,1,-0.7071067811865471,-0.7071067811865479,-0.9749279121818236,-0.2225209339563146,-0.8660254037844385,-0.5000000000000004,0.0666666666666667,2.0,2.03333333333333,2.63333333333333,1.2,1.2888888888888876,1.0631887745693385,0.0666666666666667,2.0,1.7222222222222239,1.3640897113976325,0.0666666666666667,3.93333333333333,1.7333333333333334,-0.19999999999999996
2021-08-23 08:00:00,2.2,8,0,23,8,2021,3,34,0,0.8660254037844387,-0.4999999999999998,0.0,1.0,-0.8660254037844385,-0.5000000000000004,1.8,0.0666666666666667,2.0,3.93333333333333,4.8,1.3555555555555543,1.1339867397486656,0.0666666666666667,2.2,1.4333333333333353,0.9101892355134639,0.0666666666666667,2.2,0.40000000000000013,2.1333333333333333
2021-08-27 13:00:00,0.833333333333333,13,4,27,8,2021,3,34,0,-0.2588190451025208,-0.9659258262890683,-0.433883739117558,-0.9009688679024191,-0.8660254037844385,-0.5000000000000004,2.2,1.8,0.0666666666666667,0.5,1.2,1.6111111111111098,0.7026405223893563,0.833333333333333,2.2,1.4888888888888907,0.8500108931764685,0.0666666666666667,2.2,-1.3666666666666671,-0.966666666666667
2021-08-27 15:00:00,3.33333333333333,15,4,27,8,2021,3,34,0,-0.7071067811865471,-0.7071067811865479,-0.433883739117558,-0.9009688679024191,-0.8660254037844385,-0.5000000000000004,0.833333333333333,2.2,1.8,2.03333333333333,15.9,2.12222222222222,1.2518134993028793,0.833333333333333,3.33333333333333,1.7055555555555575,1.134590805663625,0.0666666666666667,3.33333333333333,2.499999999999997,1.1333333333333298
2021-09-01 00:00:00,0.0,0,2,1,9,2021,3,35,0,0.0,1.0,0.9749279121818236,-0.22252093395631434,-1.0,-1.8369701987210297e-16,3.33333333333333,0.833333333333333,2.2,2.0,14.4666666666667,1.3888888888888864,1.7347216662217415,0.0,3.33333333333333,1.3722222222222242,1.3108803940129492,0.0,3.33333333333333,-3.33333333333333,-0.833333333333333
2021-09-01 01:00:00,0.0333333333333333,1,2,1,9,2021,3,35,0,0.25881904510252074,0.9659258262890683,0.9749279121818236,-0.22252093395631434,-1.0,-1.8369701987210297e-16,0.0,3.33333333333333,0.833333333333333,0.0666666666666667,5.5,1.1222222222222198,1.914950922879464,0.0,3.33333333333333,1.3666666666666687,1.3175735273601006,0.0,3.33333333333333,0.0333333333333333,-3.2999999999999967
2021-09-04 09:00:00,0.333333333333333,9,5,4,9,2021,3,35,1,0.7071067811865476,-0.7071067811865475,-0.9749279121818236,-0.2225209339563146,-1.0,-1.8369701987210297e-16,0.0333333333333333,0.0,3.33333333333333,1.8,2.63333333333333,0.1222222222222209,0.18358568490919602,0.0,0.333333333333333,1.1222222222222238,1.356575208492487,0.0,3.33333333333333,0.2999999999999997,0.333333333333333
2021-09-08 10:00:00,1.5,10,2,8,9,2021,3,36,0,0.49999999999999994,-0.8660254037844387,0.9749279121818236,-0.22252093395631434,-1.0,-1.8369701987210297e-16,0.333333333333333,0.0333333333333333,0.0,2.2,3.93333333333333,0.6222222222222209,0.7748357054048609,0.0333333333333333,1.5,1.0055555555555573,1.2728649516682136,0.0,3.33333333333333,1.166666666666667,1.4666666666666668
2021-09-08 16:00:00,3.33333333333333,16,2,8,9,2021,3,36,0,-0.8660254037844385,-0.5000000000000004,0.9749279121818236,-0.22252093395631434,-1.0,-1.8369701987210297e-16,1.5,0.333333333333333,0.0333333333333333,0.833333333333333,0.5,1.7222222222222197,1.5122952876462044,0.333333333333333,3.33333333333333,1.4222222222222234,1.5778560230989913,0.0,3.33333333333333,1.83333333333333,2.999999999999997
2021-09-09 10:00:00,3.8,10,3,9,9,2021,3,36,0,0.49999999999999994,-0.8660254037844387,0.43388373911755823,-0.900968867902419,-1.0,-1.8369701987210297e-16,3.33333333333333,1.5,0.333333333333333,3.33333333333333,2.03333333333333,2.877777777777775,1.2157911614039794,1.5,3.8,1.5000000000000018,1.6978417672641948,0.0,3.8,0.4666666666666699,2.3
2021-09-17 08:00:00,2.2,8,4,17,9,2021,3,37,0,0.8660254037844387,-0.4999999999999998,-0.433883739117558,-0.9009688679024191,-1.0,-1.8369701987210297e-16,3.8,3.33333333333333,1.5,0.0,2.0,3.111111111111109,0.8228226036254278,2.2,3.8,1.8666666666666683,1.539263893337809,0.0333333333333333,3.8,-1.5999999999999996,-1.1333333333333298
2021-09-20 12:00:00,3.46666666666667,12,0,20,9,2021,3,38,0,1.2246467991473532e-16,-1.0,0.0,1.0,-1.0,-1.8369701987210297e-16,2.2,3.8,3.33333333333333,0.0333333333333333,0.0666666666666667,3.155555555555555,0.8441519961431623,2.2,3.8,2.4388888888888913,1.3476591502250568,0.333333333333333,3.8,1.2666666666666697,-0.33333333333332993
2021-09-20 13:00:00,2.5,13,0,20,9,2021,3,38,0,-0.2588190451025208,-0.9659258262890683,0.0,1.0,-1.0,-1.8369701987210297e-16,3.46666666666667,2.2,3.8,0.333333333333333,1.8,2.7222222222222228,0.6619276003824289,2.2,3.46666666666667,2.8000000000000025,0.8796463936025166,1.5,3.8,-0.9666666666666699,0.2999999999999998
2021-09-21 11:00:00,2.63333333333333,11,1,21,9,2021,3,38,0,0.258819045102521,-0.9659258262890682,0.7818314824680298,0.6234898018587336,-1.0,-1.8369701987210297e-16,2.5,3.46666666666667,2.2,1.5,2.2,2.8666666666666654,0.5238744548499552,2.5,3.46666666666667,2.9888888888888907,0.6312832316152982,2.2,3.8,0.1333333333333302,-0.8333333333333397
2021-09-21 17:00:00,2.96666666666667,17,1,21,9,2021,3,38,0,-0.9659258262890683,-0.25881904510252063,0.7818314824680298,0.6234898018587336,-1.0,-1.8369701987210297e-16,2.63333333333333,2.5,3.46666666666667,3.33333333333333,0.833333333333333,2.699999999999999,0.24037008503070548,2.5,2.96666666666667,2.9277777777777807,0.6086110477205814,2.2,3.8,0.3333333333333397,0.4666666666666699
2021-09-23 17:00:00,5.06666666666667,17,3,23,9,2021,3,38,0,-0.9659258262890683,-0.25881904510252063,0.43388373911755823,-0.900968867902419,-1.0,-1.8369701987210297e-16,2.96666666666667,2.63333333333333,2.5,3.8,3.33333333333333,3.5555555555555554,1.3192309768839838,2.63333333333333,5.06666666666667,3.1388888888888924,1.0391057408853437,2.2,5.06666666666667,2.1,2.43333333333334
2021-09-24 08:00:00,0.533333333333333,8,4,24,9,2021,3,38,0,0.8660254037844387,-0.4999999999999998,-0.433883739117558,-0.9009688679024191,-1.0,-1.8369701987210297e-16,5.06666666666667,2.96666666666667,2.63333333333333,2.2,0.0,2.855555555555556,2.268708230918409,0.533333333333333,5.06666666666667,2.8611111111111143,1.4726267787969123,0.533333333333333,5.06666666666667,-4.533333333333337,-2.433333333333337
2021-09-24 16:00:00,1.33333333333333,16,4,24,9,2021,3,38,0,-0.8660254037844385,-0.5000000000000004,-0.433883739117558,-0.9009688679024191,-1.0,-1.8369701987210297e-16,0.533333333333333,5.06666666666667,2.96666666666667,3.46666666666667,0.0333333333333333,2.3111111111111096,2.4196724602339708,0.533333333333333,5.06666666666667,2.5055555555555578,1.5525486811715599,0.533333333333333,5.06666666666667,0.7999999999999969,-3.73333333333334
2021-09-25 10:00:00,2.2,10,5,25,9,2021,3,38,1,0.49999999999999994,-0.8660254037844387,-0.9749279121818236,-0.2225209339563146,-1.0,-1.8369701987210297e-16,1.33333333333333,0.533333333333333,5.06666666666667,2.5,0.333333333333333,1.3555555555555532,0.8335555259337546,0.533333333333333,2.2,2.455555555555558,1.5575859764630062,0.533333333333333,5.06666666666667,0.8666666666666702,1.6666666666666672
2021-09-25 13:00:00,1.8,13,5,25,9,2021,3,38,1,-0.2588190451025208,-0.9659258262890683,-0.9749279121818236,-0.2225209339563146,-1.0,-1.8369701987210297e-16,2.2,1.33333333333333,0.533333333333333,2.63333333333333,1.5,1.7777777777777752,0.4337604732430504,1.33333333333333,2.2,2.3166666666666695,1.5756127555829507,0.533333333333333,5.06666666666667,-0.40000000000000013,0.4666666666666701
2021-09-26 08:00:00,1.3,8,6,26,9,2021,3,38,1,0.8660254037844387,-0.4999999999999998,-0.7818314824680299,0.6234898018587334,-1.0,-1.8369701987210297e-16,1.8,2.2,1.33333333333333,2.96666666666667,3.33333333333333,1.7666666666666657,0.45092497528216224,1.3,2.2,2.038888888888891,1.5849874400717907,0.533333333333333,5.06666666666667,-0.5,-0.9000000000000001
2021-09-27 12:00:00,0.6,12,0,27,9,2021,3,39,0,1.2246467991473532e-16,-1.0,0.0,1.0,-1.0,-1.8369701987210297e-16,1.3,1.8,2.2,5.06666666666667,3.8,1.2333333333333323,0.602771377334073,0.6,1.8,1.2944444444444463,0.6540189146659912,0.533333333333333,2.2,-0.7000000000000001,-1.2000000000000002
2021-09-29 15:00:00,1.93333333333333,15,2,29,9,2021,3,39,0,-0.7071067811865471,-0.7071067811865479,0.9749279121818236,-0.22252093395631434,-1.0,-1.8369701987210297e-16,0.6,1.3,1.8,0.533333333333333,2.2,1.2777777777777757,0.6669443865980843,0.6,1.93333333333333,1.5277777777777792,0.5728744933973972,0.6,2.2,1.33333333333333,0.63333333333333
2021-10-01 01:00:00,0.0333333333333333,1,4,1,10,2021,4,39,0,0.25881904510252074,0.9659258262890683,-0.433883739117558,-0.9009688679024191,-0.8660254037844386,0.5000000000000001,1.93333333333333,0.6,1.3,1.33333333333333,3.46666666666667,0.8555555555555534,0.9754391223860964,0.0333333333333333,1.93333333333333,1.311111111111113,0.8431861970900035,0.0333333333333333,2.2,-1.8999999999999968,-0.5666666666666667
2021-10-01 08:00:00,0.333333333333333,8,4,1,10,2021,4,39,0,0.8660254037844387,-0.4999999999999998,-0.433883739117558,-0.9009688679024191,-0.8660254037844386,0.5000000000000001,0.0333333333333333,1.93333333333333,0.6,2.2,2.5,0.7666666666666643,1.02143689640291,0.0333333333333333,1.93333333333333,1.0000000000000018,0.7924645102464463,0.0333333333333333,1.93333333333333,0.2999999999999997,-1.599999999999997
2021-10-01 10:00:00,1.8,10,4,1,10,2021,4,39,0,0.49999999999999994,-0.8660254037844387,-0.433883739117558,-0.9009688679024191,-0.8660254037844386,0.5000000000000001,0.333333333333333,0.0333333333333333,1.93333333333333,1.8,2.63333333333333,0.722222222222221,0.9453590342846377,0.0333333333333333,1.8,1.0000000000000018,0.7924645102464463,0.0333333333333333,1.93333333333333,1.466666666666667,1.7666666666666668
2021-10-01 11:00:00,1.26666666666667,11,4,1,10,2021,4,39,0,0.258819045102521,-0.9659258262890682,-0.433883739117558,-0.9009688679024191,-0.8660254037844386,0.5000000000000001,1.8,0.333333333333333,0.0333333333333333,1.3,2.96666666666667,1.133333333333333,0.7423685817105903,0.333333333333333,1.8,0.9944444444444467,0.7900539128346403,0.0333333333333333,1.93333333333333,-0.5333333333333301,0.9333333333333369
2021-10-01 13:00:00,0.8,13,4,1,10,2021,4,39,0,-0.2588190451025208,-0.9659258262890683,-0.433883739117558,-0.9009688679024191,-0.8660254037844386,0.5000000000000001,1.26666666666667,1.8,0.333333333333333,0.6,5.06666666666667,1.288888888888889,0.500370233297558,0.8,1.8,1.0277777777777801,0.7741422971885961,0.0333333333333333,1.93333333333333,-0.4666666666666699,-1.0
2021-10-02 13:00:00,2.16666666666667,13,5,2,10,2021,4,39,1,-0.2588190451025208,-0.9659258262890683,-0.9749279121818236,-0.2225209339563146,-0.8660254037844386,0.5000000000000001,0.8,1.26666666666667,1.8,1.93333333333333,0.533333333333333,1.411111111111112,0.6946888458817212,0.8,2.16666666666667,1.0666666666666702,0.8323994767472116,0.0333333333333333,2.16666666666667,1.36666666666667,0.9000000000000001
2021-10-04 08:00:00,1.2,8,0,4,10,2021,4,40,0,0.8660254037844387,-0.4999999999999998,0.0,1.0,-0.8660254037844386,0.5000000000000001,2.16666666666667,0.8,1.26666666666667,0.0333333333333333,1.33333333333333,1.388888888888889,0.7026405223893576,0.8,2.16666666666667,1.2611111111111146,0.6614518263023091,0.333333333333333,2.16666666666667,-0.9666666666666701,0.3999999999999999
2021-10-05 09:00:00,2.7,9,1,5,10,2021,4,40,0,0.7071067811865476,-0.7071067811865475,0.7818314824680298,0.6234898018587336,-0.8660254037844386,0.5000000000000001,1.2,2.16666666666667,0.8,0.333333333333333,2.2,2.0222222222222226,0.7603605382632871,1.2,2.7,1.6555555555555592,0.7019549421016138,0.8,2.7,1.5000000000000002,0.5333333333333301
2021-10-05 11:00:00,24.6,11,1,5,10,2021,4,40,0,0.258819045102521,-0.9659258262890682,0.7818314824680298,0.6234898018587336,-0.8660254037844386,0.5000000000000001,2.7,1.2,2.16666666666667,1.8,1.8,9.5,13.098473193468006,1.2,24.6,5.455555555555559,9.4047899537456,0.8,24.6,21.900000000000002,23.400000000000002
2021-10-05 12:00:00,10.5,12,1,5,10,2021,4,40,0,1.2246467991473532e-16,-1.0,0.7818314824680298,0.6234898018587336,-0.8660254037844386,0.5000000000000001,24.6,2.7,1.2,1.26666666666667,1.3,12.6,11.1,2.7,24.6,6.994444444444447,9.337461388685112,0.8,24.6,-14.100000000000001,7.8
2021-10-05 15:00:00,0.466666666666667,15,1,5,10,2021,4,40,0,-0.7071067811865471,-0.7071067811865479,0.7818314824680298,0.6234898018587336,-0.8660254037844386,0.5000000000000001,10.5,24.6,2.7,0.8,0.6,11.855555555555554,12.123637762346437,0.466666666666667,24.6,6.938888888888893,9.382570523562812,0.466666666666667,24.6,-10.033333333333333,-24.133333333333333
2021-10-06 12:00:00,2.33333333333333,12,2,6,10,2021,4,40,0,1.2246467991473532e-16,-1.0,0.9749279121818236,-0.22252093395631434,-0.8660254037844386,0.5000000000000001,0.466666666666667,10.5,24.6,2.16666666666667,1.93333333333333,4.433333333333331,5.3361450921469835,0.466666666666667,10.5,6.966666666666669,9.365848125562962,0.466666666666667,24.6,1.866666666666663,-8.16666666666667
2021-10-07 16:00:00,3.33333333333333,16,3,7,10,2021,4,40,0,-0.8660254037844385,-0.5000000000000004,0.43388373911755823,-0.900968867902419,-0.8660254037844386,0.5000000000000001,2.33333333333333,0.466666666666667,10.5,1.2,0.0333333333333333,2.044444444444441,1.455004136432918,0.466666666666667,3.33333333333333,7.322222222222224,9.140937629189954,0.466666666666667,24.6,1.0,2.8666666666666627
2021-10-09 15:00:00,2.8,15,5,9,10,2021,4,40,1,-0.7071067811865471,-0.7071067811865479,-0.9749279121818236,-0.2225209339563146,-0.8660254037844386,0.5000000000000001,3.33333333333333,2.33333333333333,0.466666666666667,2.7,0.333333333333333,2.822222222222219,0.5003702332975521,2.33333333333333,3.33333333333333,7.338888888888891,9.130910059710295,0.466666666666667,24.6,-0.5333333333333301,0.4666666666666699
2021-10-19 10:00:00,1.53333333333333,10,1,19,10,2021,4,42,0,0.49999999999999994,-0.8660254037844387,0.7818314824680298,0.6234898018587336,-0.8660254037844386,0.5000000000000001,2.8,3.33333333333333,2.33333333333333,24.6,1.8,2.5555555555555522,0.924561958342809,1.53333333333333,3.33333333333333,3.4944444444444454,3.5762436324331506,0.466666666666667,10.5,-1.2666666666666697,-1.7999999999999998
2021-10-22 08:00:00,2.2,8,4,22,10,2021,4,42,0,0.8660254037844387,-0.4999999999999998,-0.433883739117558,-0.9009688679024191,-0.8660254037844386,0.5000000000000001,1.53333333333333,2.8,3.33333333333333,10.5,1.26666666666667,2.177777777777776,0.6336256635280451,1.53333333333333,2.8,2.111111111111112,1.0063502078008812,0.466666666666667,3.33333333333333,0.6666666666666701,-0.5999999999999996
2021-10-29 08:00:00,0.516666666666667,8,4,29,10,2021,4,43,0,0.8660254037844387,-0.4999999999999998,-0.433883739117558,-0.9009688679024191,-0.8660254037844386,0.5000000000000001,2.2,1.53333333333333,2.8,0.466666666666667,0.8,1.4166666666666645,0.8477093317352226,0.516666666666667,2.2,2.1194444444444454,0.9900851067047999,0.516666666666667,3.33333333333333,-1.6833333333333331,-1.016666666666663
2021-10-29 11:00:00,14.8,11,4,29,10,2021,4,43,0,0.258819045102521,-0.9659258262890682,-0.433883739117558,-0.9009688679024191,-0.8660254037844386,0.5000000000000001,0.516666666666667,2.2,1.53333333333333,2.33333333333333,2.16666666666667,5.838888888888889,7.806057714175378,0.516666666666667,14.8,4.197222222222224,5.286759316828619,0.516666666666667,14.8,14.283333333333333,12.600000000000001
2021-11-01 01:00:00,0.0,1,0,1,11,2021,4,44,0,0.25881904510252074,0.9659258262890683,0.0,1.0,-0.5000000000000004,0.8660254037844384,14.8,0.516666666666667,2.2,3.33333333333333,1.2,5.105555555555555,8.39960867695191,0.0,14.8,3.6416666666666693,5.563589468839152,0.0,14.8,-14.8,-0.516666666666667
2021-11-01 08:00:00,0.633333333333333,8,0,1,11,2021,4,44,0,0.8660254037844387,-0.4999999999999998,0.0,1.0,-0.5000000000000004,0.8660254037844384,0.0,14.8,0.516666666666667,2.8,2.7,5.144444444444443,8.367950322067673,0.0,14.8,3.280555555555558,5.697839909090968,0.0,14.8,0.633333333333333,-14.166666666666668
2021-11-01 09:00:00,0.0909090909090909,9,0,1,11,2021,4,44,0,0.7071067811865476,-0.7071067811865475,0.0,1.0,-0.5000000000000004,0.8660254037844384,0.633333333333333,0.0,14.8,1.53333333333333,24.6,0.2414141414141401,0.34244211985127754,0.0,0.633333333333333,3.0401515151515177,5.815517046796403,0.0,14.8,-0.542424242424242,0.0909090909090909
2021-11-01 15:00:00,1.0,15,0,1,11,2021,4,44,0,-0.7071067811865471,-0.7071067811865479,0.0,1.0,-0.5000000000000004,0.8660254037844384,0.0909090909090909,0.633333333333333,0.0,2.2,10.5,0.5747474747474735,0.45736833883362865,0.0909090909090909,1.0,2.840151515151518,5.870563111734026,0.0,14.8,0.9090909090909091,0.36666666666666703
2021-11-03 17:00:00,2.83333333333333,17,2,3,11,2021,4,44,0,-0.9659258262890683,-0.25881904510252063,0.9749279121818236,-0.22252093395631434,-0.5000000000000004,0.8660254037844384,1.0,0.0909090909090909,0.633333333333333,0.516666666666667,0.466666666666667,1.3080808080808057,1.3969280652881375,0.0909090909090909,2.83333333333333,3.226262626262628,5.762369827596722,0.0,14.8,1.83333333333333,2.742424242424239
2021-11-04 10:00:00,1.0,10,3,4,11,2021,4,44,0,0.49999999999999994,-0.8660254037844387,0.43388373911755823,-0.900968867902419,-0.5000000000000004,0.8660254037844384,2.83333333333333,1.0,0.0909090909090909,14.8,2.33333333333333,1.611111111111109,1.0584754935142318,1.0,2.83333333333333,0.926262626262628,1.0285308585389021,0.0,2.83333333333333,-1.83333333333333,0.0
2021-11-04 13:00:00,1.26666666666667,13,3,4,11,2021,4,44,0,-0.2588190451025208,-0.9659258262890683,0.43388373911755823,-0.900968867902419,-0.5000000000000004,0.8660254037844384,1.0,2.83333333333333,1.0,0.0,3.33333333333333,1.6999999999999986,0.990510530540154,1.0,2.83333333333333,1.1373737373737398,0.9251901086089178,0.0909090909090909,2.83333333333333,0.26666666666666994,-1.56666666666666
2021-11-08 15:00:00,2.33333333333333,15,0,8,11,2021,4,45,0,-0.7071067811865471,-0.7071067811865479,0.0,1.0,-0.5000000000000004,0.8660254037844384,1.26666666666667,1.0,2.83333333333333,0.633333333333333,2.8,1.533333333333332,0.7055336829504341,1.0,2.33333333333333,1.4207070707070724,0.9974446997137089,0.0909090909090909,2.83333333333333,1.06666666666666,1.33333333333333
2021-11-12 11:00:00,26.1,11,4,12,11,2021,4,45,0,0.258819045102521,-0.9659258262890682,-0.433883739117558,-0.9009688679024191,-0.5000000000000004,0.8660254037844384,2.33333333333333,1.26666666666667,1.0,0.0909090909090909,1.53333333333333,9.899999999999999,14.039745170210333,1.26666666666667,26.1,5.755555555555557,9.995280367735052,1.0,26.1,23.766666666666673,24.833333333333332
2021-11-13 08:00:00,0.333333333333333,8,5,13,11,2021,4,45,1,0.8660254037844387,-0.4999999999999998,-0.9749279121818236,-0.2225209339563146,-0.5000000000000004,0.8660254037844384,26.1,2.33333333333333,1.26666666666667,1.0,2.2,9.588888888888887,14.333966394288517,0.333333333333333,26.1,5.644444444444447,10.06219915584322,0.333333333333333,26.1,-25.76666666666667,-1.999999999999997
2021-11-13 10:00:00,13.7,10,5,13,11,2021,4,45,1,0.49999999999999994,-0.8660254037844387,-0.9749279121818236,-0.2225209339563146,-0.5000000000000004,0.8660254037844384,0.333333333333333,26.1,2.33333333333333,2.83333333333333,0.516666666666667,13.377777777777775,12.886355114932543,0.333333333333333,26.1,7.455555555555558,10.426391016532508,0.333333333333333,26.1,13.366666666666667,-12.400000000000002
2021-11-15 12:00:00,4.86666666666667,12,0,15,11,2021,4,46,0,1.2246467991473532e-16,-1.0,0.0,1.0,-0.5000000000000004,0.8660254037844384,13.7,0.333333333333333,26.1,1.0,14.8,6.3,6.797630306053549,0.333333333333333,13.7,8.100000000000003,10.06066045987484,0.333333333333333,26.1,-8.833333333333329,4.533333333333337
2021-11-16 16:00:00,3.2,16,1,16,11,2021,4,46,0,-0.8660254037844385,-0.5000000000000004,0.7818314824680298,0.6234898018587336,-0.5000000000000004,0.8660254037844384,4.86666666666667,13.7,0.333333333333333,1.26666666666667,0.0,7.2555555555555555,5.642924117210196,3.2,13.7,8.422222222222224,9.826261110280326,0.333333333333333,26.1,-1.6666666666666696,-10.5
2021-11-19 11:00:00,2.6,11,4,19,11,2021,4,46,0,0.258819045102521,-0.9659258262890682,-0.433883739117558,-0.9009688679024191,-0.5000000000000004,0.8660254037844384,3.2,4.86666666666667,13.7,2.33333333333333,0.633333333333333,3.5555555555555554,1.174418689930946,2.6,4.86666666666667,8.46666666666667,9.793762187115732,0.333333333333333,26.1,-0.6000000000000001,-2.2666666666666697
2021-11-22 08:00:00,2.8,8,0,22,11,2021,4,47,0,0.8660254037844387,-0.4999999999999998,0.0,1.0,-0.5000000000000004,0.8660254037844384,2.6,3.2,4.86666666666667,26.1,0.0909090909090909,2.8666666666666654,0.3055050463301418,2.6,3.2,4.583333333333336,4.696464391196631,0.333333333333333,13.7,0.19999999999999973,-0.40000000000000036
2021-11-23 09:00:00,2.8,9,1,23,11,2021,4,47,0,0.7071067811865476,-0.7071067811865475,0.7818314824680298,0.6234898018587336,-0.5000000000000004,0.8660254037844384,2.8,2.6,3.2,0.333333333333333,1.0,2.733333333333332,0.11547005383726387,2.6,2.8,4.994444444444447,4.344826638488431,2.6,13.7,0.0,0.19999999999999973
2021-11-23 11:00:00,1.8,11,1,23,11,2021,4,47,0,0.258819045102521,-0.9659258262890682,0.7818314824680298,0.6234898018587336,-0.5000000000000004,0.8660254037844384,2.8,2.8,2.6,13.7,2.83333333333333,2.4666666666666655,0.5773502691894911,1.8,2.8,3.011111111111114,1.020167016101254,1.8,4.86666666666667,-0.9999999999999998,-0.9999999999999998
2021-11-24 11:00:00,3.73333333333333,11,2,24,11,2021,4,47,0,0.258819045102521,-0.9659258262890682,0.9749279121818236,-0.22252093395631434,-0.5000000000000004,0.8660254037844384,1.8,2.8,2.8,4.86666666666667,1.0,2.777777777777775,0.9668582185691236,1.8,3.73333333333333,2.822222222222224,0.6431404431613862,1.8,3.73333333333333,1.9333333333333298,0.93333333333333
2021-11-29 08:00:00,0.55,8,0,29,11,2021,4,48,0,0.8660254037844387,-0.4999999999999998,0.0,1.0,-0.5000000000000004,0.8660254037844384,3.73333333333333,1.8,2.8,3.2,1.26666666666667,2.0277777777777755,1.6038437625949258,0.55,3.73333333333333,2.3805555555555573,1.0879346726031172,0.55,3.73333333333333,-3.18333333333333,-1.25
2021-11-29 09:00:00,0.8,9,0,29,11,2021,4,48,0,0.7071067811865476,-0.7071067811865475,0.0,1.0,-0.5000000000000004,0.8660254037844384,0.55,3.73333333333333,1.8,2.6,2.33333333333333,1.6944444444444422,1.7701485604111749,0.55,3.73333333333333,2.0805555555555575,1.2512401255762444,0.55,3.73333333333333,0.25,-2.93333333333333
2021-12-01 01:00:00,0.0333333333333333,1,2,1,12,2021,4,48,0,0.25881904510252074,0.9659258262890683,0.9749279121818236,-0.22252093395631434,-2.4492935982947064e-16,1.0,0.8,0.55,3.73333333333333,2.8,26.1,0.4611111111111099,0.3909864068867294,0.0333333333333333,0.8,1.6194444444444462,1.4300899997579235,0.0333333333333333,3.73333333333333,-0.7666666666666667,-0.5166666666666667
2021-12-01 12:00:00,0.833333333333333,12,2,1,12,2021,4,48,0,1.2246467991473532e-16,-1.0,0.9749279121818236,-0.22252093395631434,-2.4492935982947064e-16,1.0,0.0333333333333333,0.8,0.55,2.8,0.333333333333333,0.5555555555555544,0.4525647078757251,0.0333333333333333,0.833333333333333,1.2916666666666685,1.3270581499442848,0.0333333333333333,3.73333333333333,0.7999999999999997,0.03333333333333299
2021-12-06 19:00:00,2.06666666666667,19,0,6,12,2021,4,49,0,-0.9659258262890684,0.2588190451025203,0.0,1.0,-2.4492935982947064e-16,1.0,0.833333333333333,0.0333333333333333,0.8,1.8,13.7,0.9777777777777775,1.0243335683551,0.0333333333333333,2.06666666666667,1.3361111111111132,1.3517238650729009,0.0333333333333333,3.73333333333333,1.233333333333337,2.0333333333333368
2021-12-08 09:00:00,2.63333333333333,9,2,8,12,2021,4,49,0,0.7071067811865476,-0.7071067811865475,0.9749279121818236,-0.22252093395631434,-2.4492935982947064e-16,1.0,2.06666666666667,0.833333333333333,0.0333333333333333,3.73333333333333,4.86666666666667,1.8444444444444432,0.920346150661192,0.833333333333333,2.63333333333333,1.1527777777777801,0.986937838111659,0.0333333333333333,2.63333333333333,0.5666666666666602,1.7999999999999972
2021-12-09 08:00:00,0.333333333333333,8,3,9,12,2021,4,49,0,0.8660254037844387,-0.4999999999999998,0.43388373911755823,-0.900968867902419,-2.4492935982947064e-16,1.0,2.63333333333333,2.06666666666667,0.833333333333333,0.55,3.2,1.6777777777777765,1.198301266762979,0.333333333333333,2.63333333333333,1.116666666666669,1.0169125385751376,0.0333333333333333,2.63333333333333,-2.299999999999997,-1.733333333333337
2021-12-10 11:00:00,2.2,11,4,10,12,2021,4,49,0,0.258819045102521,-0.9659258262890682,-0.433883739117558,-0.9009688679024191,-2.4492935982947064e-16,1.0,0.333333333333333,2.63333333333333,2.06666666666667,0.8,2.6,1.7222222222222199,1.2221717161281134,0.333333333333333,2.63333333333333,1.3500000000000023,1.0878623278911081,0.0333333333333333,2.63333333333333,1.8666666666666671,-0.43333333333333
2021-12-10 14:00:00,3.06666666666667,14,4,10,12,2021,4,49,0,-0.4999999999999997,-0.8660254037844388,-0.433883739117558,-0.9009688679024191,-2.4492935982947064e-16,1.0,2.2,0.333333333333333,2.63333333333333,0.0333333333333333,2.8,1.8666666666666665,1.3968217893170745,0.333333333333333,3.06666666666667,1.8555555555555585,1.0580205136988687,0.333333333333333,3.06666666666667,0.8666666666666698,2.733333333333337
2021-12-16 11:00:00,14.4333333333333,11,3,16,12,2021,4,50,0,0.258819045102521,-0.9659258262890682,0.43388373911755823,-0.900968867902419,-2.4492935982947064e-16,1.0,3.06666666666667,2.2,0.333333333333333,0.833333333333333,2.8,6.566666666666656,6.826500649022947,2.2,14.4333333333333,4.12222222222222,5.136651164444128,0.333333333333333,14.4333333333333,11.36666666666663,12.233333333333299
2021-12-16 15:00:00,5.0,15,3,16,12,2021,4,50,0,-0.7071067811865471,-0.7071067811865479,0.43388373911755823,-0.900968867902419,-2.4492935982947064e-16,1.0,14.4333333333333,3.06666666666667,2.2,2.06666666666667,1.8,7.4999999999999885,6.081757786839051,3.06666666666667,14.4333333333333,4.611111111111108,5.040576098761672,0.333333333333333,14.4333333333333,-9.4333333333333,1.93333333333333
2021-12-20 01:00:00,0.0,1,0,20,12,2021,4,51,0,0.25881904510252074,0.9659258262890683,0.0,1.0,-2.4492935982947064e-16,1.0,5.0,14.4333333333333,3.06666666666667,2.63333333333333,3.73333333333333,6.4777777777777645,7.329266549126712,0.0,14.4333333333333,4.17222222222222,5.35223387076905,0.0,14.4333333333333,-5.0,-14.4333333333333
2021-12-20 08:00:00,2.46666666666667,8,0,20,12,2021,4,51,0,0.8660254037844387,-0.4999999999999998,0.0,1.0,-2.4492935982947064e-16,1.0,0.0,5.0,14.4333333333333,0.333333333333333,0.55,2.4888888888888885,2.5000740729766844,0.0,5.0,4.527777777777776,5.111660598482073,0.0,14.4333333333333,2.46666666666667,-2.53333333333333
2021-12-21 10:00:00,0.833333333333333,10,1,21,12,2021,4,51,0,0.49999999999999994,-0.8660254037844387,0.7818314824680298,0.6234898018587336,-2.4492935982947064e-16,1.0,2.46666666666667,0.0,5.0,2.2,0.8,1.0999999999999992,1.2547686816478547,0.0,2.46666666666667,4.299999999999998,5.264303267184454,0.0,14.4333333333333,-1.6333333333333369,0.833333333333333
2021-12-21 11:00:00,25.8,11,1,21,12,2021,4,51,0,0.258819045102521,-0.9659258262890682,0.7818314824680298,0.6234898018587336,-2.4492935982947064e-16,1.0,0.833333333333333,2.46666666666667,0.0,3.06666666666667,0.0333333333333333,9.7,13.966905328112034,0.833333333333333,25.8,8.088888888888887,10.130737971729989,0.0,25.8,24.96666666666667,23.333333333333332
2021-12-21 19:00:00,3.2,19,1,21,12,2021,4,51,0,-0.9659258262890684,0.2588190451025203,0.7818314824680298,0.6234898018587336,-2.4492935982947064e-16,1.0,25.8,0.833333333333333,2.46666666666667,14.4333333333333,0.833333333333333,9.944444444444443,13.782208069074388,0.833333333333333,25.8,6.2166666666666694,9.75476521728968,0.0,25.8,-22.6,2.366666666666667
2021-12-22 11:00:00,1.9,11,2,22,12,2021,4,51,0,0.258819045102521,-0.9659258262890682,0.9749279121818236,-0.22252093395631434,-2.4492935982947064e-16,1.0,3.2,25.8,0.833333333333333,5.0,2.06666666666667,10.299999999999999,13.439121995130483,1.9,25.8,5.700000000000003,9.912909652457138,0.0,25.8,-1.3000000000000003,-23.900000000000002
2021-12-23 16:00:00,3.01666666666667,16,3,23,12,2021,4,51,0,-0.8660254037844385,-0.5000000000000004,0.43388373911755823,-0.900968867902419,-2.4492935982947064e-16,1.0,1.9,3.2,25.8,0.0,2.63333333333333,2.7055555555555544,0.7036281635867329,1.9,3.2,6.20277777777778,9.638697564543712,0.833333333333333,25.8,1.1166666666666702,-0.18333333333333002
2021-12-23 17:00:00,1.86666666666667,17,3,23,12,2021,4,51,0,-0.9659258262890683,-0.25881904510252063,0.43388373911755823,-0.900968867902419,-2.4492935982947064e-16,1.0,3.01666666666667,1.9,3.2,2.46666666666667,0.333333333333333,2.261111111111111,0.65454253179283,1.86666666666667,3.01666666666667,6.102777777777781,9.688196808870448,0.833333333333333,25.8,-1.1500000000000001,-0.033333333333329884
2021-12-24 08:00:00,0.983333333333333,8,4,24,12,2021,4,51,0,0.8660254037844387,-0.4999999999999998,-0.433883739117558,-0.9009688679024191,-2.4492935982947064e-16,1.0,1.86666666666667,3.01666666666667,1.9,0.833333333333333,2.2,1.955555555555555,1.01957689118422,0.983333333333333,3.01666666666667,6.127777777777781,9.672059798240541,0.983333333333333,25.8,-0.8833333333333371,-2.033333333333337
2021-12-26 13:00:00,2.0,13,6,26,12,2021,4,51,1,-0.2588190451025208,-0.9659258262890683,-0.7818314824680299,0.6234898018587334,-2.4492935982947064e-16,1.0,0.983333333333333,1.86666666666667,3.01666666666667,25.8,3.06666666666667,1.6166666666666654,0.5525194818082112,0.983333333333333,2.0,2.1611111111111145,0.8221020933266341,0.983333333333333,3.2,1.016666666666667,0.13333333333332997
2021-12-26 14:00:00,1.3,14,6,26,12,2021,4,51,1,-0.4999999999999997,-0.8660254037844388,-0.7818314824680299,0.6234898018587334,-2.4492935982947064e-16,1.0,2.0,0.983333333333333,1.86666666666667,3.2,14.4333333333333,1.4277777777777754,0.5202385492713725,0.983333333333333,2.0,1.8444444444444477,0.6985434581779072,0.983333333333333,3.01666666666667,-0.7,0.3166666666666671
2021-12-28 09:00:00,2.93333333333333,9,1,28,12,2021,4,52,0,0.7071067811865476,-0.7071067811865475,0.7818314824680298,0.6234898018587336,-2.4492935982947064e-16,1.0,1.3,2.0,0.983333333333333,1.9,5.0,2.0777777777777744,0.8194397363328906,1.3,2.93333333333333,2.0166666666666697,0.829993306532692,0.983333333333333,3.01666666666667,1.63333333333333,0.93333333333333
2021-12-30 16:00:00,3.06666666666667,16,3,30,12,2021,4,52,0,-0.8660254037844385,-0.5000000000000004,0.43388373911755823,-0.900968867902419,-2.4492935982947064e-16,1.0,2.93333333333333,1.3,2.0,3.01666666666667,0.0,2.433333333333331,0.9837569708914997,1.3,3.06666666666667,2.0250000000000026,0.8422027995416174,0.983333333333333,3.06666666666667,0.13333333333333997,1.76666666666667
2021-12-31 08:00:00,1.3,8,4,31,12,2021,4,52,0,0.8660254037844387,-0.4999999999999998,-0.433883739117558,-0.9009688679024191,-2.4492935982947064e-16,1.0,3.06666666666667,2.93333333333333,1.3,1.86666666666667,2.46666666666667,2.433333333333331,0.9837569708914997,1.3,3.06666666666667,1.930555555555558,0.8937074258185096,0.983333333333333,3.06666666666667,-1.76666666666667,-1.63333333333333
2022-01-01 01:00:00,0.0333333333333333,1,5,1,1,2022,1,52,1,0.25881904510252074,0.9659258262890683,-0.9749279121818236,-0.2225209339563146,0.49999999999999994,0.8660254037844387,1.3,3.06666666666667,2.93333333333333,0.983333333333333,0.833333333333333,1.4666666666666652,1.5235193176034727,0.0333333333333333,3.06666666666667,1.7722222222222246,1.144147750106716,0.0333333333333333,3.06666666666667,-1.2666666666666668,-3.0333333333333368
2022-01-03 08:00:00,0.966666666666667,8,0,3,1,2022,1,1,0,0.8660254037844387,-0.4999999999999998,0.0,1.0,0.49999999999999994,0.8660254037844387,0.0333333333333333,1.3,3.06666666666667,2.0,25.8,0.7666666666666644,0.6565905201196107,0.0333333333333333,1.3,1.6000000000000023,1.1802071381283363,0.0333333333333333,3.06666666666667,0.9333333333333337,-0.33333333333333304
2022-01-03 18:00:00,3.0,18,0,3,1,2022,1,1,0,-1.0,-1.8369701987210297e-16,0.0,1.0,0.49999999999999994,0.8660254037844387,0.966666666666667,0.0333333333333333,1.3,1.3,3.2,1.333333333333331,1.5169413670643124,0.0333333333333333,3.0,1.8833333333333357,1.2924997313561577,0.0333333333333333,3.06666666666667,2.033333333333333,2.966666666666667
2022-01-04 08:00:00,0.333333333333333,8,1,4,1,2022,1,1,0,0.8660254037844387,-0.4999999999999998,0.7818314824680298,0.6234898018587336,0.49999999999999994,0.8660254037844387,3.0,0.966666666666667,0.0333333333333333,2.93333333333333,1.9,1.433333333333331,1.3932376362670316,0.333333333333333,3.0,1.4500000000000028,1.3058415762344282,0.0333333333333333,3.06666666666667,-2.666666666666667,-0.633333333333334
2022-01-04 09:00:00,0.5,9,1,4,1,2022,1,1,0,0.7071067811865476,-0.7071067811865475,0.7818314824680298,0.6234898018587336,0.49999999999999994,0.8660254037844387,0.333333333333333,3.0,0.966666666666667,3.06666666666667,3.01666666666667,1.2777777777777752,1.4938144066386945,0.333333333333333,3.0,1.0222222222222246,1.0693022993558023,0.0333333333333333,3.0,0.16666666666666702,-2.5
2022-01-04 17:00:00,2.7,17,1,4,1,2022,1,1,0,-0.9659258262890683,-0.25881904510252063,0.7818314824680298,0.6234898018587336,0.49999999999999994,0.8660254037844387,0.5,0.333333333333333,3.0,1.3,1.86666666666667,1.1777777777777751,1.3209143858761807,0.333333333333333,2.7,1.255555555555558,1.275001815539815,0.0333333333333333,3.0,2.2,2.366666666666667
2022-01-05 14:00:00,2.9,14,2,5,1,2022,1,1,0,-0.4999999999999997,-0.8660254037844388,0.9749279121818236,-0.22252093395631434,0.49999999999999994,0.8660254037844387,2.7,0.5,0.333333333333333,0.0333333333333333,0.983333333333333,2.033333333333331,1.331665623695818,0.5,2.9,1.7333333333333358,1.2624491188867633,0.333333333333333,3.0,0.19999999999999973,2.4
2022-01-07 07:00:00,2.43333333333333,7,4,7,1,2022,1,1,0,0.9659258262890683,-0.25881904510252063,-0.433883739117558,-0.9009688679024191,0.49999999999999994,0.8660254037844387,2.9,2.7,0.5,0.966666666666667,2.0,2.677777777777774,0.23412563895194946,2.43333333333333,2.9,1.9777777777777796,1.2257726210511888,0.333333333333333,3.0,-0.4666666666666699,-0.26666666666667016
2022-01-08 01:00:00,0.00333333333333333,1,5,8,1,2022,1,1,1,0.25881904510252074,0.9659258262890683,-0.9749279121818236,-0.2225209339563146,0.49999999999999994,0.8660254037844387,2.43333333333333,2.9,2.7,3.0,1.3,1.7788888888888852,1.5552789436600838,0.00333333333333333,2.9,1.478333333333335,1.3318721159831837,0.00333333333333333,2.9,-2.4299999999999966,-2.8966666666666665
2022-01-08 10:00:00,1.26666666666667,10,5,8,1,2022,1,1,1,0.49999999999999994,-0.8660254037844387,-0.9749279121818236,-0.2225209339563146,0.49999999999999994,0.8660254037844387,0.00333333333333333,2.43333333333333,2.9,0.333333333333333,2.93333333333333,1.234444444444442,1.215320411950499,0.00333333333333333,2.43333333333333,1.6338888888888914,1.2213115294027315,0.00333333333333333,2.9,1.2633333333333365,-1.16666666666666
2022-01-09 01:00:00,0.00333333333333333,1,6,9,1,2022,1,1,1,0.25881904510252074,0.9659258262890683,-0.7818314824680299,0.6234898018587334,0.49999999999999994,0.8660254037844387,1.26666666666667,0.00333333333333333,2.43333333333333,0.5,3.06666666666667,0.42444444444444307,0.7293858400761084,0.00333333333333333,1.26666666666667,1.5511111111111138,1.3258886607633875,0.00333333333333333,2.9,-1.2633333333333365,0.0
2022-01-10 16:00:00,2.13333333333333,16,0,10,1,2022,1,2,0,-0.8660254037844385,-0.5000000000000004,0.0,1.0,0.49999999999999994,0.8660254037844387,0.00333333333333333,1.26666666666667,0.00333333333333333,2.7,1.3,1.1344444444444421,1.0711381969834073,0.00333333333333333,2.13333333333333,1.4566666666666686,1.245425407017471,0.00333333333333333,2.9,2.129999999999997,0.8666666666666603
2022-01-11 14:00:00,3.0,14,1,11,1,2022,1,2,0,-0.4999999999999997,-0.8660254037844388,0.7818314824680298,0.6234898018587336,0.49999999999999994,0.8660254037844387,2.13333333333333,0.00333333333333333,1.26666666666667,2.9,0.0333333333333333,1.7122222222222188,1.5420777229775215,0.00333333333333333,3.0,1.4733333333333352,1.2690486375409862,0.00333333333333333,3.0,0.8666666666666698,2.9966666666666666
2022-01-12 01:00:00,0.0,1,2,12,1,2022,1,2,0,0.25881904510252074,0.9659258262890683,0.9749279121818236,-0.22252093395631434,0.49999999999999994,0.8660254037844387,3.0,2.13333333333333,0.00333333333333333,2.43333333333333,0.966666666666667,1.7111111111111077,1.5439247726827683,0.0,3.0,1.0677777777777802,1.28954887317096,0.0,3.0,-3.0,-2.13333333333333
2022-01-12 04:00:00,0.0666666666666667,4,2,12,1,2022,1,2,0,0.8660254037844386,0.5000000000000001,0.9749279121818236,-0.22252093395631434,0.49999999999999994,0.8660254037844387,0.0,3.0,2.13333333333333,0.00333333333333333,3.0,1.02222222222222,1.7131301219739976,0.0,3.0,1.0783333333333356,1.2793118810083353,0.0,3.0,0.0666666666666667,-2.933333333333333
2022-01-13 10:00:00,2.83333333333333,10,3,13,1,2022,1,2,0,0.49999999999999994,-0.8660254037844387,0.43388373911755823,-0.900968867902419,0.49999999999999994,0.8660254037844387,0.0666666666666667,0.0,3.0,1.26666666666667,0.333333333333333,0.9666666666666632,1.6169243780845985,0.0,2.83333333333333,1.3394444444444458,1.4709640325940587,0.0,3.0,2.766666666666663,2.83333333333333
2022-01-17 15:00:00,1.63333333333333,15,0,17,1,2022,1,3,0,-0.7071067811865471,-0.7071067811865479,0.0,1.0,0.49999999999999994,0.8660254037844387,2.83333333333333,0.0666666666666667,0.0,0.00333333333333333,0.5,1.5111111111111066,1.3873769548376689,0.0666666666666667,2.83333333333333,1.6111111111111116,1.317348627891491,0.0,3.0,-1.2,1.5666666666666633
2022-01-18 17:00:00,2.2,17,1,18,1,2022,1,3,0,-0.9659258262890683,-0.25881904510252063,0.7818314824680298,0.6234898018587336,0.49999999999999994,0.8660254037844387,1.63333333333333,2.83333333333333,0.0666666666666667,2.13333333333333,2.7,2.222222222222218,0.6003085626327597,1.63333333333333,2.83333333333333,1.6222222222222236,1.3229036526044748,0.0,3.0,0.5666666666666702,-0.6333333333333298
2022-01-22 12:00:00,12.8,12,5,22,1,2022,1,3,1,1.2246467991473532e-16,-1.0,-0.9749279121818236,-0.2225209339563146,0.49999999999999994,0.8660254037844387,2.2,1.63333333333333,2.83333333333333,3.0,2.9,5.544444444444442,6.289880173150557,1.63333333333333,12.8,3.255555555555557,4.812237486827702,0.0,12.8,10.600000000000001,11.166666666666671
2022-01-23 11:00:00,1.8,11,6,23,1,2022,1,3,1,0.258819045102521,-0.9659258262890682,-0.7818314824680299,0.6234898018587334,0.49999999999999994,0.8660254037844387,12.8,2.2,1.63333333333333,0.0,2.43333333333333,5.599999999999998,6.238589584192878,1.8,12.8,3.555555555555557,4.6209987697065875,0.0666666666666667,12.8,-11.0,-0.40000000000000013
2022-01-25 15:00:00,2.8,15,1,25,1,2022,1,4,0,-0.7071067811865471,-0.7071067811865479,0.7818314824680298,0.6234898018587336,0.49999999999999994,0.8660254037844387,1.8,12.8,2.2,0.0666666666666667,0.00333333333333333,5.799999999999997,6.08276253029821,1.8,12.8,4.011111111111113,4.33408540482262,1.63333333333333,12.8,0.9999999999999998,-10.0
2022-01-28 10:00:00,17.05,10,4,28,1,2022,1,4,0,0.49999999999999994,-0.8660254037844387,-0.433883739117558,-0.9009688679024191,0.49999999999999994,0.8660254037844387,2.8,1.8,12.8,2.83333333333333,1.26666666666667,7.216666666666665,8.530582238823634,1.8,17.05,6.380555555555557,6.765520565227678,1.63333333333333,17.05,14.25,15.25
2022-01-28 12:00:00,2.26666666666667,12,4,28,1,2022,1,4,0,1.2246467991473532e-16,-1.0,-0.433883739117558,-0.9009688679024191,0.49999999999999994,0.8660254037844387,17.05,2.8,1.8,1.63333333333333,0.00333333333333333,7.372222222222221,8.385442632810031,2.26666666666667,17.05,6.486111111111114,6.681054612914107,1.8,17.05,-14.783333333333331,-0.5333333333333297
2022-01-29 11:00:00,3.8,11,5,29,1,2022,1,4,1,0.258819045102521,-0.9659258262890682,-0.9749279121818236,-0.2225209339563146,0.49999999999999994,0.8660254037844387,2.26666666666667,17.05,2.8,2.2,2.13333333333333,7.705555555555555,8.128761237683092,2.26666666666667,17.05,6.75277777777778,6.505385945222344,1.8,17.05,1.5333333333333297,-13.25
2022-01-30 10:00:00,2.1,10,6,30,1,2022,1,4,1,0.49999999999999994,-0.8660254037844387,-0.7818314824680299,0.6234898018587334,0.49999999999999994,0.8660254037844387,3.8,2.26666666666667,17.05,12.8,3.0,2.722222222222222,0.9370955917877485,2.1,3.8,4.969444444444448,5.959832367764381,1.8,17.05,-1.6999999999999997,-0.16666666666667007
2022-01-31 12:00:00,2.13333333333333,12,0,31,1,2022,1,5,0,1.2246467991473532e-16,-1.0,0.0,1.0,0.49999999999999994,0.8660254037844387,2.1,3.8,2.26666666666667,1.8,0.0,2.6777777777777754,0.972015851112882,2.1,3.8,5.025000000000002,5.925835618524862,2.1,17.05,0.033333333333330106,-1.6666666666666696
2022-02-01 01:00:00,0.00333333333333333,1,1,1,2,2022,1,5,0,0.25881904510252074,0.9659258262890683,0.7818314824680298,0.6234898018587336,0.8660254037844386,0.5000000000000001,2.13333333333333,2.1,3.8,2.8,0.0666666666666667,1.41222222222222,1.2202473944670325,0.00333333333333333,2.13333333333333,4.558888888888892,6.2376372544833565,0.00333333333333333,17.05,-2.129999999999997,-2.0966666666666667
2022-02-01 08:00:00,1.3,8,1,1,2,2022,1,5,0,0.8660254037844387,-0.4999999999999998,0.7818314824680298,0.6234898018587336,0.8660254037844386,0.5000000000000001,0.00333333333333333,2.13333333333333,2.1,17.05,2.83333333333333,1.1455555555555534,1.07336611406113,0.00333333333333333,2.13333333333333,1.9338888888888908,1.2481460325293288,0.00333333333333333,3.8,1.2966666666666666,-0.8333333333333302
2022-02-02 14:00:00,2.5,14,2,2,2,2022,1,5,0,-0.4999999999999997,-0.8660254037844388,0.9749279121818236,-0.22252093395631434,0.8660254037844386,0.5000000000000001,1.3,0.00333333333333333,2.13333333333333,2.26666666666667,1.63333333333333,1.2677777777777768,1.2486451917236916,0.00333333333333333,2.5,1.9727777777777789,1.264120979911352,0.00333333333333333,3.8,1.2,2.4966666666666666
2022-02-02 15:00:00,11.9,15,2,2,2,2022,1,5,0,-0.7071067811865471,-0.7071067811865479,0.9749279121818236,-0.22252093395631434,0.8660254037844386,0.5000000000000001,2.5,1.3,0.00333333333333333,3.8,2.2,5.2333333333333325,5.804595880277388,1.3,11.9,3.322777777777779,4.295719014536684,0.00333333333333333,11.9,9.4,10.6
2022-02-03 09:00:00,2.9,9,3,3,2,2022,1,5,0,0.7071067811865476,-0.7071067811865475,0.43388373911755823,-0.900968867902419,0.8660254037844386,0.5000000000000001,11.9,2.5,1.3,2.1,12.8,5.766666666666666,5.3153864707406955,2.5,11.9,3.456111111111112,4.262461686587904,0.00333333333333333,11.9,-9.0,0.3999999999999999
2022-02-04 10:00:00,2.86666666666667,10,4,4,2,2022,1,5,0,0.49999999999999994,-0.8660254037844387,-0.433883739117558,-0.9009688679024191,0.8660254037844386,0.5000000000000001,2.9,11.9,2.5,2.13333333333333,1.8,5.888888888888889,5.205801606896891,2.86666666666667,11.9,3.5783333333333354,4.227315276205999,0.00333333333333333,11.9,-0.033333333333330106,-9.033333333333331
2022-02-08 11:00:00,2.33333333333333,11,1,8,2,2022,1,6,0,0.258819045102521,-0.9659258262890682,0.7818314824680298,0.6234898018587336,0.8660254037844386,0.5000000000000001,2.86666666666667,2.9,11.9,0.00333333333333333,2.8,2.6999999999999993,0.3179797338054744,2.33333333333333,2.9,3.9666666666666686,3.9297723994032108,1.3,11.9,-0.5333333333333399,-0.56666666666667
2022-02-08 14:00:00,2.76666666666667,14,1,8,2,2022,1,6,0,-0.4999999999999997,-0.8660254037844388,0.7818314824680298,0.6234898018587336,0.8660254037844386,0.5000000000000001,2.33333333333333,2.86666666666667,2.9,1.3,17.05,2.655555555555556,0.2834966849369848,2.33333333333333,2.86666666666667,4.211111111111113,3.773219472172979,2.33333333333333,11.9,0.43333333333334023,-0.09999999999999964
2022-02-08 15:00:00,2.33333333333333,15,1,8,2,2022,1,6,0,-0.7071067811865471,-0.7071067811865479,0.7818314824680298,0.6234898018587336,0.8660254037844386,0.5000000000000001,2.76666666666667,2.33333333333333,2.86666666666667,2.5,2.26666666666667,2.477777777777776,0.25018511664861753,2.33333333333333,2.76666666666667,4.1833333333333345,3.7889165851057007,2.33333333333333,11.9,-0.43333333333334023,0.0
2022-02-08 17:00:00,15.9,17,1,8,2,2022,1,6,0,-0.9659258262890683,-0.25881904510252063,0.7818314824680298,0.6234898018587336,0.8660254037844386,0.5000000000000001,2.33333333333333,2.76666666666667,2.33333333333333,11.9,3.8,7.0,7.710670816760649,2.33333333333333,15.9,4.850000000000001,5.41933780292596,2.33333333333333,15.9,13.56666666666667,13.13333333333333
2022-02-09 02:00:00,2.3,2,2,9,2,2022,1,6,0,0.49999999999999994,0.8660254037844387,0.9749279121818236,-0.22252093395631434,0.8660254037844386,0.5000000000000001,15.9,2.33333333333333,2.76666666666667,2.9,2.1,6.844444444444442,7.8423588666033694,2.3,15.9,4.750000000000002,5.467835240954354,2.3,15.9,-13.600000000000001,-0.033333333333330106
2022-02-09 11:00:00,0.566666666666667,11,2,9,2,2022,1,6,0,0.258819045102521,-0.9659258262890682,0.9749279121818236,-0.22252093395631434,0.8660254037844386,0.5000000000000001,2.3,15.9,2.33333333333333,2.86666666666667,2.13333333333333,6.255555555555554,8.397177656367196,0.566666666666667,15.9,4.366666666666668,5.701890524690535,0.566666666666667,15.9,-1.733333333333333,-15.333333333333334
2022-02-09 12:00:00,3.2,12,2,9,2,2022,1,6,0,1.2246467991473532e-16,-1.0,0.9749279121818236,-0.22252093395631434,0.8660254037844386,0.5000000000000001,0.566666666666667,2.3,15.9,2.33333333333333,0.00333333333333333,2.0222222222222217,1.3384623571402314,0.566666666666667,3.2,4.511111111111113,5.650827536905722,0.566666666666667,15.9,2.6333333333333333,0.9000000000000004
2022-02-10 02:00:00,0.03,2,3,10,2,2022,1,6,0,0.49999999999999994,0.8660254037844387,0.43388373911755823,-0.900968867902419,0.8660254037844386,0.5000000000000001,3.2,0.566666666666667,2.3,2.76666666666667,1.3,1.265555555555555,1.6966317394352743,0.03,3.2,4.055000000000001,5.923652683193982,0.03,15.9,-3.1700000000000004,-0.536666666666667
2022-02-11 08:00:00,0.333333333333333,8,4,11,2,2022,1,6,0,0.8660254037844387,-0.4999999999999998,-0.433883739117558,-0.9009688679024191,0.8660254037844386,0.5000000000000001,0.03,3.2,0.566666666666667,2.33333333333333,2.5,1.1877777777777772,1.749223107977192,0.03,3.2,3.721666666666669,6.09373950141547,0.03,15.9,0.303333333333333,-2.866666666666667
2022-02-15 08:00:00,1.3,8,1,15,2,2022,1,7,0,0.8660254037844387,-0.4999999999999998,0.7818314824680298,0.6234898018587336,0.8660254037844386,0.5000000000000001,0.333333333333333,0.03,3.2,15.9,11.9,0.5544444444444437,0.663243991750019,0.03,1.3,1.288333333333335,1.2405084083194666,0.03,3.2,0.966666666666667,1.27
2022-02-16 17:00:00,18.1,17,2,16,2,2022,1,7,0,-0.9659258262890683,-0.25881904510252063,0.9749279121818236,-0.22252093395631434,0.8660254037844386,0.5000000000000001,1.3,0.333333333333333,0.03,2.3,2.9,6.577777777777778,9.990235973930483,0.333333333333333,18.1,3.9216666666666686,7.038413252368127,0.03,18.1,16.8,17.76666666666667
2022-02-16 18:00:00,3.03333333333333,18,2,16,2,2022,1,7,0,-1.0,-1.8369701987210297e-16,0.9749279121818236,-0.22252093395631434,0.8660254037844386,0.5000000000000001,18.1,1.3,0.333333333333333,0.566666666666667,2.86666666666667,7.477777777777778,9.239849285286786,1.3,18.1,4.332777777777779,6.87335933285309,0.03,18.1,-15.066666666666672,1.73333333333333
2022-02-17 10:00:00,27.2,10,3,17,2,2022,1,7,0,0.49999999999999994,-0.8660254037844387,0.43388373911755823,-0.900968867902419,0.8660254037844386,0.5000000000000001,3.03333333333333,18.1,1.3,3.2,2.33333333333333,16.11111111111111,12.205478429938895,3.03333333333333,27.2,8.33277777777778,11.505146754902867,0.03,27.2,24.166666666666668,9.099999999999998
2022-02-18 11:00:00,1.66666666666667,11,4,18,2,2022,1,7,0,0.258819045102521,-0.9659258262890682,-0.433883739117558,-0.9009688679024191,0.8660254037844386,0.5000000000000001,27.2,3.03333333333333,18.1,0.03,2.76666666666667,10.633333333333335,14.363418039511961,1.66666666666667,27.2,8.605555555555558,11.286243675213484,0.333333333333333,27.2,-25.533333333333328,-1.36666666666666
2022-02-18 12:00:00,2.3,12,4,18,2,2022,1,7,0,1.2246467991473532e-16,-1.0,-0.433883739117558,-0.9009688679024191,0.8660254037844386,0.5000000000000001,1.66666666666667,27.2,3.03333333333333,0.333333333333333,2.33333333333333,10.38888888888889,14.562292758023037,1.66666666666667,27.2,8.933333333333335,11.023449752434331,1.3,27.2,0.6333333333333298,-24.9
2022-02-20 16:00:00,1.16666666666667,16,6,20,2,2022,1,7,1,-0.8660254037844385,-0.5000000000000004,-0.7818314824680299,0.6234898018587334,0.8660254037844386,0.5000000000000001,2.3,1.66666666666667,27.2,1.3,15.9,1.7111111111111132,0.5679723519612848,1.16666666666667,2.3,8.911111111111113,11.042034165792034,1.16666666666667,27.2,-1.1333333333333298,-0.5
2022-02-22 15:00:00,2.6,15,1,22,2,2022,1,8,0,-0.7071067811865471,-0.7071067811865479,0.7818314824680298,0.6234898018587336,0.8660254037844386,0.5000000000000001,1.16666666666667,2.3,1.66666666666667,18.1,2.3,2.0222222222222235,0.7559639419187413,1.16666666666667,2.6,6.32777777777778,10.246807994398752,1.16666666666667,27.2,1.43333333333333,0.30000000000000027
2022-02-22 16:00:00,3.9,16,1,22,2,2022,1,8,0,-0.8660254037844385,-0.5000000000000004,0.7818314824680298,0.6234898018587336,0.8660254037844386,0.5000000000000001,2.6,1.16666666666667,2.3,3.03333333333333,0.566666666666667,2.5555555555555567,1.3672085646524814,1.16666666666667,3.9,6.472222222222225,10.197067479681854,1.16666666666667,27.2,1.2999999999999998,2.73333333333333
2022-02-24 08:00:00,2.3,8,3,24,2,2022,1,8,0,0.8660254037844387,-0.4999999999999998,0.43388373911755823,-0.900968867902419,0.8660254037844386,0.5000000000000001,3.9,2.6,1.16666666666667,27.2,3.2,2.9333333333333336,0.8504900548114468,2.3,3.9,2.322222222222225,0.9308697645313637,1.16666666666667,3.9,-1.6,-0.30000000000000027
2022-02-26 11:00:00,2.13333333333333,11,5,26,2,2022,1,8,1,0.258819045102521,-0.9659258262890682,-0.9749279121818236,-0.2225209339563146,0.8660254037844386,0.5000000000000001,2.3,3.9,2.6,1.66666666666667,0.03,2.777777777777777,0.9754391223860808,2.13333333333333,3.9,2.4000000000000017,0.883427667918886,1.16666666666667,3.9,-0.16666666666666963,-1.7666666666666697
2022-03-01 01:00:00,0.00333333333333333,1,1,1,3,2022,1,9,0,0.25881904510252074,0.9659258262890683,0.7818314824680298,0.6234898018587336,1.0,6.123233995736766e-17,2.13333333333333,2.3,3.9,2.3,0.333333333333333,1.4788888888888876,1.2805829112526967,0.00333333333333333,2.3,2.017222222222224,1.3234137954828178,0.00333333333333333,3.9,-2.129999999999997,-2.2966666666666664
2022-03-01 08:00:00,0.333333333333333,8,1,1,3,2022,1,9,0,0.8660254037844387,-0.4999999999999998,0.7818314824680298,0.6234898018587336,1.0,6.123233995736766e-17,0.00333333333333333,2.13333333333333,2.3,1.16666666666667,1.3,0.8233333333333323,1.1464292389850483,0.00333333333333333,2.13333333333333,1.8783333333333345,1.4665208260824325,0.00333333333333333,3.9,0.3299999999999996,-1.7999999999999972
2022-03-05 11:00:00,1.23333333333333,11,5,5,3,2022,1,9,1,0.258819045102521,-0.9659258262890682,-0.9749279121818236,-0.2225209339563146,1.0,6.123233995736766e-17,0.333333333333333,0.00333333333333333,2.13333333333333,2.6,18.1,0.5233333333333321,0.6366317616957532,0.00333333333333333,1.23333333333333,1.6505555555555562,1.4378694372295036,0.00333333333333333,3.9,0.899999999999997,1.2299999999999967
2022-03-05 12:00:00,10.3,12,5,5,3,2022,1,9,1,1.2246467991473532e-16,-1.0,-0.9749279121818236,-0.2225209339563146,1.0,6.123233995736766e-17,1.23333333333333,0.333333333333333,0.00333333333333333,3.9,3.03333333333333,3.9555555555555544,5.512846948853318,0.333333333333333,10.3,2.717222222222223,3.827886226491472,0.00333333333333333,10.3,9.06666666666667,9.966666666666669
2022-03-06 19:00:00,2.6,19,6,6,3,2022,1,9,1,-0.9659258262890684,0.2588190451025203,-0.7818314824680299,0.6234898018587334,1.0,6.123233995736766e-17,10.3,1.23333333333333,0.333333333333333,2.3,27.2,4.71111111111111,4.888118626189791,1.23333333333333,10.3,2.767222222222223,3.8233030610058174,0.00333333333333333,10.3,-7.700000000000001,1.36666666666667
2022-03-07 08:00:00,1.3,8,0,7,3,2022,1,10,0,0.8660254037844387,-0.4999999999999998,0.0,1.0,1.0,6.123233995736766e-17,2.6,10.3,1.23333333333333,2.13333333333333,1.66666666666667,4.733333333333333,4.864497233356515,1.3,10.3,2.6283333333333347,3.865835399151585,0.00333333333333333,10.3,-1.3,-9.0
2022-03-07 10:00:00,2.0,10,0,7,3,2022,1,10,0,0.49999999999999994,-0.8660254037844387,0.0,1.0,1.0,6.123233995736766e-17,1.3,2.6,10.3,0.00333333333333333,2.3,1.9666666666666668,0.650640709864648,1.3,2.6,2.961111111111112,3.675952887297358,0.333333333333333,10.3,0.7,-0.6000000000000001
2022-03-07 11:00:00,2.8,11,0,7,3,2022,1,10,0,0.258819045102521,-0.9659258262890682,0.0,1.0,1.0,6.123233995736766e-17,2.0,1.3,2.6,0.333333333333333,1.16666666666667,2.033333333333333,0.7505553499464066,1.3,2.8,3.3722222222222236,3.4545568403144142,1.23333333333333,10.3,0.7999999999999998,1.4999999999999998
2022-03-08 12:00:00,5.2,12,1,8,3,2022,1,10,0,1.2246467991473532e-16,-1.0,0.7818314824680298,0.6234898018587336,1.0,6.123233995736766e-17,2.8,2.0,1.3,1.23333333333333,2.6,3.3333333333333335,1.665332799572859,2.0,5.2,4.033333333333335,3.341057716751807,1.3,10.3,2.4000000000000004,3.2
2022-03-08 15:00:00,2.8,15,1,8,3,2022,1,10,0,-0.7071067811865471,-0.7071067811865479,0.7818314824680298,0.6234898018587336,1.0,6.123233995736766e-17,5.2,2.8,2.0,10.3,3.9,3.6,1.3856406460550457,2.8,5.2,2.783333333333335,1.3182058514006134,1.3,5.2,-2.4000000000000004,0.0
2022-03-09 10:00:00,3.1,10,2,9,3,2022,1,10,0,0.49999999999999994,-0.8660254037844387,0.9749279121818236,-0.22252093395631434,1.0,6.123233995736766e-17,2.8,5.2,2.8,2.6,2.3,3.6999999999999997,1.3076696830621424,2.8,5.2,2.8666666666666685,1.320101006236574,1.3,5.2,0.30000000000000027,-2.1
2022-03-10 14:00:00,2.2,14,3,10,3,2022,1,10,0,-0.4999999999999997,-0.8660254037844388,0.43388373911755823,-0.900968867902419,1.0,6.123233995736766e-17,3.1,2.8,5.2,1.3,2.13333333333333,2.7000000000000006,0.45825756949541097,2.2,3.1,3.016666666666669,1.1461529857164847,2.0,5.2,-0.8999999999999999,-0.5999999999999996
2022-03-11 17:00:00,2.93333333333333,17,4,11,3,2022,1,10,0,-0.9659258262890683,-0.25881904510252063,-0.433883739117558,-0.9009688679024191,1.0,6.123233995736766e-17,2.2,3.1,2.8,2.0,0.00333333333333333,2.7444444444444436,0.47881025392017257,2.2,3.1,3.172222222222224,1.0388918597700338,2.2,5.2,0.7333333333333298,-0.16666666666667007
2022-03-11 22:00:00,3.0,22,4,11,3,2022,1,10,0,-0.5000000000000004,0.8660254037844384,-0.433883739117558,-0.9009688679024191,1.0,6.123233995736766e-17,2.93333333333333,2.2,3.1,2.8,0.333333333333333,2.7111111111111104,0.4438885412317802,2.2,3.0,3.205555555555557,1.027708706387821,2.2,5.2,0.06666666666666998,0.7999999999999998
2022-03-14 15:00:00,18.1,15,0,14,3,2022,1,11,0,-0.7071067811865471,-0.7071067811865479,0.0,1.0,1.0,6.123233995736766e-17,3.0,2.93333333333333,2.2,5.2,1.23333333333333,8.011111111111111,8.737297658336374,2.93333333333333,18.1,5.355555555555557,6.251601276354614,2.2,18.1,15.100000000000001,15.166666666666671
2022-03-19 09:00:00,3.2,9,5,19,3,2022,1,11,1,0.7071067811865476,-0.7071067811865475,-0.9749279121818236,-0.2225209339563146,1.0,6.123233995736766e-17,18.1,3.0,2.93333333333333,2.8,10.3,8.1,8.660831368869843,3.0,18.1,5.422222222222224,6.220956220413098,2.2,18.1,-14.900000000000002,0.20000000000000018
2022-03-25 11:00:00,2.66666666666667,11,4,25,3,2022,1,12,0,0.258819045102521,-0.9659258262890682,-0.433883739117558,-0.9009688679024191,1.0,6.123233995736766e-17,3.2,18.1,3.0,3.1,2.6,7.988888888888891,8.760538627107177,2.66666666666667,18.1,5.350000000000002,6.2557262656794075,2.2,18.1,-0.5333333333333301,-15.433333333333332
2022-03-26 17:00:00,2.9,17,5,26,3,2022,1,12,1,-0.9659258262890683,-0.25881904510252063,-0.9749279121818236,-0.2225209339563146,1.0,6.123233995736766e-17,2.66666666666667,3.2,18.1,2.2,1.3,2.922222222222223,0.2673602092334165,2.66666666666667,3.2,5.466666666666669,6.191427765691681,2.66666666666667,18.1,0.23333333333332984,-0.30000000000000027
2022-03-30 11:00:00,2.53333333333333,11,2,30,3,2022,1,13,0,0.258819045102521,-0.9659258262890682,0.9749279121818236,-0.22252093395631434,1.0,6.123233995736766e-17,2.9,2.66666666666667,3.2,2.93333333333333,2.0,2.6999999999999997,0.18559214542727728,2.53333333333333,2.9,5.400000000000002,6.226216971627145,2.53333333333333,18.1,-0.3666666666666698,-0.13333333333333997
2022-04-01 01:00:00,0.00333333333333333,1,4,1,4,2022,2,13,0,0.25881904510252074,0.9659258262890683,-0.433883739117558,-0.9009688679024191,0.8660254037844387,-0.4999999999999998,2.53333333333333,2.9,2.66666666666667,3.0,2.8,1.8122222222222213,1.5772350396723436,0.00333333333333333,2.9,4.900555555555558,6.568047373176934,0.00333333333333333,18.1,-2.5299999999999967,-2.8966666666666665
2022-04-01 11:00:00,0.466666666666667,11,4,1,4,2022,2,13,0,0.258819045102521,-0.9659258262890682,-0.433883739117558,-0.9009688679024191,0.8660254037844387,-0.4999999999999998,0.00333333333333333,2.53333333333333,2.9,18.1,5.2,1.0011111111111102,1.3470145315281463,0.00333333333333333,2.53333333333333,1.9616666666666687,1.364394452576816,0.00333333333333333,3.2,0.46333333333333365,-2.066666666666663
2022-04-02 07:00:00,1.33333333333333,7,5,2,4,2022,2,13,1,0.9659258262890683,-0.25881904510252063,-0.9749279121818236,-0.2225209339563146,0.8660254037844387,-0.4999999999999998,0.466666666666667,0.00333333333333333,2.53333333333333,3.2,2.8,0.6011111111111102,0.6751159022577725,0.00333333333333333,1.33333333333333,1.6505555555555567,1.2319459163213757,0.00333333333333333,2.9,0.8666666666666629,1.3299999999999965
2022-04-02 08:00:00,1.03333333333333,8,5,2,4,2022,2,13,1,0.8660254037844387,-0.4999999999999998,-0.9749279121818236,-0.2225209339563146,0.8660254037844387,-0.4999999999999998,1.33333333333333,0.466666666666667,0.00333333333333333,2.66666666666667,3.1,0.9444444444444423,0.4401178293406783,0.466666666666667,1.33333333333333,1.3783333333333336,1.1395003778460486,0.00333333333333333,2.9,-0.2999999999999998,0.5666666666666631
2022-04-06 14:00:00,1.9,14,2,6,4,2022,2,14,0,-0.4999999999999997,-0.8660254037844388,0.9749279121818236,-0.22252093395631434,0.8660254037844387,-0.4999999999999998,1.03333333333333,1.33333333333333,0.466666666666667,2.9,2.2,1.42222222222222,0.440117829340684,1.03333333333333,1.9,1.211666666666667,0.9254518415948448,0.00333333333333333,2.53333333333333,0.8666666666666698,0.56666666666667
2022-04-07 10:00:00,27.6,10,3,7,4,2022,2,14,0,0.49999999999999994,-0.8660254037844387,0.43388373911755823,-0.900968867902419,0.8660254037844387,-0.4999999999999998,1.9,1.03333333333333,1.33333333333333,2.53333333333333,2.93333333333333,10.177777777777777,15.09430846869601,1.03333333333333,27.6,5.389444444444446,10.900978634287167,0.00333333333333333,27.6,25.700000000000003,26.56666666666667
2022-04-07 12:00:00,2.8,12,3,7,4,2022,2,14,0,1.2246467991473532e-16,-1.0,0.43388373911755823,-0.900968867902419,0.8660254037844387,-0.4999999999999998,27.6,1.9,1.03333333333333,0.00333333333333333,3.0,10.766666666666666,14.585037995608145,1.9,27.6,5.855555555555557,10.682210896140825,0.466666666666667,27.6,-24.8,0.8999999999999999
2022-04-07 17:00:00,16.8833333333333,17,3,7,4,2022,2,14,0,-0.9659258262890683,-0.25881904510252063,0.43388373911755823,-0.900968867902419,0.8660254037844387,-0.4999999999999998,2.8,27.6,1.9,0.466666666666667,18.1,15.7611111111111,12.438027859634216,2.8,27.6,8.591666666666663,11.11937123522129,1.03333333333333,27.6,14.0833333333333,-10.7166666666667
2022-04-08 08:00:00,2.0,8,4,8,4,2022,2,14,0,0.8660254037844387,-0.4999999999999998,-0.433883739117558,-0.9009688679024191,0.8660254037844387,-0.4999999999999998,16.8833333333333,2.8,27.6,1.33333333333333,3.2,7.227777777777767,8.371518071103615,2.0,16.8833333333333,8.702777777777774,11.035349345860563,1.03333333333333,27.6,-14.8833333333333,-0.7999999999999998
2022-04-08 11:00:00,1.13333333333333,11,4,8,4,2022,2,14,0,0.258819045102521,-0.9659258262890682,-0.433883739117558,-0.9009688679024191,0.8660254037844387,-0.4999999999999998,2.0,16.8833333333333,2.8,1.03333333333333,2.66666666666667,6.67222222222221,8.853692470962041,1.13333333333333,16.8833333333333,8.719444444444441,11.02151641445378,1.13333333333333,27.6,-0.86666666666667,-15.749999999999972
2022-04-09 01:00:00,0.0333333333333333,1,5,9,4,2022,2,14,1,0.25881904510252074,0.9659258262890683,-0.9749279121818236,-0.2225209339563146,0.8660254037844387,-0.4999999999999998,1.13333333333333,2.0,16.8833333333333,1.9,2.9,1.0555555555555545,0.9856376014952812,0.0333333333333333,2.0,8.40833333333333,11.275921987432632,0.0333333333333333,27.6,-1.0999999999999968,-1.9666666666666668
2022-04-09 10:00:00,10.1,10,5,9,4,2022,2,14,1,0.49999999999999994,-0.8660254037844387,-0.9749279121818236,-0.2225209339563146,0.8660254037844387,-0.4999999999999998,0.0333333333333333,1.13333333333333,2.0,27.6,2.53333333333333,3.755555555555554,5.521909224306515,0.0333333333333333,10.1,5.491666666666663,6.621662681431807,0.0333333333333333,16.8833333333333,10.066666666666666,8.96666666666667
2022-04-09 12:00:00,2.53333333333333,12,5,9,4,2022,2,14,1,1.2246467991473532e-16,-1.0,-0.9749279121818236,-0.2225209339563146,0.8660254037844387,-0.4999999999999998,10.1,0.0333333333333333,1.13333333333333,2.8,0.00333333333333333,4.222222222222221,5.241536387711488,0.0333333333333333,10.1,5.447222222222217,6.644198945669044,0.0333333333333333,16.8833333333333,-7.56666666666667,2.499999999999997
2022-04-10 04:00:00,0.1,4,6,10,4,2022,2,14,1,0.8660254037844386,0.5000000000000001,-0.7818314824680299,0.6234898018587334,0.8660254037844387,-0.4999999999999998,2.53333333333333,10.1,0.0333333333333333,16.8833333333333,0.466666666666667,4.244444444444444,5.214971325513288,0.1,10.1,2.6500000000000004,3.783869271878568,0.0333333333333333,10.1,-2.43333333333333,-10.0
2022-04-12 04:00:00,1.0,4,1,12,4,2022,2,15,0,0.8660254037844386,0.5000000000000001,0.7818314824680298,0.6234898018587336,0.8660254037844387,-0.4999999999999998,0.1,2.53333333333333,10.1,2.0,1.33333333333333,1.2111111111111106,1.2303266654444223,0.1,2.53333333333333,2.483333333333334,3.8398350659023768,0.0333333333333333,10.1,0.9,-1.53333333333333
2022-04-12 10:00:00,4.1,10,1,12,4,2022,2,15,0,0.49999999999999994,-0.8660254037844387,0.7818314824680298,0.6234898018587336,0.8660254037844387,-0.4999999999999998,1.0,0.1,2.53333333333333,1.13333333333333,1.03333333333333,1.7333333333333336,2.098412098071593,0.1,4.1,2.977777777777779,3.8221963823416187,0.0333333333333333,10.1,3.0999999999999996,3.9999999999999996
2022-04-12 15:00:00,2.8,15,1,12,4,2022,2,15,0,-0.7071067811865471,-0.7071067811865479,0.7818314824680298,0.6234898018587336,0.8660254037844387,-0.4999999999999998,4.1,1.0,0.1,0.0333333333333333,1.9,2.6333333333333337,1.5567059238447134,1.0,4.1,3.43888888888889,3.553365645048026,0.1,10.1,-1.2999999999999998,1.7999999999999998
2022-04-13 15:00:00,2.13333333333333,15,2,13,4,2022,2,15,0,-0.7071067811865471,-0.7071067811865479,0.9749279121818236,-0.22252093395631434,0.8660254037844387,-0.4999999999999998,2.8,4.1,1.0,10.1,27.6,3.0111111111111106,1.0001851680415292,2.13333333333333,4.1,2.111111111111112,1.4062822012774714,0.1,4.1,-0.6666666666666696,-1.9666666666666694
2022-04-13 16:00:00,2.8,16,2,13,4,2022,2,15,0,-0.8660254037844385,-0.5000000000000004,0.9749279121818236,-0.22252093395631434,0.8660254037844387,-0.4999999999999998,2.13333333333333,2.8,4.1,2.53333333333333,2.8,2.577777777777777,0.38490017945960975,2.13333333333333,2.8,2.155555555555557,1.4263654926135514,0.1,4.1,0.6666666666666696,0.0
2022-04-22 14:00:00,2.9,14,4,22,4,2022,2,16,0,-0.4999999999999997,-0.8660254037844388,-0.433883739117558,-0.9009688679024191,0.8660254037844387,-0.4999999999999998,2.8,2.13333333333333,2.8,0.1,16.8833333333333,2.6111111111111103,0.41677776296678226,2.13333333333333,2.9,2.6222222222222236,1.0192953266659956,1.0,4.1,0.10000000000000009,0.7666666666666697
2022-04-22 17:00:00,4.4,17,4,22,4,2022,2,16,0,-0.9659258262890683,-0.25881904510252063,-0.433883739117558,-0.9009688679024191,0.8660254037844387,-0.4999999999999998,2.9,2.8,2.13333333333333,1.0,2.0,3.366666666666667,0.8962886439831882,2.8,4.4,3.18888888888889,0.8714398472686323,2.13333333333333,4.4,1.5000000000000004,1.6000000000000005
2022-04-23 12:00:00,1.56666666666667,12,5,23,4,2022,2,16,1,1.2246467991473532e-16,-1.0,-0.9749279121818236,-0.2225209339563146,0.8660254037844387,-0.4999999999999998,4.4,2.9,2.8,4.1,1.13333333333333,2.955555555555557,1.4174834246858565,1.56666666666667,4.4,2.766666666666668,0.9517235826530468,1.56666666666667,4.4,-2.8333333333333304,-1.33333333333333
2022-05-01 01:00:00,0.00333333333333333,1,6,1,5,2022,2,17,1,0.25881904510252074,0.9659258262890683,-0.7818314824680299,0.6234898018587334,0.49999999999999994,-0.8660254037844387,1.56666666666667,4.4,2.9,2.8,0.0333333333333333,1.990000000000001,2.2286941866881755,0.00333333333333333,4.4,2.3005555555555577,1.4737863808220224,0.00333333333333333,4.4,-1.5633333333333366,-4.396666666666667
2022-05-01 10:00:00,0.2,10,6,1,5,2022,2,17,1,0.49999999999999994,-0.8660254037844387,-0.7818314824680299,0.6234898018587334,0.49999999999999994,-0.8660254037844387,0.00333333333333333,1.56666666666667,4.4,2.13333333333333,10.1,0.5900000000000011,0.8515149897551273,0.00333333333333333,1.56666666666667,1.978333333333336,1.7100666003924996,0.00333333333333333,4.4,0.19666666666666668,-1.36666666666667
2022-05-02 18:00:00,14.5,18,0,2,5,2022,2,18,0,-1.0,-1.8369701987210297e-16,0.0,1.0,0.49999999999999994,-0.8660254037844387,0.2,0.00333333333333333,1.56666666666667,2.8,2.53333333333333,4.901111111111111,8.313463199555903,0.00333333333333333,14.5,3.928333333333336,5.439184477270277,0.00333333333333333,14.5,14.3,14.496666666666666
2022-05-02 19:00:00,0.4,19,0,2,5,2022,2,18,0,-0.9659258262890684,0.2588190451025203,0.0,1.0,0.49999999999999994,-0.8660254037844387,14.5,0.2,0.00333333333333333,2.9,0.1,5.033333333333333,8.198983676854906,0.2,14.5,3.511666666666669,5.626253440592411,0.00333333333333333,14.5,-14.1,0.2
2022-05-03 14:00:00,0.6,14,1,3,5,2022,2,18,0,-0.4999999999999997,-0.8660254037844388,0.7818314824680298,0.6234898018587336,0.49999999999999994,-0.8660254037844387,0.4,14.5,0.2,4.4,1.0,5.166666666666667,8.083522334560177,0.4,14.5,2.8783333333333356,5.719364280912516,0.00333333333333333,14.5,0.19999999999999996,-13.9
2022-05-04 16:00:00,0.5,16,2,4,5,2022,2,18,0,-0.8660254037844385,-0.5000000000000004,0.9749279121818236,-0.22252093395631434,0.49999999999999994,-0.8660254037844387,0.6,0.4,14.5,1.56666666666667,4.1,0.5,0.0999999999995282,0.4,0.6,2.700555555555557,5.784496680943989,0.00333333333333333,14.5,-0.09999999999999998,0.09999999999999998
2022-05-05 15:00:00,24.6,15,3,5,5,2022,2,18,0,-0.7071067811865471,-0.7071067811865479,0.43388373911755823,-0.900968867902419,0.49999999999999994,-0.8660254037844387,0.5,0.6,0.4,0.00333333333333333,2.8,8.566666666666668,13.885363997149417,0.5,24.6,6.800000000000002,10.380558751820642,0.2,24.6,24.1,24.0
2022-05-05 17:00:00,3.0,17,3,5,5,2022,2,18,0,-0.9659258262890683,-0.25881904510252063,0.43388373911755823,-0.900968867902419,0.49999999999999994,-0.8660254037844387,24.6,0.5,0.6,0.2,2.13333333333333,9.366666666666667,13.25154079091685,0.5,24.6,7.266666666666668,10.08318732676661,0.4,24.6,-21.6,2.5
2022-05-08 07:00:00,1.3,7,6,8,5,2022,2,18,1,0.9659258262890683,-0.25881904510252063,-0.7818314824680299,0.6234898018587334,0.49999999999999994,-0.8660254037844387,3.0,24.6,0.5,14.5,2.8,9.633333333333335,12.989354615735657,1.3,24.6,5.066666666666669,9.618662415672297,0.4,24.6,-1.7,-23.3
2022-05-08 14:00:00,3.2,14,6,8,5,2022,2,18,1,-0.4999999999999997,-0.8660254037844388,-0.7818314824680299,0.6234898018587334,0.49999999999999994,-0.8660254037844387,1.3,3.0,24.6,0.4,2.9,2.5,1.044030650891025,1.3,3.2,5.533333333333336,9.412686474469805,0.5,24.6,1.9000000000000001,0.20000000000000018
2022-05-09 11:00:00,1.36666666666667,11,0,9,5,2022,2,19,0,0.258819045102521,-0.9659258262890682,0.0,1.0,0.49999999999999994,-0.8660254037844387,3.2,1.3,3.0,0.6,4.4,1.9555555555555566,1.078235870574028,1.3,3.2,5.661111111111114,9.337223395675016,0.5,24.6,-1.8333333333333302,0.06666666666666998
2022-05-10 11:00:00,1.6,11,1,10,5,2022,2,19,0,0.258819045102521,-0.9659258262890682,0.7818314824680298,0.6234898018587336,0.49999999999999994,-0.8660254037844387,1.36666666666667,3.2,1.3,0.5,1.56666666666667,2.0555555555555567,0.9979608839658318,1.36666666666667,3.2,5.844444444444448,9.22575300550143,1.3,24.6,0.23333333333333006,-1.6
2022-05-14 12:00:00,10.5,12,5,14,5,2022,2,19,1,1.2246467991473532e-16,-1.0,-0.9749279121818236,-0.2225209339563146,0.49999999999999994,-0.8660254037844387,1.6,1.36666666666667,3.2,24.6,0.00333333333333333,4.48888888888889,5.207082071919322,1.36666666666667,10.5,3.494444444444447,3.531031745139845,1.3,10.5,8.9,9.13333333333333
2022-05-16 16:00:00,4.6,16,0,16,5,2022,2,20,0,-0.8660254037844385,-0.5000000000000004,0.0,1.0,0.49999999999999994,-0.8660254037844387,10.5,1.6,1.36666666666667,3.0,0.2,5.566666666666666,4.52806065919321,1.6,10.5,3.7611111111111133,3.5466050537672724,1.3,10.5,-5.9,2.9999999999999996
2022-05-18 09:00:00,1.1,9,2,18,5,2022,2,20,0,0.7071067811865476,-0.7071067811865475,0.9749279121818236,-0.22252093395631434,0.49999999999999994,-0.8660254037844387,4.6,10.5,1.6,1.3,14.5,5.3999999999999995,4.750789408087872,1.1,10.5,3.72777777777778,3.5751871227899548,1.1,10.5,-3.4999999999999996,-9.4
2022-05-25 15:00:00,2.2,15,2,25,5,2022,2,21,0,-0.7071067811865471,-0.7071067811865479,0.9749279121818236,-0.22252093395631434,0.49999999999999994,-0.8660254037844387,1.1,4.6,10.5,3.2,0.4,2.6333333333333333,1.7897858344878212,1.1,4.6,3.5611111111111136,3.627635695703318,1.1,10.5,1.1,-2.3999999999999995
2022-05-26 07:00:00,0.133333333333333,7,3,26,5,2022,2,21,0,0.9659258262890683,-0.25881904510252063,0.43388373911755823,-0.900968867902419,0.49999999999999994,-0.8660254037844387,2.2,1.1,4.6,1.36666666666667,0.6,1.1444444444444444,1.0340499307379718,0.133333333333333,2.2,3.3555555555555574,3.8073418354347974,0.133333333333333,10.5,-2.0666666666666673,-0.9666666666666671
2022-05-26 15:00:00,2.8,15,3,26,5,2022,2,21,0,-0.7071067811865471,-0.7071067811865479,0.43388373911755823,-0.900968867902419,0.49999999999999994,-0.8660254037844387,0.133333333333333,2.2,1.1,1.6,0.5,1.711111111111111,1.3989413987143915,0.133333333333333,2.8,3.5555555555555576,3.727356326565163,0.133333333333333,10.5,2.666666666666667,0.5999999999999996
2022-05-27 08:00:00,2.36666666666667,8,4,27,5,2022,2,21,0,0.8660254037844387,-0.4999999999999998,-0.433883739117558,-0.9009688679024191,0.49999999999999994,-0.8660254037844387,2.8,0.133333333333333,2.2,10.5,24.6,1.7666666666666675,1.4310058622443587,0.133333333333333,2.8,2.2000000000000024,1.5250500902521038,0.133333333333333,4.6,-0.43333333333333,2.233333333333337
2022-05-27 12:00:00,2.66666666666667,12,4,27,5,2022,2,21,0,1.2246467991473532e-16,-1.0,-0.433883739117558,-0.9009688679024191,0.49999999999999994,-0.8660254037844387,2.36666666666667,2.8,0.133333333333333,4.6,3.0,2.611111111111113,0.22194427061583313,2.36666666666667,2.8,1.8777777777777807,1.0453424035888514,0.133333333333333,2.8,0.30000000000000027,-0.13333333333332975
2022-05-30 11:00:00,2.86666666666667,11,0,30,5,2022,2,22,0,0.258819045102521,-0.9659258262890682,0.0,1.0,0.49999999999999994,-0.8660254037844387,2.66666666666667,2.36666666666667,2.8,1.1,1.3,2.6333333333333364,0.2516611478422299,2.36666666666667,2.86666666666667,2.1722222222222256,1.031162594500242,0.133333333333333,2.86666666666667,0.19999999999999973,0.5
2022-06-01 01:00:00,0.0333333333333333,1,2,1,6,2022,2,22,0,0.25881904510252074,0.9659258262890683,0.9749279121818236,-0.22252093395631434,1.2246467991473532e-16,-1.0,2.86666666666667,2.66666666666667,2.36666666666667,2.2,3.2,1.8555555555555578,1.5812559471414855,0.0333333333333333,2.86666666666667,1.8111111111111144,1.3496776021071877,0.0333333333333333,2.86666666666667,-2.8333333333333366,-2.633333333333337
2022-06-01 11:00:00,2.7,11,2,1,6,2022,2,22,0,0.258819045102521,-0.9659258262890682,0.9749279121818236,-0.22252093395631434,1.2246467991473532e-16,-1.0,0.0333333333333333,2.86666666666667,2.66666666666667,0.133333333333333,1.36666666666667,1.8666666666666678,1.589898669028225,0.0333333333333333,2.86666666666667,2.238888888888892,1.0941088035813658,0.0333333333333333,2.86666666666667,2.666666666666667,-0.16666666666666963
2022-06-09 08:00:00,0.166666666666667,8,3,9,6,2022,2,23,0,0.8660254037844387,-0.4999999999999998,0.43388373911755823,-0.900968867902419,1.2246467991473532e-16,-1.0,2.7,0.0333333333333333,2.86666666666667,2.8,1.6,0.9666666666666668,1.502590355944601,0.0333333333333333,2.7,1.8000000000000036,1.3273197722395143,0.0333333333333333,2.86666666666667,-2.533333333333333,0.1333333333333337
2022-06-09 11:00:00,1.3,11,3,9,6,2022,2,23,0,0.258819045102521,-0.9659258262890682,0.43388373911755823,-0.900968867902419,1.2246467991473532e-16,-1.0,0.166666666666667,2.7,0.0333333333333333,2.36666666666667,10.5,1.388888888888889,1.2690036920239092,0.166666666666667,2.7,1.6222222222222251,1.3075280607427928,0.0333333333333333,2.86666666666667,1.133333333333333,-1.4000000000000001
2022-06-10 11:00:00,2.86666666666667,11,4,10,6,2022,2,23,0,0.258819045102521,-0.9659258262890682,-0.433883739117558,-0.9009688679024191,1.2246467991473532e-16,-1.0,1.3,0.166666666666667,2.7,2.66666666666667,4.6,1.4444444444444455,1.3557832231400766,0.166666666666667,2.86666666666667,1.6555555555555586,1.3415855738088533,0.0333333333333333,2.86666666666667,1.5666666666666698,2.700000000000003
2022-06-10 12:00:00,0.4,12,4,10,6,2022,2,23,0,1.2246467991473532e-16,-1.0,-0.433883739117558,-0.9009688679024191,1.2246467991473532e-16,-1.0,2.86666666666667,1.3,0.166666666666667,2.86666666666667,1.1,1.5222222222222233,1.2482580454970416,0.4,2.86666666666667,1.244444444444447,1.272384754295313,0.0333333333333333,2.86666666666667,-2.46666666666667,-0.9
2022-06-13 08:00:00,1.36666666666667,8,0,13,6,2022,2,24,0,0.8660254037844387,-0.4999999999999998,0.0,1.0,1.2246467991473532e-16,-1.0,0.4,2.86666666666667,1.3,0.0333333333333333,2.2,1.5444444444444467,1.2429057948270898,0.4,2.86666666666667,1.4666666666666697,1.1266469426282184,0.166666666666667,2.86666666666667,0.96666666666667,-1.4999999999999998
2022-06-14 12:00:00,1.3,12,1,14,6,2022,2,24,0,1.2246467991473532e-16,-1.0,0.7818314824680298,0.6234898018587336,1.2246467991473532e-16,-1.0,1.36666666666667,0.4,2.86666666666667,2.7,0.133333333333333,1.0222222222222233,0.5398902494780093,0.4,1.36666666666667,1.2333333333333363,0.9514900595032586,0.166666666666667,2.86666666666667,-0.06666666666666998,0.9
2022-06-14 15:00:00,1.5,15,1,14,6,2022,2,24,0,-0.7071067811865471,-0.7071067811865479,0.7818314824680298,0.6234898018587336,1.2246467991473532e-16,-1.0,1.3,1.36666666666667,0.4,0.166666666666667,2.8,1.3888888888888902,0.10183501544318148,1.3,1.5,1.4555555555555584,0.7954500240372866,0.4,2.86666666666667,0.19999999999999996,0.13333333333332997
2022-06-15 08:00:00,2.4,8,2,15,6,2022,2,24,0,0.8660254037844387,-0.4999999999999998,0.9749279121818236,-0.22252093395631434,1.2246467991473532e-16,-1.0,1.5,1.3,1.36666666666667,1.3,2.36666666666667,1.7333333333333332,0.5859465277081811,1.3,2.4,1.6388888888888917,0.8751931003859321,0.4,2.86666666666667,0.8999999999999999,1.0999999999999999
2022-06-15 14:00:00,0.566666666666667,14,2,15,6,2022,2,24,0,-0.4999999999999997,-0.8660254037844388,0.9749279121818236,-0.22252093395631434,1.2246467991473532e-16,-1.0,2.4,1.5,1.3,2.86666666666667,2.66666666666667,1.488888888888889,0.916717170325893,0.566666666666667,2.4,1.255555555555558,0.719773626964932,0.4,2.4,-1.833333333333333,-0.933333333333333
2022-06-15 17:00:00,24.6,17,2,15,6,2022,2,24,0,-0.9659258262890683,-0.25881904510252063,0.9749279121818236,-0.22252093395631434,1.2246467991473532e-16,-1.0,0.566666666666667,2.4,1.5,0.4,2.86666666666667,9.18888888888889,13.377856219777403,0.566666666666667,24.6,5.288888888888891,9.4785527884252,0.566666666666667,24.6,24.033333333333335,22.200000000000003
2022-06-17 12:00:00,2.83333333333333,12,4,17,6,2022,2,24,0,1.2246467991473532e-16,-1.0,-0.433883739117558,-0.9009688679024191,1.2246467991473532e-16,-1.0,24.6,0.566666666666667,2.4,1.36666666666667,0.0333333333333333,9.333333333333334,13.26980699851274,0.566666666666667,24.6,5.533333333333335,9.375523689077033,0.566666666666667,24.6,-21.766666666666673,2.266666666666663
2022-06-20 11:00:00,10.5,11,0,20,6,2022,2,25,0,0.258819045102521,-0.9659258262890682,0.0,1.0,1.2246467991473532e-16,-1.0,2.83333333333333,24.6,0.566666666666667,1.3,2.7,12.644444444444444,11.04064880004458,2.83333333333333,24.6,7.066666666666667,9.296689972481852,0.566666666666667,24.6,7.66666666666667,-14.100000000000001
2022-06-20 18:00:00,2.83333333333333,18,0,20,6,2022,2,25,0,-1.0,-1.8369701987210297e-16,0.0,1.0,1.2246467991473532e-16,-1.0,10.5,2.83333333333333,24.6,1.5,0.166666666666667,5.388888888888887,4.426352063787126,2.83333333333333,10.5,7.288888888888889,9.151822324097646,0.566666666666667,24.6,-7.66666666666667,0.0
2022-06-23 16:00:00,2.73333333333333,16,3,23,6,2022,2,25,0,-0.8660254037844385,-0.5000000000000004,0.43388373911755823,-0.900968867902419,1.2246467991473532e-16,-1.0,2.83333333333333,10.5,2.83333333333333,2.4,1.3,5.355555555555553,4.455500138197893,2.73333333333333,10.5,7.344444444444445,9.117155176836615,0.566666666666667,24.6,-0.10000000000000009,-7.76666666666667
2022-06-25 12:00:00,2.73333333333333,12,5,25,6,2022,2,25,1,1.2246467991473532e-16,-1.0,-0.9749279121818236,-0.2225209339563146,1.2246467991473532e-16,-1.0,2.73333333333333,2.83333333333333,10.5,0.566666666666667,2.86666666666667,2.7666666666666635,0.05773502691869839,2.73333333333333,2.83333333333333,7.705555555555555,8.833507335812431,2.73333333333333,24.6,0.0,-0.10000000000000009
2022-06-27 07:00:00,1.03333333333333,7,0,27,6,2022,2,26,0,0.9659258262890683,-0.25881904510252063,0.0,1.0,1.2246467991473532e-16,-1.0,2.73333333333333,2.73333333333333,2.83333333333333,24.6,0.4,2.166666666666663,0.9814954576223516,1.03333333333333,2.73333333333333,3.777777777777777,3.3670736827674825,1.03333333333333,10.5,-1.6999999999999997,-1.6999999999999997
2022-06-29 17:00:00,4.66666666666667,17,2,29,6,2022,2,26,0,-0.9659258262890683,-0.25881904510252063,0.9749279121818236,-0.22252093395631434,1.2246467991473532e-16,-1.0,1.03333333333333,2.73333333333333,2.73333333333333,2.83333333333333,1.36666666666667,2.81111111111111,1.817914963581849,1.03333333333333,4.66666666666667,4.083333333333333,3.347353847112368,1.03333333333333,10.5,3.6333333333333395,1.9333333333333398
2022-06-30 15:00:00,3.2,15,3,30,6,2022,2,26,0,-0.7071067811865471,-0.7071067811865479,0.43388373911755823,-0.900968867902419,1.2246467991473532e-16,-1.0,4.66666666666667,1.03333333333333,2.73333333333333,10.5,1.3,2.966666666666667,1.8278706494473536,1.03333333333333,4.66666666666667,2.8666666666666667,1.1617993707082004,1.03333333333333,4.66666666666667,-1.4666666666666694,2.16666666666667
2022-07-01 01:00:00,0.0333333333333333,1,4,1,7,2022,3,26,0,0.25881904510252074,0.9659258262890683,-0.433883739117558,-0.9009688679024191,-0.4999999999999997,-0.8660254037844388,3.2,4.66666666666667,1.03333333333333,2.83333333333333,1.5,2.6333333333333346,2.368074698521513,0.0333333333333333,4.66666666666667,2.400000000000001,1.6412732185038454,0.0333333333333333,4.66666666666667,-3.166666666666667,-4.633333333333336
2022-07-01 06:00:00,0.4,6,4,1,7,2022,3,26,0,1.0,6.123233995736766e-17,-0.433883739117558,-0.9009688679024191,-0.4999999999999997,-0.8660254037844388,0.0333333333333333,3.2,4.66666666666667,2.73333333333333,2.4,1.2111111111111115,1.7321577209856955,0.0333333333333333,3.2,2.0111111111111124,1.8138561337863237,0.0333333333333333,4.66666666666667,0.3666666666666667,-2.8000000000000003
2022-07-01 17:00:00,0.666666666666667,17,4,1,7,2022,3,26,0,-0.9659258262890683,-0.25881904510252063,-0.433883739117558,-0.9009688679024191,-0.4999999999999997,-0.8660254037844388,0.4,0.0333333333333333,3.2,2.73333333333333,0.566666666666667,0.3666666666666671,0.31797973380564587,0.0333333333333333,0.666666666666667,1.6666666666666685,1.84523410137822,0.0333333333333333,4.66666666666667,0.26666666666666694,0.6333333333333336
2022-07-02 12:00:00,2.4,12,5,2,7,2022,3,26,1,1.2246467991473532e-16,-1.0,-0.9749279121818236,-0.2225209339563146,-0.4999999999999997,-0.8660254037844388,0.666666666666667,0.4,0.0333333333333333,1.03333333333333,24.6,1.155555555555556,1.0859370420329386,0.4,2.4,1.8944444444444468,1.8357458873610908,0.0333333333333333,4.66666666666667,1.733333333333333,2.0
2022-07-04 07:00:00,1.23333333333333,7,0,4,7,2022,3,27,0,0.9659258262890683,-0.25881904510252063,0.0,1.0,-0.4999999999999997,-0.8660254037844388,2.4,0.666666666666667,0.4,4.66666666666667,2.83333333333333,1.4333333333333327,0.8838049055708491,0.666666666666667,2.4,1.3222222222222235,1.2358832499097974,0.0333333333333333,3.2,-1.1666666666666698,0.5666666666666631
2022-07-05 08:00:00,0.166666666666667,8,1,5,7,2022,3,27,0,0.8660254037844387,-0.4999999999999998,0.7818314824680298,0.6234898018587336,-0.4999999999999997,-0.8660254037844388,1.23333333333333,2.4,0.666666666666667,3.2,10.5,1.266666666666666,1.117039738674397,0.166666666666667,2.4,0.8166666666666679,0.8846217019470819,0.0333333333333333,2.4,-1.066666666666663,-2.233333333333333
2022-07-08 18:00:00,2.5,18,4,8,7,2022,3,27,0,-1.0,-1.8369701987210297e-16,-0.433883739117558,-0.9009688679024191,-0.4999999999999997,-0.8660254037844388,0.166666666666667,1.23333333333333,2.4,0.0333333333333333,2.83333333333333,1.2999999999999996,1.16809436452901,0.166666666666667,2.5,1.227777777777779,1.0118007416190877,0.166666666666667,2.5,2.333333333333333,1.26666666666667
2022-07-09 12:00:00,3.1,12,5,9,7,2022,3,27,1,1.2246467991473532e-16,-1.0,-0.9749279121818236,-0.2225209339563146,-0.4999999999999997,-0.8660254037844388,2.5,0.166666666666667,1.23333333333333,0.4,2.73333333333333,1.9222222222222232,1.5496714108098728,0.166666666666667,3.1,1.677777777777779,1.1596295704840123,0.166666666666667,3.1,0.6000000000000001,2.933333333333333
2022-07-10 08:00:00,0.4,8,6,10,7,2022,3,27,1,0.8660254037844387,-0.4999999999999998,-0.7818314824680299,0.6234898018587334,-0.4999999999999997,-0.8660254037844388,3.1,2.5,0.166666666666667,0.666666666666667,2.73333333333333,2.0000000000000004,1.4177446878757753,0.4,3.1,1.6333333333333346,1.2101423240448366,0.166666666666667,3.1,-2.7,-2.1
2022-07-12 08:00:00,1.36666666666667,8,1,12,7,2022,3,28,0,0.8660254037844387,-0.4999999999999998,0.7818314824680298,0.6234898018587336,-0.4999999999999997,-0.8660254037844388,0.4,3.1,2.5,2.4,1.03333333333333,1.6222222222222238,1.368021009152076,0.4,3.1,1.461111111111113,1.1513116513432464,0.166666666666667,3.1,0.96666666666667,-1.73333333333333
2022-07-12 12:00:00,3.33333333333333,12,1,12,7,2022,3,28,0,1.2246467991473532e-16,-1.0,0.7818314824680298,0.6234898018587336,-0.4999999999999997,-0.8660254037844388,1.36666666666667,0.4,3.1,1.23333333333333,4.66666666666667,1.7000000000000004,1.494805821651903,0.4,3.33333333333333,1.811111111111113,1.3671814748545181,0.166666666666667,3.33333333333333,1.96666666666666,2.93333333333333
2022-07-12 16:00:00,18.6666666666667,16,1,12,7,2022,3,28,0,-0.8660254037844385,-0.5000000000000004,0.7818314824680298,0.6234898018587336,-0.4999999999999997,-0.8660254037844388,3.33333333333333,1.36666666666667,0.4,0.166666666666667,3.2,7.788888888888901,9.471614512926598,1.36666666666667,18.6666666666667,4.894444444444452,6.836809413971062,0.4,18.6666666666667,15.33333333333337,17.30000000000003
2022-07-14 12:00:00,0.5,12,3,14,7,2022,3,28,0,1.2246467991473532e-16,-1.0,0.43388373911755823,-0.900968867902419,-0.4999999999999997,-0.8660254037844388,18.6666666666667,3.33333333333333,1.36666666666667,2.5,0.0333333333333333,7.500000000000011,9.773831274263848,0.5,18.6666666666667,4.561111111111118,7.023117910528454,0.4,18.6666666666667,-18.1666666666667,-2.83333333333333
2022-07-16 16:00:00,3.0,16,5,16,7,2022,3,28,1,-0.8660254037844385,-0.5000000000000004,-0.9749279121818236,-0.2225209339563146,-0.4999999999999997,-0.8660254037844388,0.5,18.6666666666667,3.33333333333333,3.1,0.4,7.388888888888901,9.846507182940762,0.5,18.6666666666667,4.544444444444451,7.0273961249026415,0.4,18.6666666666667,2.5,-15.6666666666667
2022-07-19 14:00:00,3.13333333333333,14,1,19,7,2022,3,29,0,-0.4999999999999997,-0.8660254037844388,0.7818314824680298,0.6234898018587336,-0.4999999999999997,-0.8660254037844388,3.0,0.5,18.6666666666667,0.4,0.666666666666667,2.2111111111111112,1.483364543991239,0.5,3.13333333333333,5.000000000000006,6.789567160152596,0.5,18.6666666666667,0.1333333333333302,2.63333333333333
2022-07-22 10:00:00,3.33333333333333,10,4,22,7,2022,3,29,0,0.49999999999999994,-0.8660254037844387,-0.433883739117558,-0.9009688679024191,-0.4999999999999997,-0.8660254037844388,3.13333333333333,3.0,0.5,1.36666666666667,2.4,3.1555555555555546,0.16777409856146488,3.0,3.33333333333333,5.327777777777784,6.624547503764314,0.5,18.6666666666667,0.19999999999999973,0.33333333333332993
2022-07-22 11:00:00,2.93333333333333,11,4,22,7,2022,3,29,0,0.258819045102521,-0.9659258262890682,-0.433883739117558,-0.9009688679024191,-0.4999999999999997,-0.8660254037844388,3.33333333333333,3.13333333333333,3.0,3.33333333333333,1.23333333333333,3.133333333333331,0.19999999999991147,2.93333333333333,3.33333333333333,5.261111111111117,6.6505945153352855,0.5,18.6666666666667,-0.3999999999999999,-0.20000000000000018
2022-07-26 15:00:00,2.26666666666667,15,1,26,7,2022,3,30,0,-0.7071067811865471,-0.7071067811865479,0.7818314824680298,0.6234898018587336,-0.4999999999999997,-0.8660254037844388,2.93333333333333,3.33333333333333,3.13333333333333,18.6666666666667,0.166666666666667,2.8444444444444446,0.5388602512436151,2.26666666666667,3.33333333333333,2.5277777777777786,1.0567069743452184,0.5,3.33333333333333,-0.6666666666666599,-1.0666666666666598
2022-07-26 16:00:00,1.26666666666667,16,1,26,7,2022,3,30,0,-0.8660254037844385,-0.5000000000000004,0.7818314824680298,0.6234898018587336,-0.4999999999999997,-0.8660254037844388,2.26666666666667,2.93333333333333,3.33333333333333,0.5,2.5,2.1555555555555577,0.838870492807839,1.26666666666667,2.93333333333333,2.655555555555557,0.7698965779511782,1.26666666666667,3.33333333333333,-1.0000000000000002,-1.66666666666666
2022-07-29 10:00:00,3.0,10,4,29,7,2022,3,30,0,0.49999999999999994,-0.8660254037844387,-0.433883739117558,-0.9009688679024191,-0.4999999999999997,-0.8660254037844388,1.26666666666667,2.26666666666667,2.93333333333333,3.0,3.1,2.177777777777781,0.8700787533533975,1.26666666666667,3.0,2.655555555555557,0.7698965779511782,1.26666666666667,3.33333333333333,1.73333333333333,0.7333333333333298
2022-07-29 13:00:00,0.5,13,4,29,7,2022,3,30,0,-0.2588190451025208,-0.9659258262890683,-0.433883739117558,-0.9009688679024191,-0.4999999999999997,-0.8660254037844388,3.0,1.26666666666667,2.26666666666667,3.13333333333333,0.4,1.588888888888891,1.2807694446583033,0.5,3.0,2.2166666666666686,1.1158952559368733,0.5,3.33333333333333,-2.5,-0.7666666666666699
2022-07-30 10:00:00,15.3666666666667,10,5,30,7,2022,3,30,1,0.49999999999999994,-0.8660254037844387,-0.9749279121818236,-0.2225209339563146,-0.4999999999999997,-0.8660254037844388,0.5,3.0,1.26666666666667,3.33333333333333,1.36666666666667,6.288888888888901,7.9603415151008,0.5,15.3666666666667,4.222222222222229,5.54559551622997,0.5,15.3666666666667,14.8666666666667,12.3666666666667
2022-07-30 11:00:00,1.06666666666667,11,5,30,7,2022,3,30,1,0.258819045102521,-0.9659258262890682,-0.9749279121818236,-0.2225209339563146,-0.4999999999999997,-0.8660254037844388,15.3666666666667,0.5,3.0,2.93333333333333,3.33333333333333,5.644444444444457,8.42445734047492,0.5,15.3666666666667,3.91111111111112,5.68302214853515,0.5,15.3666666666667,-14.30000000000003,0.56666666666667
2022-07-30 12:00:00,14.1,12,5,30,7,2022,3,30,1,1.2246467991473532e-16,-1.0,-0.9749279121818236,-0.2225209339563146,-0.4999999999999997,-0.8660254037844388,1.06666666666667,15.3666666666667,0.5,2.26666666666667,18.6666666666667,10.177777777777791,7.915830365184089,1.06666666666667,15.3666666666667,5.883333333333343,6.917441723643234,0.5,15.3666666666667,13.03333333333333,-1.2666666666666995
2022-07-30 14:00:00,4.4,14,5,30,7,2022,3,30,1,-0.4999999999999997,-0.8660254037844388,-0.9749279121818236,-0.2225209339563146,-0.4999999999999997,-0.8660254037844388,14.1,1.06666666666667,15.3666666666667,1.26666666666667,0.5,6.522222222222225,6.770879914369679,1.06666666666667,14.1,6.405555555555563,6.610678790719933,0.5,15.3666666666667,-9.7,3.3333333333333304
2022-08-09 08:00:00,2.8,8,1,9,8,2022,3,32,0,0.8660254037844387,-0.4999999999999998,0.7818314824680298,0.6234898018587336,-0.8660254037844385,-0.5000000000000004,4.4,14.1,1.06666666666667,3.0,3.0,7.100000000000001,6.114736298484177,2.8,14.1,6.37222222222223,6.63175581465312,0.5,15.3666666666667,-1.6000000000000005,-11.3
2022-08-09 12:00:00,2.4,12,1,9,8,2022,3,32,0,1.2246467991473532e-16,-1.0,0.7818314824680298,0.6234898018587336,-0.8660254037844385,-0.5000000000000004,2.8,4.4,14.1,0.5,3.13333333333333,3.200000000000001,1.0583005244258197,2.4,4.4,6.688888888888896,6.33395318604134,1.06666666666667,15.3666666666667,-0.3999999999999999,-2.0000000000000004
2022-08-10 12:00:00,2.2,12,2,10,8,2022,3,32,0,1.2246467991473532e-16,-1.0,0.9749279121818236,-0.22252093395631434,-0.8660254037844385,-0.5000000000000004,2.4,2.8,4.4,15.3666666666667,3.33333333333333,2.466666666666668,0.3055050463303299,2.2,2.8,4.494444444444447,4.827993218565939,1.06666666666667,14.1,-0.19999999999999973,-0.5999999999999996
2022-08-11 10:00:00,0.0,10,3,11,8,2022,3,32,0,0.49999999999999994,-0.8660254037844387,0.43388373911755823,-0.900968867902419,-0.8660254037844385,-0.5000000000000004,2.2,2.4,2.8,1.06666666666667,2.93333333333333,1.5333333333333343,1.3316656236958648,0.0,2.4,4.316666666666669,4.996165196094585,0.0,14.1,-2.2,-2.4
2022-08-12 08:00:00,3.2,8,4,12,8,2022,3,32,0,0.8660254037844387,-0.4999999999999998,-0.433883739117558,-0.9009688679024191,-0.8660254037844385,-0.5000000000000004,0.0,2.2,2.4,14.1,2.26666666666667,1.8000000000000014,1.6370705543744788,0.0,3.2,2.5000000000000018,1.451895313030587,0.0,4.4,3.2,1.0
2022-08-12 12:00:00,3.3,12,4,12,8,2022,3,32,0,1.2246467991473532e-16,-1.0,-0.433883739117558,-0.9009688679024191,-0.8660254037844385,-0.5000000000000004,3.2,0.0,2.2,4.4,1.26666666666667,2.166666666666668,1.877054430040135,0.0,3.3,2.3166666666666687,1.2139467313959262,0.0,3.3,0.09999999999999964,3.3
2022-08-12 14:00:00,4.8,14,4,12,8,2022,3,32,0,-0.4999999999999997,-0.8660254037844388,-0.433883739117558,-0.9009688679024191,-0.8660254037844385,-0.5000000000000004,3.3,3.2,0.0,2.8,3.0,3.766666666666668,0.8962886439832295,3.2,4.8,2.6500000000000017,1.5896540504148016,0.0,4.8,1.5,1.5999999999999996
2022-08-12 16:00:00,1.43333333333333,16,4,12,8,2022,3,32,0,-0.8660254037844385,-0.5000000000000004,-0.433883739117558,-0.9009688679024191,-0.8660254037844385,-0.5000000000000004,4.8,3.3,3.2,2.4,0.5,3.1777777777777785,1.6866578831567425,1.43333333333333,4.8,2.4888888888888903,1.6671554838729332,0.0,4.8,-3.36666666666667,-1.8666666666666698
2022-08-13 10:00:00,0.433333333333333,10,5,13,8,2022,3,32,1,0.49999999999999994,-0.8660254037844387,-0.9749279121818236,-0.2225209339563146,-0.8660254037844385,-0.5000000000000004,1.43333333333333,4.8,3.3,2.2,15.3666666666667,2.222222222222222,2.2877289401726926,0.433333333333333,4.8,2.1944444444444455,1.8718281814154123,0.0,4.8,-0.999999999999997,-4.366666666666667
2022-08-13 11:00:00,2.6,11,5,13,8,2022,3,32,1,0.258819045102521,-0.9659258262890682,-0.9749279121818236,-0.2225209339563146,-0.8660254037844385,-0.5000000000000004,0.433333333333333,1.43333333333333,4.8,0.0,1.06666666666667,1.488888888888889,1.0844011831079363,0.433333333333333,2.6,2.6277777777777787,1.5323789300252637,0.433333333333333,4.8,2.166666666666667,1.16666666666667
2022-08-16 09:00:00,3.0,9,1,16,8,2022,3,33,0,0.7071067811865476,-0.7071067811865475,0.7818314824680298,0.6234898018587336,-0.8660254037844385,-0.5000000000000004,2.6,0.433333333333333,1.43333333333333,3.2,14.1,2.0111111111111124,1.3809551176765313,0.433333333333333,3.0,2.5944444444444454,1.5195637775606068,0.433333333333333,4.8,0.3999999999999999,2.566666666666667
2022-08-17 13:00:00,2.4,13,2,17,8,2022,3,33,0,-0.2588190451025208,-0.9659258262890683,0.9749279121818236,-0.22252093395631434,-0.8660254037844385,-0.5000000000000004,3.0,2.6,0.433333333333333,3.3,4.4,2.666666666666668,0.30550504633033043,2.4,3.0,2.4444444444444455,1.4798898857936227,0.433333333333333,4.8,-0.6000000000000001,-0.20000000000000018
2022-08-19 11:00:00,1.13333333333333,11,4,19,8,2022,3,33,0,0.258819045102521,-0.9659258262890682,-0.433883739117558,-0.9009688679024191,-0.8660254037844385,-0.5000000000000004,2.4,3.0,2.6,4.8,2.8,2.1777777777777776,0.9529680729951637,1.13333333333333,3.0,1.833333333333334,0.9879271228183749,0.433333333333333,3.0,-1.26666666666667,-1.86666666666667
2022-08-20 10:00:00,26.4,10,5,20,8,2022,3,33,1,0.49999999999999994,-0.8660254037844387,-0.9749279121818236,-0.2225209339563146,-0.8660254037844385,-0.5000000000000004,1.13333333333333,2.4,3.0,1.43333333333333,2.4,9.977777777777776,14.236156368491747,1.13333333333333,26.4,5.9944444444444445,10.043426079152848,0.433333333333333,26.4,25.26666666666667,24.0
2022-08-21 11:00:00,1.7,11,6,21,8,2022,3,33,1,0.258819045102521,-0.9659258262890682,-0.7818314824680299,0.6234898018587334,-0.8660254037844385,-0.5000000000000004,26.4,1.13333333333333,2.4,0.433333333333333,2.2,9.744444444444444,14.426916715844932,1.13333333333333,26.4,6.205555555555557,9.915653543019005,1.13333333333333,26.4,-24.7,0.56666666666667
2022-08-25 18:00:00,2.83333333333333,18,3,25,8,2022,3,34,0,-1.0,-1.8369701987210297e-16,0.43388373911755823,-0.900968867902419,-0.8660254037844385,-0.5000000000000004,1.7,26.4,1.13333333333333,2.6,0.0,10.31111111111111,13.944904817544305,1.7,26.4,6.2444444444444445,9.89912828186103,1.13333333333333,26.4,1.13333333333333,-23.56666666666667
2022-08-26 16:00:00,3.9,16,4,26,8,2022,3,34,0,-0.8660254037844385,-0.5000000000000004,-0.433883739117558,-0.9009688679024191,-0.8660254037844385,-0.5000000000000004,2.83333333333333,1.7,26.4,3.0,3.2,2.81111111111111,1.1001683372877,1.7,3.9,6.394444444444445,9.846813735454779,1.13333333333333,26.4,1.06666666666667,2.2
2022-08-30 01:00:00,0.0666666666666667,1,1,30,8,2022,3,35,0,0.25881904510252074,0.9659258262890683,0.7818314824680298,0.6234898018587336,-0.8660254037844385,-0.5000000000000004,3.9,2.83333333333333,1.7,2.4,3.3,2.2666666666666653,1.9784955002335627,0.0666666666666667,3.9,6.005555555555556,10.079449205998136,0.0666666666666667,26.4,-3.833333333333333,-2.766666666666663
2022-08-31 08:00:00,1.08333333333333,8,2,31,8,2022,3,35,0,0.8660254037844387,-0.4999999999999998,0.9749279121818236,-0.22252093395631434,-0.8660254037844385,-0.5000000000000004,0.0666666666666667,3.9,2.83333333333333,1.13333333333333,4.8,1.683333333333332,1.9858527415473501,0.0666666666666667,3.9,5.997222222222223,10.084302524587784,0.0666666666666667,26.4,1.0166666666666633,-2.81666666666667
2022-09-10 10:00:00,1.0,10,5,10,9,2022,3,36,1,0.49999999999999994,-0.8660254037844387,-0.9749279121818236,-0.2225209339563146,-1.0,-1.8369701987210297e-16,1.08333333333333,0.0666666666666667,3.9,26.4,1.43333333333333,0.7166666666666656,0.5644564740625485,0.0666666666666667,1.08333333333333,1.7638888888888895,1.388381018255462,0.0666666666666667,3.9,-0.08333333333332993,0.9333333333333333
2022-09-11 10:00:00,1.06666666666667,10,6,11,9,2022,3,36,1,0.49999999999999994,-0.8660254037844387,-0.7818314824680299,0.6234898018587334,-1.0,-1.8369701987210297e-16,1.0,1.08333333333333,0.0666666666666667,1.7,0.433333333333333,1.0499999999999998,0.0440958551845692,1.0,1.08333333333333,1.6583333333333348,1.4179699887124233,0.0666666666666667,3.9,0.06666666666666998,-0.016666666666659946
2022-09-14 01:00:00,0.0,1,2,14,9,2022,3,37,0,0.25881904510252074,0.9659258262890683,0.9749279121818236,-0.22252093395631434,-1.0,-1.8369701987210297e-16,1.06666666666667,1.0,1.08333333333333,2.83333333333333,2.6,0.68888888888889,0.5975257626555135,0.0,1.06666666666667,1.186111111111113,1.4201884329853605,0.0,3.9,-1.06666666666667,-1.0
2022-09-14 11:00:00,13.3,11,2,14,9,2022,3,37,0,0.258819045102521,-0.9659258262890682,0.9749279121818236,-0.22252093395631434,-1.0,-1.8369701987210297e-16,0.0,1.06666666666667,1.0,3.9,3.0,4.7888888888888905,7.390108504190159,0.0,13.3,2.7527777777777795,5.191129364028051,0.0,13.3,13.3,12.23333333333333
2022-09-15 15:00:00,2.5,15,3,15,9,2022,3,37,0,-0.7071067811865471,-0.7071067811865479,0.43388373911755823,-0.900968867902419,-1.0,-1.8369701987210297e-16,13.3,0.0,1.06666666666667,0.0666666666666667,2.4,5.266666666666667,7.068474611493865,0.0,13.3,3.158333333333335,5.03191757130864,0.0,13.3,-10.8,2.5
2022-09-19 08:00:00,1.3,8,0,19,9,2022,3,38,0,0.8660254037844387,-0.4999999999999998,0.0,1.0,-1.0,-1.8369701987210297e-16,2.5,13.3,0.0,1.08333333333333,1.13333333333333,5.7,6.609084656743323,1.3,13.3,3.194444444444447,5.014796624508853,0.0,13.3,-1.2,-12.0
2022-09-23 08:00:00,1.26666666666667,8,4,23,9,2022,3,38,0,0.8660254037844387,-0.4999999999999998,-0.433883739117558,-0.9009688679024191,-1.0,-1.8369701987210297e-16,1.3,2.5,13.3,1.0,26.4,1.68888888888889,0.7026405223894376,1.26666666666667,2.5,3.238888888888892,4.992590806681754,0.0,13.3,-0.033333333333330106,-1.23333333333333
2022-09-23 16:00:00,4.45,16,4,23,9,2022,3,38,0,-0.8660254037844385,-0.5000000000000004,-0.433883739117558,-0.9009688679024191,-1.0,-1.8369701987210297e-16,1.26666666666667,1.3,2.5,1.06666666666667,1.7,2.33888888888889,1.8283518179962974,1.26666666666667,4.45,3.8027777777777807,4.888153669464217,0.0,13.3,3.18333333333333,3.1500000000000004
2022-09-24 15:00:00,1.73333333333333,15,5,24,9,2022,3,38,1,-0.7071067811865471,-0.7071067811865479,-0.9749279121818236,-0.2225209339563146,-1.0,-1.8369701987210297e-16,4.45,1.26666666666667,1.3,0.0,2.83333333333333,2.4833333333333334,1.719092137663882,1.26666666666667,4.45,4.0916666666666694,4.664567980472001,1.26666666666667,13.3,-2.7166666666666703,0.4666666666666601
2022-09-25 16:00:00,1.03333333333333,16,6,25,9,2022,3,38,1,-0.8660254037844385,-0.5000000000000004,-0.7818314824680299,0.6234898018587334,-1.0,-1.8369701987210297e-16,1.73333333333333,4.45,1.26666666666667,13.3,3.9,2.4055555555555537,1.8048032620800587,1.03333333333333,4.45,2.0472222222222234,1.2862700885665357,1.03333333333333,4.45,-0.7,-3.41666666666667
2022-09-28 11:00:00,0.833333333333333,11,2,28,9,2022,3,39,0,0.258819045102521,-0.9659258262890682,0.9749279121818236,-0.22252093395631434,-1.0,-1.8369701987210297e-16,1.03333333333333,1.73333333333333,4.45,2.5,0.0666666666666667,1.1999999999999977,0.4725815626252615,0.833333333333333,1.73333333333333,1.7694444444444457,1.3474427081891376,0.833333333333333,4.45,-0.19999999999999707,-0.899999999999997
2022-09-29 11:00:00,3.63333333333333,11,3,29,9,2022,3,39,0,0.258819045102521,-0.9659258262890682,0.43388373911755823,-0.900968867902419,-1.0,-1.8369701987210297e-16,0.833333333333333,1.03333333333333,1.73333333333333,1.3,1.08333333333333,1.8333333333333313,1.5620499351813302,0.833333333333333,3.63333333333333,2.1583333333333337,1.511575704723826,0.833333333333333,4.45,2.799999999999997,2.6
2022-10-09 12:00:00,1.36666666666667,12,6,9,10,2022,4,40,1,1.2246467991473532e-16,-1.0,-0.7818314824680299,0.6234898018587334,-0.8660254037844386,0.5000000000000001,3.63333333333333,0.833333333333333,1.03333333333333,1.26666666666667,1.0,1.9444444444444444,1.4867314385491295,0.833333333333333,3.63333333333333,2.1750000000000007,1.5002870095789442,0.833333333333333,4.45,-2.2666666666666604,0.533333333333337
2022-10-11 16:00:00,17.7,16,1,11,10,2022,4,41,0,-0.8660254037844385,-0.5000000000000004,0.7818314824680298,0.6234898018587336,-0.8660254037844386,0.5000000000000001,1.36666666666667,3.63333333333333,0.833333333333333,4.45,1.06666666666667,7.566666666666666,8.848603154045149,1.36666666666667,17.7,4.383333333333334,6.600664949668176,0.833333333333333,17.7,16.33333333333333,14.06666666666667
2022-10-14 08:00:00,2.7,8,4,14,10,2022,4,41,0,0.8660254037844387,-0.4999999999999998,-0.433883739117558,-0.9009688679024191,-0.8660254037844386,0.5000000000000001,17.7,1.36666666666667,3.63333333333333,1.73333333333333,0.0,7.255555555555556,9.069689038730006,1.36666666666667,17.7,4.544444444444445,6.534512365268892,0.833333333333333,17.7,-15.0,1.3333333333333302
2022-10-17 19:00:00,1.8,19,0,17,10,2022,4,42,0,-0.9659258262890684,0.2588190451025203,0.0,1.0,-0.8660254037844386,0.5000000000000001,2.7,17.7,1.36666666666667,1.03333333333333,13.3,7.3999999999999995,8.93140526457063,1.8,17.7,4.672222222222223,6.459185248471688,0.833333333333333,17.7,-0.9000000000000001,-15.899999999999999
2022-10-18 01:00:00,0.0,1,1,18,10,2022,4,42,0,0.25881904510252074,0.9659258262890683,0.7818314824680298,0.6234898018587336,-0.8660254037844386,0.5000000000000001,1.8,2.7,17.7,0.833333333333333,2.5,1.5,1.3747727084867523,0.0,2.7,4.533333333333335,6.566311327103265,0.0,17.7,-1.8,-2.7
2022-10-18 02:00:00,0.0,2,1,18,10,2022,4,42,0,0.49999999999999994,0.8660254037844387,0.7818314824680298,0.6234898018587336,-0.8660254037844386,0.5000000000000001,0.0,1.8,2.7,3.63333333333333,1.3,0.6,1.0392304845413272,0.0,1.8,3.9277777777777803,6.8282230213745825,0.0,17.7,0.0,-1.8
2022-10-18 10:00:00,11.3,10,1,18,10,2022,4,42,0,0.49999999999999994,-0.8660254037844387,0.7818314824680298,0.6234898018587336,-0.8660254037844386,0.5000000000000001,0.0,0.0,1.8,1.36666666666667,1.26666666666667,3.766666666666667,6.524058041842771,0.0,11.3,5.583333333333336,7.272803219300441,0.0,17.7,11.3,11.3
2022-10-19 17:00:00,4.8,17,2,19,10,2022,4,42,0,-0.9659258262890683,-0.25881904510252063,0.9749279121818236,-0.22252093395631434,-0.8660254037844386,0.5000000000000001,11.3,0.0,0.0,17.7,4.45,5.366666666666667,5.671272637894719,0.0,11.3,3.4333333333333353,4.255192905928811,0.0,11.3,-6.500000000000001,4.8
2022-10-20 11:00:00,0.9,11,3,20,10,2022,4,42,0,0.258819045102521,-0.9659258262890682,0.43388373911755823,-0.900968867902419,-0.8660254037844386,0.5000000000000001,4.8,11.3,0.0,2.7,1.73333333333333,5.666666666666667,5.253887449625593,0.9,11.3,3.133333333333335,4.378888747920742,0.0,11.3,-3.9,-10.4
2022-10-20 16:00:00,2.6,16,3,20,10,2022,4,42,0,-0.8660254037844385,-0.5000000000000004,0.43388373911755823,-0.900968867902419,-0.8660254037844386,0.5000000000000001,0.9,4.8,11.3,1.8,1.03333333333333,2.766666666666667,1.955334583474994,0.9,4.8,3.266666666666669,4.342196064972986,0.0,11.3,1.7000000000000002,-2.1999999999999997
2022-10-21 07:00:00,1.3,7,4,21,10,2022,4,42,0,0.9659258262890683,-0.25881904510252063,-0.433883739117558,-0.9009688679024191,-0.8660254037844386,0.5000000000000001,2.6,0.9,4.8,0.0,0.833333333333333,1.5999999999999999,0.8888194417315579,0.9,2.6,3.4833333333333356,4.175843228219527,0.0,11.3,-1.3,0.4
2022-10-28 15:00:00,17.8,15,4,28,10,2022,4,43,0,-0.7071067811865471,-0.7071067811865479,-0.433883739117558,-0.9009688679024191,-0.8660254037844386,0.5000000000000001,1.3,2.6,0.9,0.0,3.63333333333333,7.233333333333333,9.17405762644498,1.3,17.8,6.450000000000003,6.741142336429353,0.9,17.8,16.5,15.200000000000001
2022-10-29 13:00:00,1.5,13,5,29,10,2022,4,43,1,-0.2588190451025208,-0.9659258262890683,-0.9749279121818236,-0.2225209339563146,-0.8660254037844386,0.5000000000000001,17.8,1.3,2.6,11.3,1.36666666666667,6.866666666666666,9.469072464256113,1.3,17.8,4.816666666666669,6.514419902544422,0.9,17.8,-16.3,0.19999999999999996
2022-10-29 15:00:00,3.3,15,5,29,10,2022,4,43,1,-0.7071067811865471,-0.7071067811865479,-0.9749279121818236,-0.2225209339563146,-0.8660254037844386,0.5000000000000001,1.5,17.8,1.3,4.8,17.7,7.533333333333334,8.936628745412518,1.5,17.8,4.566666666666669,6.543903014766254,0.9,17.8,1.7999999999999998,-14.5
2022-10-31 08:00:00,1.3,8,0,31,10,2022,4,44,0,0.8660254037844387,-0.4999999999999998,0.0,1.0,-0.8660254037844386,0.5000000000000001,3.3,1.5,17.8,0.9,2.7,2.033333333333333,1.101514109457202,1.3,3.3,4.6333333333333355,6.500974285956442,1.3,17.8,-1.9999999999999998,-0.19999999999999996
2022-10-31 12:00:00,2.2,12,0,31,10,2022,4,44,0,1.2246467991473532e-16,-1.0,0.0,1.0,-0.8660254037844386,0.5000000000000001,1.3,3.3,1.5,2.6,1.8,2.2666666666666666,1.001665280087761,1.3,3.3,4.566666666666669,6.527991013065725,1.3,17.8,0.9000000000000001,-1.0999999999999996
2022-11-10 10:00:00,3.5,10,3,10,11,2022,4,45,0,0.49999999999999994,-0.8660254037844387,0.43388373911755823,-0.900968867902419,-0.5000000000000004,0.8660254037844384,2.2,1.3,3.3,1.3,0.0,2.3333333333333335,1.1060440015357855,1.3,3.5,4.933333333333335,6.36762645470562,1.3,17.8,1.2999999999999998,2.2
2022-11-10 12:00:00,2.7,12,3,10,11,2022,4,45,0,1.2246467991473532e-16,-1.0,0.43388373911755823,-0.900968867902419,-0.5000000000000004,0.8660254037844384,3.5,2.2,1.3,17.8,0.0,2.8000000000000003,0.6557438524301691,2.2,3.5,2.4166666666666683,0.9130534851074622,1.3,3.5,-0.7999999999999998,0.5
2022-11-11 12:00:00,2.26666666666667,12,4,11,11,2022,4,45,0,1.2246467991473532e-16,-1.0,-0.433883739117558,-0.9009688679024191,-0.5000000000000004,0.8660254037844384,2.7,3.5,2.2,1.5,11.3,2.8222222222222233,0.6256848100133477,2.26666666666667,3.5,2.5444444444444465,0.8065472822585994,1.3,3.5,-0.43333333333333,-1.2333333333333298
2022-11-12 10:00:00,2.5,10,5,12,11,2022,4,45,1,0.49999999999999994,-0.8660254037844387,-0.9749279121818236,-0.2225209339563146,-0.5000000000000004,0.8660254037844384,2.26666666666667,2.7,3.5,3.3,4.8,2.4888888888888903,0.21688023662149616,2.26666666666667,2.7,2.411111111111113,0.7179188027957084,1.3,3.5,0.23333333333332984,-0.20000000000000018
2022-11-14 07:00:00,2.53333333333333,7,0,14,11,2022,4,46,0,0.9659258262890683,-0.25881904510252063,0.0,1.0,-0.5000000000000004,0.8660254037844384,2.5,2.26666666666667,2.7,1.3,0.9,2.4333333333333336,0.1452966314512147,2.26666666666667,2.53333333333333,2.6166666666666685,0.4698699583693252,2.2,3.5,0.033333333333330106,0.26666666666665995
2022-11-14 08:00:00,1.26666666666667,8,0,14,11,2022,4,46,0,0.8660254037844387,-0.4999999999999998,0.0,1.0,-0.5000000000000004,0.8660254037844384,2.53333333333333,2.5,2.26666666666667,2.2,2.6,2.1,0.72188026092356,1.26666666666667,2.53333333333333,2.4611111111111135,0.722162390684209,1.26666666666667,3.5,-1.2666666666666602,-1.23333333333333
2022-11-15 11:00:00,2.33333333333333,11,1,15,11,2022,4,46,0,0.258819045102521,-0.9659258262890682,0.7818314824680298,0.6234898018587336,-0.5000000000000004,0.8660254037844384,1.26666666666667,2.53333333333333,2.5,3.5,1.3,2.0444444444444434,0.6809579309352808,1.26666666666667,2.53333333333333,2.2666666666666684,0.5133766215516355,1.26666666666667,2.7,1.06666666666666,-0.20000000000000018
2022-11-17 08:00:00,0.633333333333333,8,3,17,11,2022,4,46,0,0.8660254037844387,-0.4999999999999998,0.43388373911755823,-0.900968867902419,-0.5000000000000004,0.8660254037844384,2.33333333333333,1.26666666666667,2.53333333333333,2.7,17.8,1.4111111111111112,0.8591554854321218,0.633333333333333,2.33333333333333,1.922222222222224,0.7856113448680615,0.633333333333333,2.53333333333333,-1.699999999999997,-0.633333333333337
2022-11-17 17:00:00,16.6,17,3,17,11,2022,4,46,0,-0.9659258262890683,-0.25881904510252063,0.43388373911755823,-0.900968867902419,-0.5000000000000004,0.8660254037844384,0.633333333333333,2.33333333333333,1.26666666666667,2.26666666666667,1.5,6.522222222222221,8.76890550203979,0.633333333333333,16.6,4.311111111111113,6.068998330922571,0.633333333333333,16.6,15.966666666666669,14.266666666666671
2022-11-18 11:00:00,1.83333333333333,11,4,18,11,2022,4,46,0,0.258819045102521,-0.9659258262890682,-0.433883739117558,-0.9009688679024191,-0.5000000000000004,0.8660254037844384,16.6,0.633333333333333,2.33333333333333,2.5,3.3,6.355555555555554,8.892214655612035,0.633333333333333,16.6,4.2,6.1147181274183025,0.633333333333333,16.6,-14.766666666666671,1.199999999999997
2022-11-20 18:00:00,1.1,18,6,20,11,2022,4,46,1,-1.0,-1.8369701987210297e-16,-0.7818314824680299,0.6234898018587334,-0.5000000000000004,0.8660254037844384,1.83333333333333,16.6,0.633333333333333,2.53333333333333,1.3,6.51111111111111,8.744924453859147,1.1,16.6,3.9611111111111126,6.219947004656949,0.633333333333333,16.6,-0.7333333333333298,-15.500000000000002
2022-11-21 15:00:00,0.0666666666666667,15,0,21,11,2022,4,47,0,-0.7071067811865471,-0.7071067811865479,0.0,1.0,-0.5000000000000004,0.8660254037844384,1.1,1.83333333333333,16.6,1.26666666666667,2.2,0.999999999999999,0.8875684637129205,0.0666666666666667,1.83333333333333,3.7611111111111115,6.342008678177151,0.0666666666666667,16.6,-1.0333333333333334,-1.7666666666666633
2022-11-22 12:00:00,28.4,12,1,22,11,2022,4,47,0,1.2246467991473532e-16,-1.0,0.7818314824680298,0.6234898018587336,-0.5000000000000004,0.8660254037844384,0.0666666666666667,1.1,1.83333333333333,2.33333333333333,3.5,9.855555555555556,16.06826870758823,0.0666666666666667,28.4,8.105555555555556,11.771970790666126,0.0666666666666667,28.4,28.333333333333332,27.299999999999997
2022-11-23 17:00:00,2.93333333333333,17,2,23,11,2022,4,47,0,-0.9659258262890683,-0.25881904510252063,0.9749279121818236,-0.22252093395631434,-0.5000000000000004,0.8660254037844384,28.4,0.0666666666666667,1.1,0.633333333333333,2.7,10.466666666666665,15.596723302597175,0.0666666666666667,28.4,8.488888888888889,11.514621944228942,0.0666666666666667,28.4,-25.46666666666667,2.866666666666663
2022-12-09 07:00:00,2.33333333333333,7,4,9,12,2022,4,49,0,0.9659258262890683,-0.25881904510252063,-0.433883739117558,-0.9009688679024191,-2.4492935982947064e-16,1.0,2.93333333333333,28.4,0.0666666666666667,16.6,2.26666666666667,11.22222222222222,14.879416555666321,2.33333333333333,28.4,6.111111111111111,10.964582713175831,0.0666666666666667,28.4,-0.6000000000000001,-26.06666666666667
2022-12-13 18:00:00,3.33333333333333,18,1,13,12,2022,4,50,0,-1.0,-1.8369701987210297e-16,0.7818314824680298,0.6234898018587336,-2.4492935982947064e-16,1.0,2.33333333333333,2.93333333333333,28.4,1.83333333333333,2.5,2.8666666666666636,0.5033222956846084,2.33333333333333,3.33333333333333,6.361111111111111,10.86418001541799,0.0666666666666667,28.4,1.0,0.3999999999999999
2022-12-17 11:00:00,0.7,11,5,17,12,2022,4,50,1,0.258819045102521,-0.9659258262890682,-0.9749279121818236,-0.2225209339563146,-2.4492935982947064e-16,1.0,3.33333333333333,2.33333333333333,2.93333333333333,1.1,2.53333333333333,2.12222222222222,1.329299453485526,0.7,3.33333333333333,6.294444444444444,10.9040750112906,0.0666666666666667,28.4,-2.63333333333333,-1.63333333333333
2022-12-18 16:00:00,11.2,16,6,18,12,2022,4,50,1,-0.8660254037844385,-0.5000000000000004,-0.7818314824680299,0.6234898018587334,-2.4492935982947064e-16,1.0,0.7,3.33333333333333,2.33333333333333,0.0666666666666667,1.26666666666667,5.077777777777777,5.463040802960813,0.7,11.2,8.149999999999999,10.57463947375986,0.7,28.4,10.5,7.866666666666669
2022-12-21 12:00:00,1.7,12,2,21,12,2022,4,51,0,1.2246467991473532e-16,-1.0,0.9749279121818236,-0.22252093395631434,-2.4492935982947064e-16,1.0,11.2,0.7,3.33333333333333,28.4,2.33333333333333,4.533333333333332,5.795112883571227,0.7,11.2,3.6999999999999997,3.7905144769543186,0.7,11.2,-9.5,1.0
2022-12-23 12:00:00,1.93333333333333,12,4,23,12,2022,4,51,0,1.2246467991473532e-16,-1.0,-0.433883739117558,-0.9009688679024191,-2.4492935982947064e-16,1.0,1.7,11.2,0.7,2.93333333333333,0.633333333333333,4.944444444444443,5.418726104223437,1.7,11.2,3.533333333333333,3.852445111008541,0.7,11.2,0.23333333333333006,-9.26666666666667
2022-12-24 15:00:00,0.866666666666667,15,5,24,12,2022,4,51,1,-0.7071067811865471,-0.7071067811865479,-0.9749279121818236,-0.2225209339563146,-2.4492935982947064e-16,1.0,1.93333333333333,1.7,11.2,2.33333333333333,16.6,1.4999999999999991,0.5607534613752487,0.866666666666667,1.93333333333333,3.2888888888888896,3.9879633714280938,0.7,11.2,-1.0666666666666629,-0.8333333333333329
2022-12-29 11:00:00,2.93333333333333,11,3,29,12,2022,4,52,0,0.258819045102521,-0.9659258262890682,0.43388373911755823,-0.900968867902419,-2.4492935982947064e-16,1.0,0.866666666666667,1.93333333333333,1.7,3.33333333333333,1.83333333333333,1.911111111111109,1.0335125292651404,0.866666666666667,2.93333333333333,3.2222222222222228,3.9904144405572315,0.7,11.2,2.066666666666663,1.0
2023-01-01 01:00:00,0.0,1,6,1,1,2023,1,52,1,0.25881904510252074,0.9659258262890683,-0.7818314824680299,0.6234898018587334,0.49999999999999994,0.8660254037844387,2.93333333333333,0.866666666666667,1.93333333333333,0.7,1.1,1.2666666666666655,1.5070206073942662,0.0,2.93333333333333,3.105555555555556,4.087945241352503,0.0,11.2,-2.93333333333333,-0.866666666666667
2023-01-02 01:00:00,0.0666666666666667,1,0,2,1,2023,1,1,0,0.25881904510252074,0.9659258262890683,0.0,1.0,0.49999999999999994,0.8660254037844387,0.0,2.93333333333333,0.866666666666667,11.2,0.0666666666666667,0.999999999999999,1.6746475582773568,0.0,2.93333333333333,1.2500000000000007,1.1500241543358394,0.0,2.93333333333333,0.0666666666666667,-2.866666666666663
2023-01-02 08:00:00,2.9,8,0,2,1,2023,1,1,0,0.8660254037844387,-0.4999999999999998,0.0,1.0,0.49999999999999994,0.8660254037844387,0.0666666666666667,0.0,2.93333333333333,1.7,28.4,0.9888888888888889,1.6554064064060658,0.0,2.9,1.4500000000000008,1.3336249681060488,0.0,2.93333333333333,2.833333333333333,2.9
2023-01-03 01:00:00,0.00333333333333333,1,1,3,1,2023,1,1,0,0.25881904510252074,0.9659258262890683,0.7818314824680298,0.6234898018587336,0.49999999999999994,0.8660254037844387,2.9,0.0666666666666667,0.0,1.93333333333333,2.93333333333333,0.9900000000000001,1.6544116107479578,0.00333333333333333,2.9,1.1283333333333345,1.4234601817013353,0.0,2.93333333333333,-2.8966666666666665,-0.06333333333333337
2023-01-04 01:00:00,0.0,1,2,4,1,2023,1,1,0,0.25881904510252074,0.9659258262890683,0.9749279121818236,-0.22252093395631434,0.49999999999999994,0.8660254037844387,0.00333333333333333,2.9,0.0666666666666667,0.866666666666667,2.33333333333333,0.9677777777777777,1.6733543602042842,0.0,2.9,0.98388888888889,1.4973761001116241,0.0,2.93333333333333,-0.00333333333333333,-2.9
2023-01-04 15:00:00,2.8,15,2,4,1,2023,1,1,0,-0.7071067811865471,-0.7071067811865479,0.9749279121818236,-0.22252093395631434,0.49999999999999994,0.8660254037844387,0.0,0.00333333333333333,2.9,2.93333333333333,3.33333333333333,0.9344444444444444,1.6156193629459261,0.0,2.8,0.9616666666666683,1.4632592995700016,0.0,2.9,2.8,2.7966666666666664
2023-01-05 01:00:00,0.00333333333333333,1,3,5,1,2023,1,1,0,0.25881904510252074,0.9659258262890683,0.43388373911755823,-0.900968867902419,0.49999999999999994,0.8660254037844387,2.8,0.0,0.00333333333333333,0.0,0.7,0.9344444444444444,1.6156193629459261,0.0,2.8,0.962222222222224,1.4628217278286926,0.0,2.9,-2.7966666666666664,0.00333333333333333
2023-01-05 12:00:00,1.53333333333333,12,3,5,1,2023,1,1,0,1.2246467991473532e-16,-1.0,0.43388373911755823,-0.900968867902419,0.49999999999999994,0.8660254037844387,0.00333333333333333,2.8,0.0,0.0666666666666667,11.2,1.4455555555555544,1.4003980915492182,0.00333333333333333,2.8,1.2066666666666679,1.4046256915397937,0.0,2.9,1.5299999999999967,-1.2666666666666697
2023-01-05 15:00:00,1.06666666666667,15,3,5,1,2023,1,1,0,-0.7071067811865471,-0.7071067811865479,0.43388373911755823,-0.900968867902419,0.49999999999999994,0.8660254037844387,1.53333333333333,0.00333333333333333,2.8,2.9,1.7,0.8677777777777779,0.7841508736158272,0.00333333333333333,1.53333333333333,0.9011111111111129,1.1363893438170984,0.0,2.8,-0.4666666666666601,1.0633333333333366
2023-01-06 01:00:00,0.0,1,4,6,1,2023,1,1,0,0.25881904510252074,0.9659258262890683,-0.433883739117558,-0.9009688679024191,0.49999999999999994,0.8660254037844387,1.06666666666667,1.53333333333333,0.00333333333333333,0.00333333333333333,1.93333333333333,0.8666666666666667,0.7859884081700254,0.0,1.53333333333333,0.9005555555555574,1.136916720622027,0.0,2.8,-1.06666666666667,-1.53333333333333
2023-01-07 01:00:00,0.00333333333333333,1,5,7,1,2023,1,1,1,0.25881904510252074,0.9659258262890683,-0.9749279121818236,-0.2225209339563146,0.49999999999999994,0.8660254037844387,0.0,1.06666666666667,1.53333333333333,0.0,0.866666666666667,0.3566666666666678,0.6148802954865688,0.0,1.06666666666667,0.901111111111113,1.1363893438170984,0.0,2.8,0.00333333333333333,-1.0633333333333366
2023-01-07 15:00:00,17.2,15,5,7,1,2023,1,1,1,-0.7071067811865471,-0.7071067811865479,-0.9749279121818236,-0.2225209339563146,0.49999999999999994,0.8660254037844387,0.00333333333333333,0.0,1.06666666666667,2.8,2.93333333333333,5.734444444444445,9.929462519488446,0.0,17.2,3.3011111111111124,6.840247125706863,0.0,17.2,17.196666666666665,17.2
2023-01-07 16:00:00,1.0,16,5,7,1,2023,1,1,1,-0.8660254037844385,-0.5000000000000004,-0.9749279121818236,-0.2225209339563146,0.49999999999999994,0.8660254037844387,17.2,0.00333333333333333,0.0,0.00333333333333333,0.0,6.067777777777778,9.653658105340934,0.00333333333333333,17.2,3.4672222222222238,6.755725281128174,0.0,17.2,-16.2,0.9966666666666667
2023-01-08 01:00:00,0.0,1,6,8,1,2023,1,1,1,0.25881904510252074,0.9659258262890683,-0.7818314824680299,0.6234898018587334,0.49999999999999994,0.8660254037844387,1.0,17.2,0.00333333333333333,1.53333333333333,0.0666666666666667,6.066666666666666,9.65470524321345,0.0,17.2,3.2116666666666682,6.871520533655176,0.0,17.2,-1.0,-17.2
2023-01-08 19:00:00,0.733333333333333,19,6,8,1,2023,1,1,1,-0.9659258262890684,0.2588190451025203,-0.7818314824680299,0.6234898018587334,0.49999999999999994,0.8660254037844387,0.0,1.0,17.2,1.06666666666667,2.9,0.5777777777777776,0.5178302310101592,0.0,1.0,3.1561111111111124,6.893642938458826,0.0,17.2,0.733333333333333,-0.26666666666666705
2023-01-09 01:00:00,0.00333333333333333,1,0,9,1,2023,1,2,0,0.25881904510252074,0.9659258262890683,0.0,1.0,0.49999999999999994,0.8660254037844387,0.733333333333333,0.0,1.0,0.0,0.00333333333333333,0.24555555555555542,0.4224312348158371,0.0,0.733333333333333,3.1566666666666676,6.893337846549155,0.0,17.2,-0.7299999999999996,0.00333333333333333
2023-01-09 07:00:00,2.06666666666667,7,0,9,1,2023,1,2,0,0.9659258262890683,-0.25881904510252063,0.0,1.0,0.49999999999999994,0.8660254037844387,0.00333333333333333,0.733333333333333,0.0,0.00333333333333333,0.0,0.9344444444444454,1.046264961838187,0.00333333333333333,2.06666666666667,3.5005555555555574,6.754636404941663,0.0,17.2,2.0633333333333366,1.333333333333337
2023-01-09 13:00:00,1.86666666666667,13,0,9,1,2023,1,2,0,-0.2588190451025208,-0.9659258262890683,0.0,1.0,0.49999999999999994,0.8660254037844387,2.06666666666667,0.00333333333333333,0.733333333333333,17.2,2.8,1.3122222222222246,1.1379334745900078,0.00333333333333333,2.06666666666667,0.9450000000000028,0.8871521227440119,0.0,2.06666666666667,-0.19999999999999996,1.8633333333333366
2023-01-09 15:00:00,3.06666666666667,15,0,9,1,2023,1,2,0,-0.7071067811865471,-0.7071067811865479,0.0,1.0,0.49999999999999994,0.8660254037844387,1.86666666666667,2.06666666666667,0.00333333333333333,1.0,0.00333333333333333,2.333333333333337,0.6429100507327834,1.86666666666667,3.06666666666667,1.2894444444444477,1.2427217739332166,0.0,3.06666666666667,1.2,1.0
2023-01-09 17:00:00,1.66666666666667,17,0,9,1,2023,1,2,0,-0.9659258262890683,-0.25881904510252063,0.0,1.0,0.49999999999999994,0.8660254037844387,3.06666666666667,1.86666666666667,2.06666666666667,0.0,1.53333333333333,2.2000000000000033,0.7571877794399678,1.66666666666667,3.06666666666667,1.5672222222222263,1.0713032907356572,0.00333333333333333,3.06666666666667,-1.4,-0.19999999999999996
2023-01-10 01:00:00,0.00333333333333333,1,1,10,1,2023,1,2,0,0.25881904510252074,0.9659258262890683,0.7818314824680298,0.6234898018587336,0.49999999999999994,0.8660254037844387,1.66666666666667,3.06666666666667,1.86666666666667,0.733333333333333,1.06666666666667,1.5788888888888912,1.533551916787097,0.00333333333333333,3.06666666666667,1.4455555555555595,1.2165537238294382,0.00333333333333333,3.06666666666667,-1.6633333333333367,-3.0633333333333366
2023-01-11 01:00:00,0.0333333333333333,1,2,11,1,2023,1,2,0,0.25881904510252074,0.9659258262890683,0.9749279121818236,-0.22252093395631434,0.49999999999999994,0.8660254037844387,0.00333333333333333,1.66666666666667,3.06666666666667,0.00333333333333333,0.0,0.567777777777779,0.951783900154065,0.00333333333333333,1.66666666666667,1.4505555555555596,1.2094818296678154,0.00333333333333333,3.06666666666667,0.029999999999999968,-1.6333333333333369
2023-01-11 08:00:00,2.2,8,2,11,1,2023,1,2,0,0.8660254037844387,-0.4999999999999998,0.9749279121818236,-0.22252093395631434,0.49999999999999994,0.8660254037844387,0.0333333333333333,0.00333333333333333,1.66666666666667,2.06666666666667,0.00333333333333333,0.7455555555555557,1.2596751491878253,0.00333333333333333,2.2,1.4727777777777813,1.224201175672866,0.00333333333333333,3.06666666666667,2.166666666666667,2.1966666666666668
2023-01-12 01:00:00,0.0,1,3,12,1,2023,1,2,0,0.25881904510252074,0.9659258262890683,0.43388373911755823,-0.900968867902419,0.49999999999999994,0.8660254037844387,2.2,0.0333333333333333,0.00333333333333333,1.86666666666667,17.2,0.7444444444444446,1.2606582642648037,0.0,2.2,1.1616666666666695,1.3361532679883208,0.0,3.06666666666667,-2.2,-0.0333333333333333
2023-01-14 11:00:00,1.0,11,5,14,1,2023,1,2,1,0.258819045102521,-0.9659258262890682,-0.9749279121818236,-0.2225209339563146,0.49999999999999994,0.8660254037844387,0.0,2.2,0.0333333333333333,3.06666666666667,1.0,1.0666666666666669,1.1015141094571703,0.0,2.2,0.8172222222222246,0.9603944020076988,0.0,2.2,1.0,-1.2000000000000002
2023-01-18 08:00:00,2.76666666666667,8,2,18,1,2023,1,3,0,0.8660254037844387,-0.4999999999999998,0.9749279121818236,-0.22252093395631434,0.49999999999999994,0.8660254037844387,1.0,0.0,2.2,1.66666666666667,0.0,1.2555555555555569,1.400925619935794,0.0,2.76666666666667,1.000555555555558,1.2238380732882703,0.0,2.76666666666667,1.7666666666666702,2.76666666666667
2023-01-20 08:00:00,1.33333333333333,8,4,20,1,2023,1,3,0,0.8660254037844387,-0.4999999999999998,-0.433883739117558,-0.9009688679024191,0.49999999999999994,0.8660254037844387,2.76666666666667,1.0,0.0,0.00333333333333333,0.733333333333333,1.7000000000000002,0.9386751893551941,1.0,2.76666666666667,1.222222222222224,1.1234207021745621,0.0,2.76666666666667,-1.4333333333333402,0.33333333333332993
2023-01-20 12:00:00,3.4,12,4,20,1,2023,1,3,0,1.2246467991473532e-16,-1.0,-0.433883739117558,-0.9009688679024191,0.49999999999999994,0.8660254037844387,1.33333333333333,2.76666666666667,1.0,0.0333333333333333,0.00333333333333333,2.5,1.0588253449511933,1.33333333333333,3.4,1.7833333333333352,1.245034582295373,0.0,3.4,2.06666666666667,0.6333333333333298
2023-01-21 01:00:00,0.00333333333333333,1,5,21,1,2023,1,3,1,0.25881904510252074,0.9659258262890683,-0.9749279121818236,-0.2225209339563146,0.49999999999999994,0.8660254037844387,3.4,1.33333333333333,2.76666666666667,2.2,2.06666666666667,1.578888888888888,1.7115955302755244,0.00333333333333333,3.4,1.4172222222222237,1.4100439972122794,0.0,3.4,-3.3966666666666665,-1.3299999999999965
2023-01-21 12:00:00,10.9666666666667,12,5,21,1,2023,1,3,1,1.2246467991473532e-16,-1.0,-0.9749279121818236,-0.2225209339563146,0.49999999999999994,0.8660254037844387,0.00333333333333333,3.4,1.33333333333333,0.0,1.86666666666667,4.790000000000012,5.612285135704044,0.00333333333333333,10.9666666666667,3.2450000000000068,3.9769299996633842,0.00333333333333333,10.9666666666667,10.963333333333367,7.5666666666667
2023-01-22 14:00:00,0.133333333333333,14,6,22,1,2023,1,3,1,-0.4999999999999997,-0.8660254037844388,-0.7818314824680299,0.6234898018587334,0.49999999999999994,0.8660254037844387,10.9666666666667,0.00333333333333333,3.4,1.0,3.06666666666667,3.7011111111111226,6.292491410256218,0.00333333333333333,10.9666666666667,3.100555555555563,4.088939235801195,0.00333333333333333,10.9666666666667,-10.833333333333368,0.12999999999999967
2023-01-23 11:00:00,2.4,11,0,23,1,2023,1,4,0,0.258819045102521,-0.9659258262890682,0.0,1.0,0.49999999999999994,0.8660254037844387,0.133333333333333,10.9666666666667,0.00333333333333333,2.76666666666667,1.66666666666667,4.5000000000000115,5.713823393996169,0.133333333333333,10.9666666666667,3.039444444444451,4.097658093576408,0.00333333333333333,10.9666666666667,2.266666666666667,-8.5666666666667
2023-01-23 16:00:00,3.3,16,0,23,1,2023,1,4,0,-0.8660254037844385,-0.5000000000000004,0.0,1.0,0.49999999999999994,0.8660254037844387,2.4,0.133333333333333,10.9666666666667,1.33333333333333,0.00333333333333333,1.9444444444444446,1.631745259711966,0.133333333333333,3.3,3.36722222222223,4.011644393604837,0.00333333333333333,10.9666666666667,0.8999999999999999,3.166666666666667
2023-01-24 12:00:00,28.5,12,1,24,1,2023,1,4,0,1.2246467991473532e-16,-1.0,0.7818314824680298,0.6234898018587336,0.49999999999999994,0.8660254037844387,3.3,2.4,0.133333333333333,3.4,0.0333333333333333,11.4,14.815869869838892,2.4,28.5,7.550555555555563,11.019257973942553,0.00333333333333333,28.5,25.2,26.1
2023-01-26 12:00:00,1.7,12,3,26,1,2023,1,4,0,1.2246467991473532e-16,-1.0,0.43388373911755823,-0.900968867902419,0.49999999999999994,0.8660254037844387,28.5,3.3,2.4,0.00333333333333333,2.2,11.16666666666667,15.032409432068208,1.7,28.5,7.833333333333342,10.806561792622944,0.133333333333333,28.5,-26.8,-1.5999999999999999
2023-01-27 17:00:00,18.7,17,4,27,1,2023,1,4,0,-0.9659258262890683,-0.25881904510252063,-0.433883739117558,-0.9009688679024191,0.49999999999999994,0.8660254037844387,1.7,28.5,3.3,10.9666666666667,0.0,16.3,13.560235986147141,1.7,28.5,9.122222222222224,11.68082315719358,0.133333333333333,28.5,17.0,-9.8
2023-01-28 10:00:00,0.6,10,5,28,1,2023,1,4,1,0.49999999999999994,-0.8660254037844387,-0.9749279121818236,-0.2225209339563146,0.49999999999999994,0.8660254037844387,18.7,1.7,28.5,0.133333333333333,1.0,7.000000000000001,10.147413463538374,0.6,18.7,9.200000000000001,11.61034021896,0.6,28.5,-18.099999999999998,-1.1
2023-01-30 15:00:00,2.26666666666667,15,0,30,1,2023,1,5,0,-0.7071067811865471,-0.7071067811865479,0.0,1.0,0.49999999999999994,0.8660254037844387,0.6,18.7,1.7,2.4,2.76666666666667,7.188888888888891,10.003684506405806,0.6,18.7,9.177777777777779,11.626075418198084,0.6,28.5,1.66666666666667,-16.43333333333333
2023-01-31 10:00:00,1.7,10,1,31,1,2023,1,5,0,0.49999999999999994,-0.8660254037844387,0.7818314824680298,0.6234898018587336,0.49999999999999994,0.8660254037844387,2.26666666666667,0.6,18.7,3.3,1.33333333333333,1.5222222222222246,0.8474362206962697,0.6,2.26666666666667,8.911111111111113,11.804832657605708,0.6,28.5,-0.5666666666666702,1.1
2023-02-02 10:00:00,29.3,10,3,2,2,2023,1,5,0,0.49999999999999994,-0.8660254037844387,0.43388373911755823,-0.900968867902419,0.8660254037844386,0.5000000000000001,1.7,2.26666666666667,0.6,28.5,3.4,11.08888888888889,15.773829709480943,1.7,29.3,9.044444444444446,12.071834375321147,0.6,29.3,27.6,27.03333333333333
2023-02-02 11:00:00,3.03333333333333,11,3,2,2,2023,1,5,0,0.258819045102521,-0.9659258262890682,0.43388373911755823,-0.900968867902419,0.8660254037844386,0.5000000000000001,29.3,1.7,2.26666666666667,1.7,0.00333333333333333,11.344444444444443,15.564251537607772,1.7,29.3,9.266666666666667,11.920924647209402,0.6,29.3,-26.26666666666667,1.3333333333333302
2023-02-03 10:00:00,3.66666666666667,10,4,3,2,2023,1,5,0,0.49999999999999994,-0.8660254037844387,-0.433883739117558,-0.9009688679024191,0.8660254037844386,0.5000000000000001,3.03333333333333,29.3,1.7,18.7,10.9666666666667,12.0,14.985585666825896,3.03333333333333,29.3,6.761111111111114,11.092768748987725,0.6,29.3,0.63333333333334,-25.63333333333333
2023-02-04 18:00:00,2.7,18,5,4,2,2023,1,5,1,-1.0,-1.8369701987210297e-16,-0.9749279121818236,-0.2225209339563146,0.8660254037844386,0.5000000000000001,3.66666666666667,3.03333333333333,29.3,0.6,0.133333333333333,3.1333333333333346,0.4910306620883779,2.7,3.66666666666667,7.111111111111113,10.890784415513208,1.7,29.3,-0.9666666666666699,-0.33333333333332993
2023-02-07 12:00:00,1.5,12,1,7,2,2023,1,6,0,1.2246467991473532e-16,-1.0,0.7818314824680298,0.6234898018587336,0.8660254037844386,0.5000000000000001,2.7,3.66666666666667,3.03333333333333,2.26666666666667,2.4,2.622222222222225,1.0854253305262336,1.5,3.66666666666667,6.983333333333335,10.963246680512938,1.5,29.3,-1.2000000000000002,-2.16666666666667
2023-02-12 17:00:00,5.6,17,6,12,2,2023,1,6,1,-0.9659258262890683,-0.25881904510252063,-0.7818314824680299,0.6234898018587334,0.8660254037844386,0.5000000000000001,1.5,2.7,3.66666666666667,1.7,3.3,3.266666666666668,2.1079215671682783,1.5,5.6,7.6333333333333355,10.699802698077098,1.5,29.3,4.1,2.8999999999999995
2023-02-14 10:00:00,18.3,10,1,14,2,2023,1,7,0,0.49999999999999994,-0.8660254037844387,0.7818314824680298,0.6234898018587336,0.8660254037844386,0.5000000000000001,5.6,1.5,2.7,29.3,28.5,8.466666666666669,8.759185654690352,1.5,18.3,5.800000000000002,6.270495284354444,1.5,18.3,12.700000000000001,16.8
2023-02-17 12:00:00,3.5,12,4,17,2,2023,1,7,0,1.2246467991473532e-16,-1.0,-0.433883739117558,-0.9009688679024191,0.8660254037844386,0.5000000000000001,18.3,5.6,1.5,3.03333333333333,1.7,9.133333333333335,8.007704623257107,3.5,18.3,5.87777777777778,6.2320913795421164,1.5,18.3,-14.8,-2.0999999999999996
2023-02-21 12:00:00,12.0,12,1,21,2,2023,1,8,0,1.2246467991473532e-16,-1.0,0.7818314824680298,0.6234898018587336,0.8660254037844386,0.5000000000000001,3.5,18.3,5.6,3.66666666666667,18.7,11.266666666666667,7.427202254774894,3.5,18.3,7.266666666666668,6.560691020515053,1.5,18.3,8.5,-6.300000000000001
2023-02-21 16:00:00,2.5,16,1,21,2,2023,1,8,0,-0.8660254037844385,-0.5000000000000004,0.7818314824680298,0.6234898018587336,0.8660254037844386,0.5000000000000001,12.0,3.5,18.3,2.7,0.6,6.000000000000003,5.220153254455264,2.5,12.0,7.233333333333334,6.588980700128574,1.5,18.3,-9.5,-1.0
2023-02-22 14:00:00,0.0333333333333333,14,2,22,2,2023,1,8,0,-0.4999999999999997,-0.8660254037844388,0.9749279121818236,-0.22252093395631434,0.8660254037844386,0.5000000000000001,2.5,12.0,3.5,1.5,2.26666666666667,4.844444444444447,6.31843276395282,0.0333333333333333,12.0,6.988888888888891,6.86562020073503,0.0333333333333333,18.3,-2.466666666666667,-11.966666666666667
2023-02-23 08:00:00,1.05,8,3,23,2,2023,1,8,0,0.8660254037844387,-0.4999999999999998,0.43388373911755823,-0.900968867902419,0.8660254037844386,0.5000000000000001,0.0333333333333333,2.5,12.0,5.6,1.7,1.1944444444444466,1.2396609452826615,0.0333333333333333,2.5,6.230555555555557,7.287999395251441,0.0333333333333333,18.3,1.0166666666666668,-1.45
2023-02-24 15:00:00,0.666666666666667,15,4,24,2,2023,1,8,0,-0.7071067811865471,-0.7071067811865479,-0.433883739117558,-0.9009688679024191,0.8660254037844386,0.5000000000000001,1.05,0.0333333333333333,2.5,18.3,29.3,0.5833333333333358,0.513430726691487,0.0333333333333333,1.05,3.2916666666666683,4.450564882998337,0.0333333333333333,12.0,-0.3833333333333331,0.6333333333333336
2023-02-25 13:00:00,3.1,13,5,25,2,2023,1,8,1,-0.2588190451025208,-0.9659258262890683,-0.9749279121818236,-0.2225209339563146,0.8660254037844386,0.5000000000000001,0.666666666666667,1.05,0.0333333333333333,3.5,3.03333333333333,1.605555555555558,1.3083421797294106,0.666666666666667,3.1,3.225000000000002,4.449815851370856,0.0333333333333333,12.0,2.433333333333333,2.05
2023-02-25 17:00:00,4.2,17,5,25,2,2023,1,8,1,-0.9659258262890683,-0.25881904510252063,-0.9749279121818236,-0.2225209339563146,0.8660254037844386,0.5000000000000001,3.1,0.666666666666667,1.05,12.0,3.66666666666667,2.655555555555558,1.8081093051193322,0.666666666666667,4.2,1.9250000000000018,1.6008938475462224,0.0333333333333333,4.2,1.1,3.533333333333333
2023-02-28 18:00:00,3.53333333333333,18,1,28,2,2023,1,9,0,-1.0,-1.8369701987210297e-16,0.7818314824680298,0.6234898018587336,0.8660254037844386,0.5000000000000001,4.2,3.1,0.666666666666667,2.5,2.7,3.6111111111111125,0.5541092284350634,3.1,4.2,2.0972222222222237,1.7258304495925936,0.0333333333333333,4.2,-0.6666666666666701,0.43333333333333
2023-03-03 11:00:00,2.8,11,4,3,3,2023,1,9,0,0.258819045102521,-0.9659258262890682,-0.433883739117558,-0.9009688679024191,1.0,6.123233995736766e-17,3.53333333333333,4.2,3.1,0.0333333333333333,1.5,3.5111111111111124,0.7002645002927348,2.8,4.2,2.558333333333335,1.4036361510180162,0.666666666666667,4.2,-0.7333333333333303,-1.4000000000000004
2023-03-06 11:00:00,2.4,11,0,6,3,2023,1,10,0,0.258819045102521,-0.9659258262890682,0.0,1.0,1.0,6.123233995736766e-17,2.8,3.53333333333333,4.2,1.05,5.6,2.911111111111112,0.5747785402833219,2.4,3.53333333333333,2.7833333333333345,1.2080746849614343,0.666666666666667,4.2,-0.3999999999999999,-1.1333333333333302
2023-03-07 10:00:00,0.9,10,1,7,3,2023,1,10,0,0.49999999999999994,-0.8660254037844387,0.7818314824680298,0.6234898018587336,1.0,6.123233995736766e-17,2.4,2.8,3.53333333333333,0.666666666666667,18.3,2.0333333333333354,1.0016652800877064,0.9,2.8,2.8222222222222233,1.127369931727464,0.9,4.2,-1.5,-1.9
2023-03-07 16:00:00,15.9,16,1,7,3,2023,1,10,0,-0.8660254037844385,-0.5000000000000004,0.7818314824680298,0.6234898018587336,1.0,6.123233995736766e-17,0.9,2.4,2.8,3.1,3.5,6.400000000000002,8.261355820929147,0.9,15.9,4.955555555555557,5.477212051021217,0.9,15.9,15.0,13.5
2023-03-07 17:00:00,28.6,17,1,7,3,2023,1,10,0,-0.9659258262890683,-0.25881904510252063,0.7818314824680298,0.6234898018587336,1.0,6.123233995736766e-17,15.9,0.9,2.4,4.2,12.0,15.133333333333335,13.865905427823073,0.9,28.6,9.022222222222224,11.038672759725078,0.9,28.6,12.700000000000001,27.700000000000003
2023-03-11 12:00:00,2.4,12,5,11,3,2023,1,10,1,1.2246467991473532e-16,-1.0,-0.9749279121818236,-0.2225209339563146,1.0,6.123233995736766e-17,28.6,15.9,0.9,3.53333333333333,2.5,15.633333333333338,13.102035465275362,2.4,28.6,8.833333333333334,11.16040620527169,0.9,28.6,-26.200000000000003,-13.5
2023-03-11 18:00:00,3.86666666666667,18,5,11,3,2023,1,10,1,-1.0,-1.8369701987210297e-16,-0.9749279121818236,-0.2225209339563146,1.0,6.123233995736766e-17,2.4,28.6,15.9,2.8,0.0333333333333333,11.622222222222225,14.721463292807595,2.4,28.6,9.011111111111115,11.053057227485716,0.9,28.6,1.46666666666667,-24.73333333333333
2023-03-15 12:00:00,2.06666666666667,12,2,15,3,2023,1,11,0,1.2246467991473532e-16,-1.0,0.9749279121818236,-0.22252093395631434,1.0,6.123233995736766e-17,3.86666666666667,2.4,28.6,2.4,1.05,2.777777777777781,0.9576205078405771,2.06666666666667,3.86666666666667,8.95555555555556,11.093695239823122,0.9,28.6,-1.7999999999999998,-0.33333333333332993
2023-03-16 15:00:00,3.0,15,3,16,3,2023,1,11,0,-0.7071067811865471,-0.7071067811865479,0.43388373911755823,-0.900968867902419,1.0,6.123233995736766e-17,2.06666666666667,3.86666666666667,2.4,0.9,0.666666666666667,2.977777777777781,0.9002057378011872,2.06666666666667,3.86666666666667,9.305555555555559,10.818429063750777,2.06666666666667,28.6,0.93333333333333,-0.8666666666666698
2023-03-17 10:00:00,4.56666666666667,10,4,17,3,2023,1,11,0,0.49999999999999994,-0.8660254037844387,-0.433883739117558,-0.9009688679024191,1.0,6.123233995736766e-17,3.0,2.06666666666667,3.86666666666667,15.9,3.1,3.2111111111111144,1.263299618430141,2.06666666666667,4.56666666666667,7.416666666666669,10.418781118729779,2.06666666666667,28.6,1.56666666666667,2.5
2023-03-17 15:00:00,3.6,15,4,17,3,2023,1,11,0,-0.7071067811865471,-0.7071067811865479,-0.433883739117558,-0.9009688679024191,1.0,6.123233995736766e-17,4.56666666666667,3.0,2.06666666666667,28.6,4.2,3.7222222222222245,0.7904522849702181,3.0,4.56666666666667,3.2500000000000036,0.9403899900220049,2.06666666666667,4.56666666666667,-0.9666666666666699,0.6000000000000001
2023-03-17 17:00:00,1.53333333333333,17,4,17,3,2023,1,11,0,-0.9659258262890683,-0.25881904510252063,-0.433883739117558,-0.9009688679024191,1.0,6.123233995736766e-17,3.6,4.56666666666667,3.0,2.4,3.53333333333333,3.2333333333333343,1.549551906555871,1.53333333333333,4.56666666666667,3.1055555555555583,1.1420092754375701,1.53333333333333,4.56666666666667,-2.06666666666667,-3.03333333333334
2023-03-18 10:00:00,2.0,10,5,18,3,2023,1,11,1,0.49999999999999994,-0.8660254037844387,-0.9749279121818236,-0.2225209339563146,1.0,6.123233995736766e-17,1.53333333333333,3.6,4.56666666666667,3.86666666666667,2.8,2.3777777777777778,1.08388874651166,1.53333333333333,3.6,2.7944444444444465,1.1474448263990276,1.53333333333333,4.56666666666667,0.4666666666666699,-1.6
2023-03-20 12:00:00,16.3,12,0,20,3,2023,1,12,0,1.2246467991473532e-16,-1.0,0.0,1.0,1.0,6.123233995736766e-17,2.0,1.53333333333333,3.6,2.06666666666667,2.4,6.611111111111112,8.394067570038393,1.53333333333333,16.3,5.166666666666669,5.562173835630993,1.53333333333333,16.3,14.3,14.766666666666671
2023-03-22 07:00:00,1.36666666666667,7,2,22,3,2023,1,12,0,0.9659258262890683,-0.25881904510252063,0.9749279121818236,-0.22252093395631434,1.0,6.123233995736766e-17,16.3,2.0,1.53333333333333,3.0,0.9,6.555555555555558,8.444875719981068,1.36666666666667,16.3,4.894444444444447,5.726950581501746,1.36666666666667,16.3,-14.93333333333333,-0.63333333333333
2023-03-24 15:00:00,3.0,15,4,24,3,2023,1,12,0,-0.7071067811865471,-0.7071067811865479,-0.433883739117558,-0.9009688679024191,1.0,6.123233995736766e-17,1.36666666666667,16.3,2.0,4.56666666666667,15.9,6.888888888888892,8.191074636682512,1.36666666666667,16.3,4.6333333333333355,5.780349854848292,1.36666666666667,16.3,1.63333333333333,-13.3
2023-03-27 10:00:00,2.06666666666667,10,0,27,3,2023,1,13,0,0.49999999999999994,-0.8660254037844387,0.0,1.0,1.0,6.123233995736766e-17,3.0,1.36666666666667,16.3,3.6,28.6,2.144444444444448,0.8194397363328573,1.36666666666667,3.0,4.37777777777778,5.868396209704514,1.36666666666667,16.3,-0.93333333333333,0.7
2023-03-29 11:00:00,3.26666666666667,11,2,29,3,2023,1,13,0,0.258819045102521,-0.9659258262890682,0.9749279121818236,-0.22252093395631434,1.0,6.123233995736766e-17,2.06666666666667,3.0,1.36666666666667,1.53333333333333,2.4,2.777777777777781,0.6301087501668493,2.06666666666667,3.26666666666667,4.6666666666666705,5.7416606192517925,1.36666666666667,16.3,1.2000000000000002,0.26666666666667016
2023-04-01 09:00:00,0.966666666666667,9,5,1,4,2023,2,13,1,0.7071067811865476,-0.7071067811865475,-0.9749279121818236,-0.2225209339563146,0.8660254037844387,-0.4999999999999998,3.26666666666667,2.06666666666667,3.0,2.0,3.86666666666667,2.1000000000000036,1.1503622617824005,0.966666666666667,3.26666666666667,4.494444444444448,5.852080984731164,0.966666666666667,16.3,-2.3000000000000034,-1.100000000000003
2023-04-04 18:00:00,3.73333333333333,18,1,4,4,2023,2,14,0,-1.0,-1.8369701987210297e-16,0.7818314824680298,0.6234898018587336,0.8660254037844387,-0.4999999999999998,0.966666666666667,3.26666666666667,2.06666666666667,16.3,2.06666666666667,2.655555555555557,1.481115695583398,0.966666666666667,3.73333333333333,2.4000000000000026,1.1065461781799788,0.966666666666667,3.73333333333333,2.766666666666663,0.4666666666666597
2023-04-05 17:00:00,2.13333333333333,17,2,5,4,2023,2,14,0,-0.9659258262890683,-0.25881904510252063,0.9749279121818236,-0.22252093395631434,0.8660254037844387,-0.4999999999999998,3.73333333333333,0.966666666666667,3.26666666666667,1.36666666666667,3.0,2.277777777777777,1.3889777749334364,0.966666666666667,3.73333333333333,2.5277777777777795,1.002755462971302,0.966666666666667,3.73333333333333,-1.5999999999999996,1.1666666666666632
2023-04-06 08:00:00,0.9,8,3,6,4,2023,2,14,0,0.8660254037844387,-0.4999999999999998,0.43388373911755823,-0.900968867902419,0.8660254037844387,-0.4999999999999998,2.13333333333333,3.73333333333333,0.966666666666667,3.0,4.56666666666667,2.2555555555555546,1.4206154117662981,0.9,3.73333333333333,2.17777777777778,1.1592462429752068,0.9,3.73333333333333,-1.2333333333333303,-2.83333333333333
2023-04-07 18:00:00,1.6,18,4,7,4,2023,2,14,0,-1.0,-1.8369701987210297e-16,-0.433883739117558,-0.9009688679024191,0.8660254037844387,-0.4999999999999998,0.9,2.13333333333333,3.73333333333333,2.06666666666667,3.6,1.5444444444444445,0.6185406959872288,0.9,2.13333333333333,2.100000000000001,1.1835915211293004,0.9,3.73333333333333,0.7000000000000001,-0.5333333333333301
2023-04-08 15:00:00,2.06666666666667,15,5,8,4,2023,2,14,1,-0.7071067811865471,-0.7071067811865479,-0.9749279121818236,-0.2225209339563146,0.8660254037844387,-0.4999999999999998,1.6,0.9,2.13333333333333,3.26666666666667,1.53333333333333,1.5222222222222246,0.5872093449653122,0.9,2.06666666666667,1.9000000000000012,1.0396580634464268,0.9,3.73333333333333,0.4666666666666699,1.16666666666667
2023-04-11 08:00:00,1.2,8,1,11,4,2023,2,15,0,0.8660254037844387,-0.4999999999999998,0.7818314824680298,0.6234898018587336,0.8660254037844387,-0.4999999999999998,2.06666666666667,1.6,0.9,0.966666666666667,2.0,1.6222222222222245,0.43376047324292416,1.2,2.06666666666667,1.93888888888889,1.0014249107407587,0.9,3.73333333333333,-0.86666666666667,-0.40000000000000013
2023-04-13 10:00:00,2.26666666666667,10,3,13,4,2023,2,15,0,0.49999999999999994,-0.8660254037844387,0.43388373911755823,-0.900968867902419,0.8660254037844387,-0.4999999999999998,1.2,2.06666666666667,1.6,3.73333333333333,16.3,1.8444444444444479,0.5669933698741662,1.2,2.26666666666667,1.694444444444447,0.5555444443335954,0.9,2.26666666666667,1.0666666666666702,0.20000000000000018
2023-04-14 11:00:00,2.13333333333333,11,4,14,4,2023,2,15,0,0.258819045102521,-0.9659258262890682,-0.433883739117558,-0.9009688679024191,0.8660254037844387,-0.4999999999999998,2.26666666666667,1.2,2.06666666666667,2.13333333333333,1.36666666666667,1.8666666666666678,0.581186525805234,1.2,2.26666666666667,1.694444444444447,0.5555444443335954,0.9,2.26666666666667,-0.13333333333333997,0.9333333333333302
2023-04-15 11:00:00,3.53333333333333,11,5,15,4,2023,2,15,1,0.258819045102521,-0.9659258262890682,-0.9749279121818236,-0.2225209339563146,0.8660254037844387,-0.4999999999999998,2.13333333333333,2.26666666666667,1.2,0.9,3.0,2.6444444444444444,0.7726817178093615,2.13333333333333,3.53333333333333,2.133333333333335,0.7921840414675343,1.2,3.53333333333333,1.4,1.26666666666666
2023-04-15 12:00:00,1.26666666666667,12,5,15,4,2023,2,15,1,1.2246467991473532e-16,-1.0,-0.9749279121818236,-0.2225209339563146,0.8660254037844387,-0.4999999999999998,3.53333333333333,2.13333333333333,2.26666666666667,1.6,2.06666666666667,2.3111111111111113,1.1437430428850388,1.26666666666667,3.53333333333333,2.07777777777778,0.846867867607141,1.2,3.53333333333333,-2.2666666666666604,-0.8666666666666603
2023-04-15 15:00:00,2.2,15,5,15,4,2023,2,15,1,-0.7071067811865471,-0.7071067811865479,-0.9749279121818236,-0.2225209339563146,0.8660254037844387,-0.4999999999999998,1.26666666666667,3.53333333333333,2.13333333333333,2.06666666666667,3.26666666666667,2.3333333333333344,1.139200499375574,1.26666666666667,3.53333333333333,2.100000000000002,0.8482662055957645,1.2,3.53333333333333,0.9333333333333302,-1.33333333333333
2023-04-17 10:00:00,29.4,10,0,17,4,2023,2,16,0,0.49999999999999994,-0.8660254037844387,0.0,1.0,0.8660254037844387,-0.4999999999999998,2.2,1.26666666666667,3.53333333333333,1.2,0.966666666666667,10.955555555555557,15.980172900376449,1.26666666666667,29.4,6.800000000000002,11.095384425767126,1.26666666666667,29.4,27.2,28.13333333333333
2023-04-18 10:00:00,0.6,10,1,18,4,2023,2,16,0,0.49999999999999994,-0.8660254037844387,0.7818314824680298,0.6234898018587336,0.8660254037844387,-0.4999999999999998,29.4,2.2,1.26666666666667,2.26666666666667,3.73333333333333,10.733333333333334,16.185590299193084,0.6,29.4,6.522222222222223,11.251343952645875,0.6,29.4,-28.799999999999997,-1.6
2023-04-21 17:00:00,4.78333333333333,17,4,21,4,2023,2,16,0,-0.9659258262890683,-0.25881904510252063,-0.433883739117558,-0.9009688679024191,0.8660254037844387,-0.4999999999999998,0.6,29.4,2.2,2.13333333333333,2.13333333333333,11.594444444444443,15.561279700780585,0.6,29.4,6.963888888888891,11.095536723619338,0.6,29.4,4.18333333333333,-24.616666666666667
2023-04-22 08:00:00,0.9,8,5,22,4,2023,2,16,1,0.8660254037844387,-0.4999999999999998,-0.9749279121818236,-0.2225209339563146,0.8660254037844387,-0.4999999999999998,4.78333333333333,0.6,29.4,3.53333333333333,0.9,2.094444444444443,2.333472218088807,0.6,4.78333333333333,6.525000000000002,11.308412551921007,0.6,29.4,-3.8833333333333298,0.30000000000000004
2023-04-23 09:00:00,1.5,9,6,23,4,2023,2,16,1,0.7071067811865476,-0.7071067811865475,-0.7818314824680299,0.6234898018587334,0.8660254037844387,-0.4999999999999998,0.9,4.78333333333333,0.6,1.26666666666667,1.6,2.3944444444444435,2.0904766424412173,0.9,4.78333333333333,6.56388888888889,11.28709399007295,0.6,29.4,0.6,-3.2833333333333297
2023-04-25 11:00:00,1.86666666666667,11,1,25,4,2023,2,17,0,0.258819045102521,-0.9659258262890682,0.7818314824680298,0.6234898018587336,0.8660254037844387,-0.4999999999999998,1.5,0.9,4.78333333333333,2.2,2.06666666666667,1.4222222222222234,0.48800425013297904,0.9,1.86666666666667,6.5083333333333355,11.313658166619286,0.6,29.4,0.36666666666667,0.96666666666667
2023-04-27 11:00:00,17.2,11,3,27,4,2023,2,17,0,0.258819045102521,-0.9659258262890682,0.43388373911755823,-0.900968867902419,0.8660254037844387,-0.4999999999999998,1.86666666666667,1.5,0.9,29.4,1.2,6.855555555555557,8.960427403827289,1.5,17.2,4.475000000000002,6.410475368055372,0.6,17.2,15.333333333333329,15.7
2023-04-28 16:00:00,3.4,16,4,28,4,2023,2,17,0,-0.8660254037844385,-0.5000000000000004,-0.433883739117558,-0.9009688679024191,0.8660254037844387,-0.4999999999999998,17.2,1.86666666666667,1.5,0.6,2.26666666666667,7.48888888888889,8.444941505838678,1.86666666666667,17.2,4.941666666666668,6.169348515938397,0.9,17.2,-13.799999999999999,1.5333333333333299
2023-05-02 19:00:00,1.4,19,1,2,5,2023,2,18,0,-0.9659258262890684,0.2588190451025203,0.7818314824680298,0.6234898018587336,0.49999999999999994,-0.8660254037844387,3.4,17.2,1.86666666666667,4.78333333333333,2.13333333333333,7.333333333333333,8.603100216394852,1.4,17.2,4.377777777777781,6.3390033099031555,0.9,17.2,-2.0,-15.799999999999999
2023-05-03 16:00:00,2.13333333333333,16,2,3,5,2023,2,18,0,-0.8660254037844385,-0.5000000000000004,0.9749279121818236,-0.22252093395631434,0.49999999999999994,-0.8660254037844387,1.4,3.4,17.2,0.9,3.53333333333333,2.31111111111111,1.0117824389182777,1.4,3.4,4.583333333333336,6.2226021709392585,1.4,17.2,0.7333333333333303,-1.2666666666666697
2023-05-05 08:00:00,2.06666666666667,8,4,5,5,2023,2,18,0,0.8660254037844387,-0.4999999999999998,-0.433883739117558,-0.9009688679024191,0.49999999999999994,-0.8660254037844387,2.13333333333333,1.4,3.4,1.5,1.26666666666667,1.8666666666666665,0.40551750201951936,1.4,2.13333333333333,4.677777777777781,6.170527320043854,1.4,17.2,-0.06666666666666021,0.6666666666666701
2023-05-06 11:00:00,3.26666666666667,11,5,6,5,2023,2,18,1,0.258819045102521,-0.9659258262890682,-0.9749279121818236,-0.2225209339563146,0.49999999999999994,-0.8660254037844387,2.06666666666667,2.13333333333333,1.4,1.86666666666667,2.2,2.4888888888888903,0.674399595799504,2.06666666666667,3.26666666666667,4.911111111111114,6.068595541956313,1.4,17.2,1.2000000000000002,1.13333333333334
2023-05-07 11:00:00,3.8,11,6,7,5,2023,2,18,1,0.258819045102521,-0.9659258262890682,-0.7818314824680299,0.6234898018587334,0.49999999999999994,-0.8660254037844387,3.26666666666667,2.06666666666667,2.13333333333333,17.2,29.4,3.0444444444444465,0.8877770824637635,2.06666666666667,3.8,2.6777777777777807,0.9413150769398724,1.4,3.8,0.5333333333333297,1.7333333333333298
2023-05-09 10:00:00,12.7,10,1,9,5,2023,2,19,0,0.49999999999999994,-0.8660254037844387,0.7818314824680298,0.6234898018587336,0.49999999999999994,-0.8660254037844387,3.8,3.26666666666667,2.06666666666667,3.4,0.6,6.5888888888888895,5.2990914665034925,3.26666666666667,12.7,4.2277777777777805,4.241195673479466,1.4,12.7,8.899999999999999,9.43333333333333
2023-05-10 07:00:00,18.3333333333333,7,2,10,5,2023,2,19,0,0.9659258262890683,-0.25881904510252063,0.9749279121818236,-0.22252093395631434,0.49999999999999994,-0.8660254037844387,12.7,3.8,3.26666666666667,1.4,4.78333333333333,11.6111111111111,7.327598767925503,3.8,18.3333333333333,7.049999999999997,6.8281687800528825,2.06666666666667,18.3333333333333,5.633333333333301,14.5333333333333
2023-05-10 15:00:00,3.8,15,2,10,5,2023,2,19,0,-0.7071067811865471,-0.7071067811865479,0.9749279121818236,-0.22252093395631434,0.49999999999999994,-0.8660254037844387,18.3333333333333,12.7,3.8,2.13333333333333,0.9,11.6111111111111,7.327598767925503,3.8,18.3333333333333,7.327777777777775,6.618842351504835,2.06666666666667,18.3333333333333,-14.5333333333333,-8.899999999999999
2023-05-12 14:00:00,1.0,14,4,12,5,2023,2,19,0,-0.4999999999999997,-0.8660254037844388,-0.433883739117558,-0.9009688679024191,0.49999999999999994,-0.8660254037844387,3.8,18.3333333333333,12.7,2.06666666666667,1.5,7.711111111111101,9.305036469767497,1.0,18.3333333333333,7.149999999999996,6.8002532632575114,1.0,18.3333333333333,-2.8,-17.3333333333333
2023-05-15 12:00:00,2.23333333333333,12,0,15,5,2023,2,20,0,1.2246467991473532e-16,-1.0,0.0,1.0,0.49999999999999994,-0.8660254037844387,1.0,3.8,18.3333333333333,3.26666666666667,1.86666666666667,2.344444444444443,1.4033029819889105,1.0,3.8,6.977777777777774,6.930116775244016,1.0,18.3333333333333,1.2333333333333298,-1.56666666666667
2023-05-18 10:00:00,3.66666666666667,10,3,18,5,2023,2,20,0,0.49999999999999994,-0.8660254037844387,0.43388373911755823,-0.900968867902419,0.49999999999999994,-0.8660254037844387,2.23333333333333,1.0,3.8,3.8,17.2,2.3000000000000003,1.3345827479443995,1.0,3.66666666666667,6.955555555555552,6.942547296415269,1.0,18.3333333333333,1.4333333333333402,2.66666666666667
2023-05-18 12:00:00,4.0,12,3,18,5,2023,2,20,0,1.2246467991473532e-16,-1.0,0.43388373911755823,-0.900968867902419,0.49999999999999994,-0.8660254037844387,3.66666666666667,2.23333333333333,1.0,12.7,3.4,3.3000000000000003,0.9386751893551043,2.23333333333333,4.0,5.505555555555553,6.389311097160343,1.0,18.3333333333333,0.33333333333332993,1.7666666666666702
2023-05-18 13:00:00,3.2,13,3,18,5,2023,2,20,0,-0.2588190451025208,-0.9659258262890683,0.43388373911755823,-0.900968867902419,0.49999999999999994,-0.8660254037844387,4.0,3.66666666666667,2.23333333333333,18.3333333333333,1.4,3.6222222222222236,0.40184758488911154,3.2,4.0,2.9833333333333356,1.158495192528371,1.0,4.0,-0.7999999999999998,-0.4666666666666699
2023-05-19 08:00:00,2.2,8,4,19,5,2023,2,20,0,0.8660254037844387,-0.4999999999999998,-0.433883739117558,-0.9009688679024191,0.49999999999999994,-0.8660254037844387,3.2,4.0,3.66666666666667,3.8,2.13333333333333,3.1333333333333333,0.9018499505644246,2.2,4.0,2.716666666666669,1.1162934699761322,1.0,4.0,-1.0,-1.7999999999999998
2023-05-20 10:00:00,28.0,10,5,20,5,2023,2,20,1,0.49999999999999994,-0.8660254037844387,-0.9749279121818236,-0.2225209339563146,0.49999999999999994,-0.8660254037844387,2.2,3.2,4.0,1.0,2.06666666666667,11.133333333333333,14.615516868497439,2.2,28.0,7.216666666666669,10.208139453941216,2.2,28.0,25.8,24.8
2023-05-20 12:00:00,3.3,12,5,20,5,2023,2,20,1,1.2246467991473532e-16,-1.0,-0.9749279121818236,-0.2225209339563146,0.49999999999999994,-0.8660254037844387,28.0,2.2,3.2,2.23333333333333,3.26666666666667,11.166666666666666,14.588465763517876,2.2,28.0,7.394444444444448,10.11283929065021,2.2,28.0,-24.7,1.0999999999999996
2023-05-27 07:00:00,1.33333333333333,7,5,27,5,2023,2,21,1,0.9659258262890683,-0.25881904510252063,-0.9749279121818236,-0.2225209339563146,0.49999999999999994,-0.8660254037844387,3.3,28.0,2.2,3.66666666666667,3.8,10.877777777777775,14.860848388124236,1.33333333333333,28.0,7.005555555555557,10.32744814488,1.33333333333333,28.0,-1.96666666666667,-26.66666666666667
2023-05-30 14:00:00,0.6,14,1,30,5,2023,2,22,0,-0.4999999999999997,-0.8660254037844388,0.7818314824680298,0.6234898018587336,0.49999999999999994,-0.8660254037844387,1.33333333333333,3.3,28.0,4.0,12.7,1.744444444444442,1.3961587514530447,0.6,3.3,6.438888888888891,10.61463176033006,0.6,28.0,-0.73333333333333,-2.6999999999999997
2023-05-30 15:00:00,3.53333333333333,15,1,30,5,2023,2,22,0,-0.7071067811865471,-0.7071067811865479,0.7818314824680298,0.6234898018587336,0.49999999999999994,-0.8660254037844387,0.6,1.33333333333333,3.3,3.2,18.3333333333333,1.8222222222222186,1.5265550662750533,0.6,3.53333333333333,6.494444444444446,10.595143891145334,0.6,28.0,2.93333333333333,2.2
2023-06-01 15:00:00,2.86666666666667,15,3,1,6,2023,2,22,0,-0.7071067811865471,-0.7071067811865479,0.43388373911755823,-0.900968867902419,1.2246467991473532e-16,-1.0,3.53333333333333,0.6,1.33333333333333,2.2,3.8,2.333333333333332,1.537675012622667,0.6,3.53333333333333,6.605555555555558,10.544475471210655,0.6,28.0,-0.6666666666666603,2.2666666666666697
2023-06-02 06:00:00,1.06666666666667,6,4,2,6,2023,2,22,0,1.0,6.123233995736766e-17,-0.433883739117558,-0.9009688679024191,1.2246467991473532e-16,-1.0,2.86666666666667,3.53333333333333,0.6,28.0,1.0,2.488888888888889,1.2759890862181469,1.06666666666667,3.53333333333333,2.1166666666666694,1.2638125740087096,0.6,3.53333333333333,-1.7999999999999998,-2.46666666666666
2023-06-05 11:00:00,14.7333333333333,11,0,5,6,2023,2,23,0,0.258819045102521,-0.9659258262890682,0.0,1.0,1.2246467991473532e-16,-1.0,1.06666666666667,2.86666666666667,3.53333333333333,3.3,2.23333333333333,6.222222222222212,7.425581408836531,1.06666666666667,14.7333333333333,4.0222222222222195,5.366176651197011,0.6,14.7333333333333,13.66666666666663,11.866666666666632
2023-06-05 16:00:00,16.4,16,0,5,6,2023,2,23,0,-0.8660254037844385,-0.5000000000000004,0.0,1.0,1.2246467991473532e-16,-1.0,14.7333333333333,1.06666666666667,2.86666666666667,1.33333333333333,3.66666666666667,10.73333333333332,8.412952976082625,1.06666666666667,16.4,6.533333333333331,7.101048435892334,0.6,16.4,1.666666666666698,15.333333333333329
2023-06-05 17:00:00,3.2,17,0,5,6,2023,2,23,0,-0.9659258262890683,-0.25881904510252063,0.0,1.0,1.2246467991473532e-16,-1.0,16.4,14.7333333333333,1.06666666666667,0.6,4.0,11.44444444444443,7.1883650848153495,3.2,16.4,6.966666666666665,6.736533892803402,1.06666666666667,16.4,-13.2,-11.5333333333333
2023-06-07 08:00:00,0.633333333333333,8,2,7,6,2023,2,23,0,0.8660254037844387,-0.4999999999999998,0.9749279121818236,-0.22252093395631434,1.2246467991473532e-16,-1.0,3.2,16.4,14.7333333333333,3.53333333333333,3.2,6.744444444444443,8.459861657217512,0.633333333333333,16.4,6.483333333333332,7.124971734836729,0.633333333333333,16.4,-2.5666666666666673,-15.766666666666666
2023-06-08 12:00:00,0.933333333333333,12,3,8,6,2023,2,23,0,1.2246467991473532e-16,-1.0,0.43388373911755823,-0.900968867902419,1.2246467991473532e-16,-1.0,0.633333333333333,3.2,16.4,2.86666666666667,2.2,1.5888888888888875,1.4033029819888996,0.633333333333333,3.2,6.161111111111109,7.36105115279565,0.633333333333333,16.4,0.30000000000000004,-2.266666666666667
2023-06-09 17:00:00,3.66666666666667,17,4,9,6,2023,2,23,0,-0.9659258262890683,-0.25881904510252063,-0.433883739117558,-0.9009688679024191,1.2246467991473532e-16,-1.0,0.933333333333333,0.633333333333333,3.2,1.06666666666667,28.0,1.7444444444444442,1.6714376158574966,0.633333333333333,3.66666666666667,6.594444444444442,7.072023650873815,0.633333333333333,16.4,2.733333333333337,3.033333333333337
2023-06-10 21:00:00,3.8,21,5,10,6,2023,2,23,1,-0.7071067811865477,0.7071067811865474,-0.9749279121818236,-0.2225209339563146,1.2246467991473532e-16,-1.0,3.66666666666667,0.933333333333333,0.633333333333333,14.7333333333333,3.3,2.7999999999999994,1.6179548132681232,0.933333333333333,3.8,4.772222222222226,5.86023953498555,0.633333333333333,16.4,0.13333333333332975,2.8666666666666667
2023-06-11 11:00:00,2.73333333333333,11,6,11,6,2023,2,23,1,0.258819045102521,-0.9659258262890682,-0.7818314824680299,0.6234898018587334,1.2246467991473532e-16,-1.0,3.8,3.66666666666667,0.933333333333333,16.4,1.33333333333333,3.3999999999999986,0.5811865258051853,2.73333333333333,3.8,2.4944444444444476,1.3808880663732903,0.633333333333333,3.8,-1.06666666666667,-0.9333333333333402
2023-06-13 19:00:00,3.26666666666667,19,1,13,6,2023,2,24,0,-0.9659258262890684,0.2588190451025203,0.7818314824680298,0.6234898018587336,1.2246467991473532e-16,-1.0,2.73333333333333,3.8,3.66666666666667,3.2,0.6,3.2666666666666657,0.5333333333330698,2.73333333333333,3.8,2.5055555555555595,1.3879507943035019,0.633333333333333,3.8,0.5333333333333403,-0.5333333333333297
2023-06-16 11:00:00,1.6,11,4,16,6,2023,2,24,0,0.258819045102521,-0.9659258262890682,-0.433883739117558,-0.9009688679024191,1.2246467991473532e-16,-1.0,3.26666666666667,2.73333333333333,3.8,0.633333333333333,3.53333333333333,2.533333333333332,0.8511430223200714,1.6,3.26666666666667,2.666666666666671,1.1654279137821146,0.933333333333333,3.8,-1.66666666666667,-1.1333333333333298
2023-06-16 16:00:00,1.86666666666667,16,4,16,6,2023,2,24,0,-0.8660254037844385,-0.5000000000000004,-0.433883739117558,-0.9009688679024191,1.2246467991473532e-16,-1.0,1.6,3.26666666666667,2.73333333333333,0.933333333333333,2.86666666666667,2.244444444444446,0.8952549812657711,1.6,3.26666666666667,2.822222222222227,0.9253627917182541,1.6,3.8,0.26666666666666994,-1.4000000000000001
2023-06-17 12:00:00,3.66666666666667,12,5,17,6,2023,2,24,1,1.2246467991473532e-16,-1.0,-0.9749279121818236,-0.2225209339563146,1.2246467991473532e-16,-1.0,1.86666666666667,1.6,3.26666666666667,3.66666666666667,1.06666666666667,2.3777777777777787,1.1241457662169092,1.6,3.66666666666667,2.8222222222222264,0.9253627917182541,1.6,3.8,1.8,2.06666666666667
2023-06-19 07:00:00,1.36666666666667,7,0,19,6,2023,2,25,0,0.9659258262890683,-0.25881904510252063,0.0,1.0,1.2246467991473532e-16,-1.0,3.66666666666667,1.86666666666667,1.6,3.8,14.7333333333333,2.300000000000002,1.2096831541081436,1.36666666666667,3.66666666666667,2.416666666666672,0.9441633568640325,1.36666666666667,3.66666666666667,-2.3,-0.5
2023-06-21 19:00:00,1.9,19,2,21,6,2023,2,25,0,-0.9659258262890684,0.2588190451025203,0.9749279121818236,-0.22252093395631434,1.2246467991473532e-16,-1.0,1.36666666666667,3.66666666666667,1.86666666666667,2.73333333333333,16.4,2.3111111111111122,1.203851842736038,1.36666666666667,3.66666666666667,2.2777777777777835,0.9495417998329236,1.36666666666667,3.66666666666667,0.5333333333333299,-1.7666666666666702
2023-06-23 11:00:00,4.0,11,4,23,6,2023,2,25,0,0.258819045102521,-0.9659258262890682,-0.433883739117558,-0.9009688679024191,1.2246467991473532e-16,-1.0,1.9,1.36666666666667,3.66666666666667,3.26666666666667,3.2,2.422222222222222,1.3921738929271164,1.36666666666667,4.0,2.4000000000000052,1.131959952177482,1.36666666666667,4.0,2.1,2.63333333333333
2023-06-23 15:00:00,17.3833333333333,15,4,23,6,2023,2,25,0,-0.7071067811865471,-0.7071067811865479,-0.433883739117558,-0.9009688679024191,1.2246467991473532e-16,-1.0,4.0,1.9,1.36666666666667,1.6,0.633333333333333,7.761111111111099,8.398980317298635,1.9,17.3833333333333,5.030555555555555,6.144070462800043,1.36666666666667,17.3833333333333,13.3833333333333,15.4833333333333
2023-06-24 11:00:00,0.666666666666667,11,5,24,6,2023,2,25,1,0.258819045102521,-0.9659258262890682,-0.9749279121818236,-0.2225209339563146,1.2246467991473532e-16,-1.0,17.3833333333333,4.0,1.9,1.86666666666667,0.933333333333333,7.34999999999999,8.847520054292648,0.666666666666667,17.3833333333333,4.830555555555555,6.285560318580883,0.666666666666667,17.3833333333333,-16.716666666666633,-3.333333333333333
2023-06-24 16:00:00,5.13333333333333,16,5,24,6,2023,2,25,1,-0.8660254037844385,-0.5000000000000004,-0.9749279121818236,-0.2225209339563146,1.2246467991473532e-16,-1.0,0.666666666666667,17.3833333333333,4.0,3.66666666666667,3.66666666666667,7.727777777777766,8.655061674684479,0.666666666666667,17.3833333333333,5.074999999999998,6.259710234685174,0.666666666666667,17.3833333333333,4.466666666666663,-12.249999999999972
2023-06-26 16:00:00,3.66666666666667,16,0,26,6,2023,2,26,0,-0.8660254037844385,-0.5000000000000004,0.0,1.0,1.2246467991473532e-16,-1.0,5.13333333333333,0.666666666666667,17.3833333333333,1.36666666666667,3.8,3.1555555555555546,2.2767748469498312,0.666666666666667,5.13333333333333,5.458333333333332,6.054252408202214,0.666666666666667,17.3833333333333,-1.4666666666666601,3.000000000000003
2023-06-29 08:00:00,2.56666666666667,8,3,29,6,2023,2,26,0,0.8660254037844387,-0.4999999999999998,0.43388373911755823,-0.900968867902419,1.2246467991473532e-16,-1.0,3.66666666666667,5.13333333333333,0.666666666666667,1.9,2.73333333333333,3.788888888888889,1.2876910142374536,2.56666666666667,5.13333333333333,5.569444444444443,5.981568139493814,0.666666666666667,17.3833333333333,-1.1,-2.56666666666666
2023-07-02 13:00:00,2.8,13,6,2,7,2023,3,26,1,-0.2588190451025208,-0.9659258262890683,-0.7818314824680299,0.6234898018587334,-0.4999999999999997,-0.8660254037844388,2.56666666666667,3.66666666666667,5.13333333333333,4.0,3.26666666666667,3.0111111111111124,0.5795911713662096,2.56666666666667,3.66666666666667,5.369444444444444,6.0640325477969546,0.666666666666667,17.3833333333333,0.23333333333332984,-0.8666666666666702
2023-07-03 11:00:00,1.1,11,0,3,7,2023,3,27,0,0.258819045102521,-0.9659258262890682,0.0,1.0,-0.4999999999999997,-0.8660254037844388,2.8,2.56666666666667,3.66666666666667,17.3833333333333,1.6,2.1555555555555554,0.9215526350995763,1.1,2.8,2.65555555555556,1.6471749103193287,0.666666666666667,5.13333333333333,-1.6999999999999997,-1.46666666666667
2023-07-04 17:00:00,3.06666666666667,17,1,4,7,2023,3,27,0,-0.9659258262890683,-0.25881904510252063,0.7818314824680298,0.6234898018587336,-0.4999999999999997,-0.8660254037844388,1.1,2.8,2.56666666666667,0.666666666666667,1.86666666666667,2.3222222222222224,1.0668402636514362,1.1,3.06666666666667,3.0555555555555602,1.3281008440070152,1.1,5.13333333333333,1.96666666666667,0.26666666666667016
2023-07-07 12:00:00,2.86666666666667,12,4,7,7,2023,3,27,0,1.2246467991473532e-16,-1.0,-0.433883739117558,-0.9009688679024191,-0.4999999999999997,-0.8660254037844388,3.06666666666667,1.1,2.8,5.13333333333333,3.66666666666667,2.3444444444444454,1.0823499810510468,1.1,3.06666666666667,2.677777777777784,0.8580770922805264,1.1,3.66666666666667,-0.20000000000000018,1.7666666666666697
2023-07-08 07:00:00,2.83333333333333,7,5,8,7,2023,3,27,1,0.9659258262890683,-0.25881904510252063,-0.9749279121818236,-0.2225209339563146,-0.4999999999999997,-0.8660254037844388,2.86666666666667,3.06666666666667,1.1,3.66666666666667,1.36666666666667,2.922222222222222,0.12619796323892576,2.83333333333333,3.06666666666667,2.5388888888888936,0.7227775642669851,1.1,3.06666666666667,-0.033333333333339876,-0.23333333333334005
2023-07-09 08:00:00,2.93333333333333,8,6,9,7,2023,3,27,1,0.8660254037844387,-0.4999999999999998,-0.7818314824680299,0.6234898018587334,-0.4999999999999997,-0.8660254037844388,2.83333333333333,2.86666666666667,3.06666666666667,2.56666666666667,1.9,2.877777777777775,0.05091750771903935,2.83333333333333,2.93333333333333,2.6000000000000036,0.7408703590299693,1.1,3.06666666666667,0.10000000000000009,0.06666666666666021
2023-07-10 17:00:00,2.2,17,0,10,7,2023,3,28,0,-0.9659258262890683,-0.25881904510252063,0.0,1.0,-0.4999999999999997,-0.8660254037844388,2.93333333333333,2.83333333333333,2.86666666666667,2.8,4.0,2.655555555555552,0.3976784481812769,2.2,2.93333333333333,2.5000000000000036,0.7489251557326657,1.1,3.06666666666667,-0.7333333333333298,-0.6333333333333298
2023-07-11 08:00:00,1.5,8,1,11,7,2023,3,28,0,0.8660254037844387,-0.4999999999999998,0.7818314824680298,0.6234898018587336,-0.4999999999999997,-0.8660254037844388,2.2,2.93333333333333,2.83333333333333,1.1,17.3833333333333,2.211111111111109,0.7167312632384717,1.5,2.93333333333333,2.5666666666666704,0.6029556829119889,1.5,3.06666666666667,-0.7000000000000002,-1.43333333333333
2023-07-12 08:00:00,3.0,8,2,12,7,2023,3,28,0,0.8660254037844387,-0.4999999999999998,0.9749279121818236,-0.22252093395631434,-0.4999999999999997,-0.8660254037844388,1.5,2.2,2.93333333333333,3.06666666666667,0.666666666666667,2.233333333333332,0.7505553499463232,1.5,3.0,2.5555555555555585,0.5924212715317284,1.5,3.0,1.5,0.7999999999999998
2023-07-19 10:00:00,5.23333333333333,10,2,19,7,2023,3,29,0,0.49999999999999994,-0.8660254037844387,0.9749279121818236,-0.22252093395631434,-0.4999999999999997,-0.8660254037844388,3.0,1.5,2.2,2.86666666666667,5.13333333333333,3.2444444444444422,1.8786322842054495,1.5,5.23333333333333,2.9500000000000015,1.2565826673960996,1.5,5.23333333333333,2.23333333333333,3.73333333333333
2023-07-19 12:00:00,4.0,12,2,19,7,2023,3,29,0,1.2246467991473532e-16,-1.0,0.9749279121818236,-0.22252093395631434,-0.4999999999999997,-0.8660254037844388,5.23333333333333,3.0,1.5,2.83333333333333,3.66666666666667,4.077777777777776,1.1186963312182732,3.0,5.23333333333333,3.144444444444447,1.3234074986215323,1.5,5.23333333333333,-1.2333333333333298,1.0
2023-07-21 01:00:00,0.0,1,4,21,7,2023,3,29,0,0.25881904510252074,0.9659258262890683,-0.433883739117558,-0.9009688679024191,-0.4999999999999997,-0.8660254037844388,4.0,5.23333333333333,3.0,2.93333333333333,2.56666666666667,3.0777777777777757,2.735838959956258,0.0,5.23333333333333,2.6555555555555586,1.852885637373631,0.0,5.23333333333333,-4.0,-5.23333333333333
2023-07-21 15:00:00,2.0,15,4,21,7,2023,3,29,0,-0.7071067811865471,-0.7071067811865479,-0.433883739117558,-0.9009688679024191,-0.4999999999999997,-0.8660254037844388,0.0,4.0,5.23333333333333,2.2,2.8,1.999999999999999,1.9999999999999283,0.0,4.0,2.622222222222225,1.864482849558182,0.0,5.23333333333333,2.0,-2.0
2023-07-27 10:00:00,4.0,10,3,27,7,2023,3,30,0,0.49999999999999994,-0.8660254037844387,0.43388373911755823,-0.900968867902419,-0.4999999999999997,-0.8660254037844388,2.0,0.0,4.0,1.5,1.1,1.999999999999999,1.9999999999999283,0.0,4.0,3.0388888888888914,1.8427535756961742,0.0,5.23333333333333,2.0,4.0
2023-07-28 08:00:00,2.6,8,4,28,7,2023,3,30,0,0.8660254037844387,-0.4999999999999998,-0.433883739117558,-0.9009688679024191,-0.4999999999999997,-0.8660254037844388,4.0,2.0,0.0,3.0,3.06666666666667,2.8666666666666654,1.026320287889244,2.0,4.0,2.972222222222225,1.851655915560428,0.0,5.23333333333333,-1.4,0.6000000000000001
2023-08-06 10:00:00,1.1,10,6,6,8,2023,3,31,1,0.49999999999999994,-0.8660254037844387,-0.7818314824680299,0.6234898018587334,-0.8660254037844385,-0.5000000000000004,2.6,4.0,2.0,5.23333333333333,2.86666666666667,2.5666666666666655,1.4502873278537103,1.1,4.0,2.2833333333333368,1.5930055450835632,0.0,4.0,-1.5,-2.9
2023-08-08 12:00:00,2.86666666666667,12,1,8,8,2023,3,32,0,1.2246467991473532e-16,-1.0,0.7818314824680298,0.6234898018587336,-0.8660254037844385,-0.5000000000000004,1.1,2.6,4.0,4.0,2.83333333333333,2.1888888888888887,0.9523849206265053,1.1,2.86666666666667,2.0944444444444485,1.4048197459171896,0.0,4.0,1.7666666666666697,0.2666666666666697
2023-08-08 16:00:00,30.1,16,1,8,8,2023,3,32,0,-0.8660254037844385,-0.5000000000000004,0.7818314824680298,0.6234898018587336,-0.8660254037844385,-0.5000000000000004,2.86666666666667,1.1,2.6,0.0,2.93333333333333,11.355555555555556,16.257180749623405,1.1,30.1,7.111111111111115,11.303011725822207,1.1,30.1,27.23333333333333,29.0
2023-08-08 18:00:00,3.83333333333333,18,1,8,8,2023,3,32,0,-1.0,-1.8369701987210297e-16,0.7818314824680298,0.6234898018587336,-0.8660254037844385,-0.5000000000000004,30.1,2.86666666666667,1.1,2.0,2.2,12.266666666666666,15.451680958537954,2.86666666666667,30.1,7.4166666666666705,11.161098114034807,1.1,30.1,-26.266666666666673,0.9666666666666601
2023-08-09 10:00:00,29.8,10,2,9,8,2023,3,32,0,0.49999999999999994,-0.8660254037844387,0.9749279121818236,-0.22252093395631434,-0.8660254037844385,-0.5000000000000004,3.83333333333333,30.1,2.86666666666667,4.0,1.5,21.244444444444444,15.079210609066799,3.83333333333333,30.1,11.71666666666667,14.15097562400244,1.1,30.1,25.966666666666672,-0.3000000000000007
2023-08-09 17:00:00,5.56666666666667,17,2,9,8,2023,3,32,0,-0.9659258262890683,-0.25881904510252063,0.9749279121818236,-0.22252093395631434,-0.8660254037844385,-0.5000000000000004,29.8,3.83333333333333,30.1,2.6,3.0,13.066666666666665,14.517384214948793,3.83333333333333,29.8,12.211111111111116,13.816603002131842,1.1,30.1,-24.23333333333333,1.73333333333334
2023-08-11 15:00:00,4.1,15,4,11,8,2023,3,32,0,-0.7071067811865471,-0.7071067811865479,-0.433883739117558,-0.9009688679024191,-0.8660254037844385,-0.5000000000000004,5.56666666666667,29.8,3.83333333333333,1.1,5.23333333333333,13.155555555555557,14.433153706862745,4.1,29.8,12.711111111111116,13.381524023263765,2.86666666666667,30.1,-1.4666666666666703,-25.700000000000003
2023-08-17 11:00:00,2.0,11,3,17,8,2023,3,33,0,0.258819045102521,-0.9659258262890682,0.43388373911755823,-0.900968867902419,-0.8660254037844385,-0.5000000000000004,4.1,5.56666666666667,29.8,2.86666666666667,4.0,3.888888888888889,1.792680591656966,2.0,5.56666666666667,12.566666666666672,13.513071860650754,2.0,30.1,-2.0999999999999996,-3.56666666666667
2023-08-17 12:00:00,2.03333333333333,12,3,17,8,2023,3,33,0,1.2246467991473532e-16,-1.0,0.43388373911755823,-0.900968867902419,-0.8660254037844385,-0.5000000000000004,2.0,4.1,5.56666666666667,30.1,0.0,2.7111111111111086,1.202928525323467,2.0,4.1,7.888888888888892,10.819050413592317,2.0,29.8,0.033333333333330106,-2.0666666666666695
2023-08-19 13:00:00,13.8,13,5,19,8,2023,3,33,1,-0.2588190451025208,-0.9659258262890683,-0.9749279121818236,-0.2225209339563146,-0.8660254037844385,-0.5000000000000004,2.03333333333333,2.0,4.1,3.83333333333333,2.0,5.944444444444443,6.803131087417947,2.0,13.8,9.550000000000004,10.836948114872776,2.0,29.8,11.766666666666671,11.8
2023-08-23 11:00:00,4.0,11,2,23,8,2023,3,34,0,0.258819045102521,-0.9659258262890682,0.9749279121818236,-0.22252093395631434,-0.8660254037844385,-0.5000000000000004,13.8,2.03333333333333,2.0,29.8,4.0,6.61111111111111,6.3029387619615145,2.03333333333333,13.8,5.2500000000000036,4.404480042461846,2.0,13.8,-9.8,1.96666666666667
2023-08-23 13:00:00,3.13333333333333,13,2,23,8,2023,3,34,0,-0.2588190451025208,-0.9659258262890683,0.9749279121818236,-0.22252093395631434,-0.8660254037844385,-0.5000000000000004,4.0,13.8,2.03333333333333,5.56666666666667,2.6,6.977777777777775,5.924087677846669,3.13333333333333,13.8,4.844444444444447,4.480856399626566,2.0,13.8,-0.8666666666666698,-10.666666666666671
2023-08-26 08:00:00,1.16666666666667,8,5,26,8,2023,3,34,1,0.8660254037844387,-0.4999999999999998,-0.9749279121818236,-0.2225209339563146,-0.8660254037844385,-0.5000000000000004,3.13333333333333,4.0,13.8,4.1,1.1,2.7666666666666657,1.451818782692118,1.16666666666667,4.0,4.355555555555559,4.73134543545807,1.16666666666667,13.8,-1.9666666666666601,-2.83333333333333
2023-08-26 14:00:00,1.0,14,5,26,8,2023,3,34,1,-0.4999999999999997,-0.8660254037844388,-0.9749279121818236,-0.2225209339563146,-0.8660254037844385,-0.5000000000000004,1.16666666666667,3.13333333333333,4.0,2.0,2.86666666666667,1.7666666666666657,1.1864981153704428,1.0,3.13333333333333,4.188888888888893,4.84711445279754,1.0,13.8,-0.16666666666667007,-2.13333333333333
2023-08-28 07:00:00,18.9,7,0,28,8,2023,3,35,0,0.9659258262890683,-0.25881904510252063,0.0,1.0,-0.8660254037844385,-0.5000000000000004,1.0,1.16666666666667,3.13333333333333,2.03333333333333,30.1,7.022222222222222,10.286794843300221,1.0,18.9,7.0000000000000036,7.507714550898828,1.0,18.9,17.9,17.733333333333327
2023-08-29 07:00:00,18.9,7,1,29,8,2023,3,35,0,0.9659258262890683,-0.25881904510252063,0.7818314824680298,0.6234898018587336,-0.8660254037844385,-0.5000000000000004,18.9,1.0,1.16666666666667,13.8,3.83333333333333,12.933333333333332,10.334569818494298,1.0,18.9,7.850000000000004,8.635553125178372,1.0,18.9,0.0,17.9
2023-08-31 07:00:00,2.26666666666667,7,3,31,8,2023,3,35,0,0.9659258262890683,-0.25881904510252063,0.43388373911755823,-0.900968867902419,-0.8660254037844385,-0.5000000000000004,18.9,18.9,1.0,4.0,29.8,13.355555555555554,9.603259477520771,2.26666666666667,18.9,7.5611111111111144,8.817190700662657,1.0,18.9,-16.63333333333333,-16.63333333333333
2023-09-02 11:00:00,1.8,11,5,2,9,2023,3,35,1,0.258819045102521,-0.9659258262890682,-0.9749279121818236,-0.2225209339563146,-1.0,-1.8369701987210297e-16,2.26666666666667,18.9,18.9,3.13333333333333,5.56666666666667,7.655555555555555,9.74076960987131,1.8,18.9,7.338888888888893,8.966639818216732,1.0,18.9,-0.4666666666666701,-17.099999999999998
2023-09-02 17:00:00,2.26666666666667,17,5,2,9,2023,3,35,1,-0.9659258262890683,-0.25881904510252063,-0.9749279121818236,-0.2225209339563146,-1.0,-1.8369701987210297e-16,1.8,2.26666666666667,18.9,1.16666666666667,4.1,2.111111111111112,0.26943012562148116,1.8,2.26666666666667,7.522222222222227,8.825333904080836,1.0,18.9,0.4666666666666701,0.0
2023-09-03 15:00:00,1.16666666666667,15,6,3,9,2023,3,35,1,-0.7071067811865471,-0.7071067811865479,-0.7818314824680299,0.6234898018587334,-1.0,-1.8369701987210297e-16,2.26666666666667,1.8,2.26666666666667,1.0,2.0,1.7444444444444454,0.5521003666133748,1.16666666666667,2.26666666666667,7.550000000000005,8.800927981374095,1.16666666666667,18.9,-1.1,-0.63333333333333
2023-09-05 08:00:00,0.6,8,1,5,9,2023,3,36,0,0.8660254037844387,-0.4999999999999998,0.7818314824680298,0.6234898018587336,-1.0,-1.8369701987210297e-16,1.16666666666667,2.26666666666667,1.8,18.9,2.03333333333333,1.3444444444444457,0.8474362206962558,0.6,2.26666666666667,4.500000000000004,7.084443050327498,0.6,18.9,-0.5666666666666701,-1.66666666666667
2023-09-10 08:00:00,0.633333333333333,8,6,10,9,2023,3,36,1,0.8660254037844387,-0.4999999999999998,-0.7818314824680299,0.6234898018587334,-1.0,-1.8369701987210297e-16,0.6,1.16666666666667,2.26666666666667,18.9,13.8,0.7999999999999998,0.31797973380532757,0.6,1.16666666666667,1.4555555555555608,0.764973976802826,0.6,2.26666666666667,0.03333333333333299,-0.5333333333333371
2023-09-11 19:00:00,0.7,19,0,11,9,2023,3,37,0,-0.9659258262890684,0.2588190451025203,0.0,1.0,-1.0,-1.8369701987210297e-16,0.633333333333333,0.6,1.16666666666667,2.26666666666667,4.0,0.6444444444444432,0.05091750771969178,0.6,0.7,1.194444444444449,0.6971104381396924,0.6,2.26666666666667,0.06666666666666698,0.09999999999999998
2023-09-12 15:00:00,3.4,15,1,12,9,2023,3,37,0,-0.7071067811865471,-0.7071067811865479,0.7818314824680298,0.6234898018587336,-1.0,-1.8369701987210297e-16,0.7,0.633333333333333,0.6,1.8,3.13333333333333,1.5777777777777764,1.578442739373617,0.633333333333333,3.4,1.4611111111111157,1.1402566312832956,0.6,3.4,2.7,2.766666666666667
2023-09-16 08:00:00,0.666666666666667,8,5,16,9,2023,3,37,1,0.8660254037844387,-0.4999999999999998,-0.9749279121818236,-0.2225209339563146,-1.0,-1.8369701987210297e-16,3.4,0.7,0.633333333333333,2.26666666666667,1.16666666666667,1.588888888888888,1.5685567794537043,0.666666666666667,3.4,1.1944444444444484,1.1005890678616819,0.6,3.4,-2.733333333333333,-0.03333333333333299
2023-09-18 07:00:00,1.36666666666667,7,0,18,9,2023,3,38,0,0.9659258262890683,-0.25881904510252063,0.0,1.0,-1.0,-1.8369701987210297e-16,0.666666666666667,3.4,0.7,1.16666666666667,1.0,1.8111111111111111,1.4198330626963627,0.666666666666667,3.4,1.2277777777777819,1.1026063398788752,0.6,3.4,0.7000000000000031,-2.0333333333333297
2023-09-18 08:00:00,1.0,8,0,18,9,2023,3,38,0,0.8660254037844387,-0.4999999999999998,0.0,1.0,-1.0,-1.8369701987210297e-16,1.36666666666667,0.666666666666667,3.4,0.6,18.9,1.011111111111111,0.35013225014612864,0.666666666666667,1.36666666666667,1.2944444444444485,1.0686266714635706,0.633333333333333,3.4,-0.36666666666667,0.33333333333333304
2023-09-21 07:00:00,1.66666666666667,7,3,21,9,2023,3,38,0,0.9659258262890683,-0.25881904510252063,0.43388373911755823,-0.900968867902419,-1.0,-1.8369701987210297e-16,1.0,1.36666666666667,0.666666666666667,0.633333333333333,18.9,1.3444444444444457,0.3338884266956332,1.0,1.66666666666667,1.4666666666666712,1.023067283548355,0.666666666666667,3.4,0.6666666666666701,0.30000000000000004
2023-09-22 08:00:00,1.1,8,4,22,9,2023,3,38,0,0.8660254037844387,-0.4999999999999998,-0.433883739117558,-0.9009688679024191,-1.0,-1.8369701987210297e-16,1.66666666666667,1.0,1.36666666666667,0.7,2.26666666666667,1.2555555555555555,0.3595264374966908,1.0,1.66666666666667,1.5333333333333383,0.9750213672874088,0.666666666666667,3.4,-0.56666666666667,0.10000000000000009
2023-09-22 18:00:00,3.66666666666667,18,4,22,9,2023,3,38,0,-1.0,-1.8369701987210297e-16,-0.433883739117558,-0.9009688679024191,-1.0,-1.8369701987210297e-16,1.1,1.66666666666667,1.0,3.4,1.8,2.1444444444444457,1.3483872396859762,1.1,3.66666666666667,1.577777777777783,1.0777892324707894,0.666666666666667,3.66666666666667,2.56666666666667,2.0
2023-09-23 09:00:00,17.5,9,5,23,9,2023,3,38,1,0.7071067811865476,-0.7071067811865475,-0.9749279121818236,-0.2225209339563146,-1.0,-1.8369701987210297e-16,3.66666666666667,1.1,1.66666666666667,0.666666666666667,2.26666666666667,7.422222222222222,8.821459524826265,1.1,17.5,4.383333333333339,6.500282045162883,1.0,17.5,13.83333333333333,16.4
2023-09-23 10:00:00,3.66666666666667,10,5,23,9,2023,3,38,1,0.49999999999999994,-0.8660254037844387,-0.9749279121818236,-0.2225209339563146,-1.0,-1.8369701987210297e-16,17.5,3.66666666666667,1.1,1.36666666666667,1.16666666666667,8.277777777777779,7.986678723789816,3.66666666666667,17.5,4.766666666666672,6.352952069707458,1.0,17.5,-13.83333333333333,0.0
2023-09-25 17:00:00,1.73333333333333,17,0,25,9,2023,3,39,0,-0.9659258262890683,-0.25881904510252063,0.0,1.0,-1.0,-1.8369701987210297e-16,3.66666666666667,17.5,3.66666666666667,1.0,0.6,7.633333333333332,8.599289376325098,1.73333333333333,17.5,4.888888888888894,6.272538620107573,1.1,17.5,-1.93333333333334,-15.76666666666667
2023-10-01 17:00:00,4.46666666666667,17,6,1,10,2023,4,39,1,-0.9659258262890683,-0.25881904510252063,-0.7818314824680299,0.6234898018587334,-0.8660254037844386,0.5000000000000001,1.73333333333333,3.66666666666667,17.5,1.66666666666667,0.633333333333333,3.288888888888889,1.4052810447788342,1.73333333333333,4.46666666666667,5.3555555555555605,6.0862565274985565,1.1,17.5,2.7333333333333405,0.8000000000000003
2023-10-04 11:00:00,3.8,11,2,4,10,2023,4,40,0,0.258819045102521,-0.9659258262890682,0.9749279121818236,-0.22252093395631434,-0.8660254037844386,0.5000000000000001,4.46666666666667,1.73333333333333,3.66666666666667,1.1,0.7,3.333333333333332,1.4251705550954197,1.73333333333333,4.46666666666667,5.805555555555561,5.801854748140355,1.73333333333333,17.5,-0.6666666666666705,2.06666666666667
2023-10-06 15:00:00,1.0,15,4,6,10,2023,4,40,0,-0.7071067811865471,-0.7071067811865479,-0.433883739117558,-0.9009688679024191,-0.8660254037844386,0.5000000000000001,3.8,4.46666666666667,1.73333333333333,3.66666666666667,3.4,3.0888888888888886,1.839484629917731,1.0,4.46666666666667,5.361111111111115,6.093290177333215,1.0,17.5,-2.8,-3.4666666666666703
2023-10-07 07:00:00,1.43333333333333,7,5,7,10,2023,4,40,1,0.9659258262890683,-0.25881904510252063,-0.9749279121818236,-0.2225209339563146,-0.8660254037844386,0.5000000000000001,1.0,3.8,4.46666666666667,17.5,0.666666666666667,2.0777777777777753,1.5071434840390392,1.0,3.8,2.683333333333337,1.46238009954864,1.0,4.46666666666667,0.43333333333333,-2.36666666666667
2023-10-10 08:00:00,1.86666666666667,8,1,10,10,2023,4,41,0,0.8660254037844387,-0.4999999999999998,0.7818314824680298,0.6234898018587336,-0.8660254037844386,0.5000000000000001,1.43333333333333,1.0,3.8,3.66666666666667,1.36666666666667,1.433333333333332,0.4333333333331531,1.0,1.86666666666667,2.383333333333337,1.4037647792831585,1.0,4.46666666666667,0.43333333333334,0.86666666666667
2023-10-10 17:00:00,3.66666666666667,17,1,10,10,2023,4,41,0,-0.9659258262890683,-0.25881904510252063,0.7818314824680298,0.6234898018587336,-0.8660254037844386,0.5000000000000001,1.86666666666667,1.43333333333333,1.0,1.73333333333333,1.0,2.3222222222222224,1.1843110202106757,1.43333333333333,3.66666666666667,2.7055555555555606,1.4459778185892698,1.0,4.46666666666667,1.8,2.23333333333334
2023-10-18 11:00:00,3.0,11,2,18,10,2023,4,42,0,0.258819045102521,-0.9659258262890682,0.9749279121818236,-0.22252093395631434,-0.8660254037844386,0.5000000000000001,3.66666666666667,1.86666666666667,1.43333333333333,4.46666666666667,1.66666666666667,2.8444444444444454,0.9100264546418456,1.86666666666667,3.66666666666667,2.4611111111111152,1.190035791556506,1.0,3.8,-0.6666666666666701,1.13333333333333
2023-10-21 08:00:00,1.23333333333333,8,5,21,10,2023,4,42,1,0.8660254037844387,-0.4999999999999998,-0.9749279121818236,-0.2225209339563146,-0.8660254037844386,0.5000000000000001,3.0,3.66666666666667,1.86666666666667,3.8,1.1,2.6333333333333324,1.257422407590614,1.23333333333333,3.66666666666667,2.0333333333333368,1.0674996747333938,1.0,3.66666666666667,-1.76666666666667,-2.43333333333334
2023-10-26 08:00:00,1.23333333333333,8,3,26,10,2023,4,43,0,0.8660254037844387,-0.4999999999999998,0.43388373911755823,-0.900968867902419,-0.8660254037844386,0.5000000000000001,1.23333333333333,3.0,3.66666666666667,1.0,3.66666666666667,1.8222222222222186,1.0199854755682658,1.23333333333333,3.0,2.072222222222225,1.0257607836067488,1.23333333333333,3.66666666666667,0.0,-1.76666666666667
2023-10-27 17:00:00,5.23333333333333,17,4,27,10,2023,4,43,0,-0.9659258262890683,-0.25881904510252063,-0.433883739117558,-0.9009688679024191,-0.8660254037844386,0.5000000000000001,1.23333333333333,1.23333333333333,3.0,1.43333333333333,17.5,2.5666666666666624,2.309401076758472,1.23333333333333,5.23333333333333,2.705555555555558,1.5772573476579743,1.23333333333333,5.23333333333333,4.0,4.0
2023-10-28 12:00:00,13.6,12,5,28,10,2023,4,43,1,1.2246467991473532e-16,-1.0,-0.9749279121818236,-0.2225209339563146,-0.8660254037844386,0.5000000000000001,5.23333333333333,1.23333333333333,1.23333333333333,1.86666666666667,3.66666666666667,6.6888888888888856,6.310514447538529,1.23333333333333,13.6,4.661111111111114,4.636349937261103,1.23333333333333,13.6,8.36666666666667,12.366666666666669
2023-10-28 14:00:00,2.0,14,5,28,10,2023,4,43,1,-0.4999999999999997,-0.8660254037844388,-0.9749279121818236,-0.2225209339563146,-0.8660254037844386,0.5000000000000001,13.6,5.23333333333333,1.23333333333333,3.66666666666667,1.73333333333333,6.944444444444443,5.9863115460127725,2.0,13.6,4.3833333333333355,4.756223992482583,1.23333333333333,13.6,-11.6,-3.23333333333333
2023-10-30 07:00:00,2.63333333333333,7,0,30,10,2023,4,44,0,0.9659258262890683,-0.25881904510252063,0.0,1.0,-0.8660254037844386,0.5000000000000001,2.0,13.6,5.23333333333333,3.0,4.46666666666667,6.077777777777776,6.522127578340372,2.0,13.6,4.322222222222224,4.779849679954721,1.23333333333333,13.6,0.6333333333333302,-10.966666666666669
2023-10-30 15:00:00,2.93333333333333,15,0,30,10,2023,4,44,0,-0.7071067811865471,-0.7071067811865479,0.0,1.0,-0.8660254037844386,0.5000000000000001,2.63333333333333,2.0,13.6,1.23333333333333,3.8,2.5222222222222195,0.47648403649742727,2.0,2.93333333333333,4.605555555555557,4.607405472192075,1.23333333333333,13.6,0.2999999999999998,0.93333333333333
2023-10-31 10:00:00,3.3,10,1,31,10,2023,4,44,0,0.49999999999999994,-0.8660254037844387,0.7818314824680298,0.6234898018587336,-0.8660254037844386,0.5000000000000001,2.93333333333333,2.63333333333333,2.0,1.23333333333333,1.0,2.9555555555555526,0.33388842669570706,2.63333333333333,3.3,4.950000000000002,4.3763378906722465,2.0,13.6,0.3666666666666698,0.6666666666666696
2023-11-03 11:00:00,12.6,11,4,3,11,2023,4,44,0,0.258819045102521,-0.9659258262890682,-0.433883739117558,-0.9009688679024191,-0.5000000000000004,0.8660254037844384,3.3,2.93333333333333,2.63333333333333,5.23333333333333,1.43333333333333,6.277777777777776,5.478273585855437,2.93333333333333,12.6,6.17777777777778,5.388121365731483,2.0,13.6,9.3,9.66666666666667
2023-11-04 09:00:00,3.13333333333333,9,5,4,11,2023,4,44,1,0.7071067811865476,-0.7071067811865475,-0.9749279121818236,-0.2225209339563146,-0.5000000000000004,0.8660254037844384,12.6,3.3,2.93333333333333,13.6,1.86666666666667,6.344444444444442,5.418110918569851,3.13333333333333,12.6,4.4333333333333345,4.026909484952485,2.0,12.6,-9.466666666666669,-0.16666666666666963
2023-11-05 08:00:00,0.9,8,6,5,11,2023,4,44,1,0.8660254037844387,-0.4999999999999998,-0.7818314824680299,0.6234898018587334,-0.5000000000000004,0.8660254037844384,3.13333333333333,12.6,3.3,2.0,3.66666666666667,5.544444444444442,6.2114887581474765,0.9,12.6,4.250000000000002,4.181905466809793,0.9,12.6,-2.2333333333333303,-11.7
2023-11-05 17:00:00,5.0,17,6,5,11,2023,4,44,1,-0.9659258262890683,-0.25881904510252063,-0.7818314824680299,0.6234898018587334,-0.5000000000000004,0.8660254037844384,0.9,3.13333333333333,12.6,2.63333333333333,3.0,3.0111111111111093,2.052730791824281,0.9,5.0,4.644444444444447,4.109915742129965,0.9,12.6,4.1,1.8666666666666698
2023-11-06 11:00:00,1.7,11,0,6,11,2023,4,45,0,0.258819045102521,-0.9659258262890682,0.0,1.0,-0.5000000000000004,0.8660254037844384,5.0,0.9,3.13333333333333,2.93333333333333,1.23333333333333,2.5333333333333328,2.173323108360366,0.9,5.0,4.438888888888892,4.241352858944226,0.9,12.6,-3.3,0.7999999999999999
2023-11-08 17:00:00,5.5,17,2,8,11,2023,4,45,0,-0.9659258262890683,-0.25881904510252063,0.9749279121818236,-0.22252093395631434,-0.5000000000000004,0.8660254037844384,1.7,5.0,0.9,3.3,1.23333333333333,4.066666666666666,2.0647840887931093,1.7,5.5,4.805555555555558,4.2182364227860445,0.9,12.6,3.8,0.5
2023-11-09 07:00:00,2.53333333333333,7,3,9,11,2023,4,45,0,0.9659258262890683,-0.25881904510252063,0.43388373911755823,-0.900968867902419,-0.5000000000000004,0.8660254037844384,5.5,1.7,5.0,12.6,5.23333333333333,3.244444444444443,1.9973130098357401,1.7,5.5,3.1277777777777804,1.8159070787126848,0.9,5.5,-2.96666666666667,0.8333333333333302
2023-11-12 08:00:00,1.06666666666667,8,6,12,11,2023,4,45,1,0.8660254037844387,-0.4999999999999998,-0.7818314824680299,0.6234898018587334,-0.5000000000000004,0.8660254037844384,2.53333333333333,5.5,1.7,3.13333333333333,13.6,3.033333333333333,2.2585639488646194,1.06666666666667,5.5,2.783333333333337,2.0011940879829977,0.9,5.5,-1.4666666666666601,-4.43333333333333
2023-11-12 12:00:00,3.93333333333333,12,6,12,11,2023,4,45,1,1.2246467991473532e-16,-1.0,-0.7818314824680299,0.6234898018587334,-0.5000000000000004,0.8660254037844384,1.06666666666667,2.53333333333333,5.5,0.9,2.0,2.5111111111111093,1.4334625264772816,1.06666666666667,3.93333333333333,3.288888888888892,1.803658832813317,1.06666666666667,5.5,2.86666666666666,1.4
2023-11-17 12:00:00,5.66666666666667,12,4,17,11,2023,4,46,0,1.2246467991473532e-16,-1.0,-0.433883739117558,-0.9009688679024191,-0.5000000000000004,0.8660254037844384,3.93333333333333,1.06666666666667,2.53333333333333,5.0,2.63333333333333,3.555555555555556,2.3231523921251664,1.06666666666667,5.66666666666667,3.4000000000000035,1.945136384821349,1.06666666666667,5.66666666666667,1.7333333333333396,4.6
2023-11-20 07:00:00,1.33333333333333,7,0,20,11,2023,4,47,0,0.9659258262890683,-0.25881904510252063,0.0,1.0,-0.5000000000000004,0.8660254037844384,5.66666666666667,3.93333333333333,1.06666666666667,1.7,2.93333333333333,3.6444444444444426,2.181063281300408,1.33333333333333,5.66666666666667,3.338888888888892,2.0137766252235156,1.06666666666667,5.66666666666667,-4.333333333333339,-2.6
2023-11-21 01:00:00,0.0,1,1,21,11,2023,4,47,0,0.25881904510252074,0.9659258262890683,0.7818314824680298,0.6234898018587336,-0.5000000000000004,0.8660254037844384,1.33333333333333,5.66666666666667,3.93333333333333,5.5,3.3,2.3333333333333326,2.962731472438502,0.0,5.66666666666667,2.422222222222225,2.0838710417199175,0.0,5.66666666666667,-1.33333333333333,-5.66666666666667
2023-11-21 09:00:00,1.26666666666667,9,1,21,11,2023,4,47,0,0.7071067811865476,-0.7071067811865475,0.7818314824680298,0.6234898018587336,-0.5000000000000004,0.8660254037844384,0.0,1.33333333333333,5.66666666666667,2.53333333333333,12.6,0.8666666666666659,0.7512951779721698,0.0,1.33333333333333,2.2111111111111152,2.1339235294709997,0.0,5.66666666666667,1.26666666666667,-0.06666666666665999
2023-11-23 12:00:00,3.4,12,3,23,11,2023,4,47,0,1.2246467991473532e-16,-1.0,0.43388373911755823,-0.900968867902419,-0.5000000000000004,0.8660254037844384,1.26666666666667,0.0,1.33333333333333,1.06666666666667,3.13333333333333,1.555555555555556,1.718310970864237,0.0,3.4,2.6000000000000036,2.095921966316786,0.0,5.66666666666667,2.13333333333333,3.4
2023-11-25 12:00:00,3.06666666666667,12,5,25,11,2023,4,47,1,1.2246467991473532e-16,-1.0,-0.9749279121818236,-0.2225209339563146,-0.5000000000000004,0.8660254037844384,3.4,1.26666666666667,0.0,3.93333333333333,0.9,2.5777777777777793,1.1476223407710664,1.26666666666667,3.4,2.45555555555556,2.013914559223452,0.0,5.66666666666667,-0.33333333333332993,1.8
2023-11-25 18:00:00,15.4,18,5,25,11,2023,4,47,1,-1.0,-1.8369701987210297e-16,-0.9749279121818236,-0.2225209339563146,-0.5000000000000004,0.8660254037844384,3.06666666666667,3.4,1.26666666666667,5.66666666666667,5.0,7.288888888888889,7.026405223894384,3.06666666666667,15.4,4.077777777777782,5.687478123686078,0.0,15.4,12.33333333333333,12.0
2023-11-29 09:00:00,18.4333333333333,9,2,29,11,2023,4,48,0,0.7071067811865476,-0.7071067811865475,0.9749279121818236,-0.22252093395631434,-0.5000000000000004,0.8660254037844384,15.4,3.06666666666667,3.4,1.33333333333333,1.7,12.29999999999999,8.138864239628951,3.06666666666667,18.4333333333333,6.927777777777777,7.893694154665956,0.0,18.4333333333333,3.0333333333333012,15.366666666666632
2023-12-08 08:00:00,1.4,8,4,8,12,2023,4,49,0,0.8660254037844387,-0.4999999999999998,-0.433883739117558,-0.9009688679024191,-2.4492935982947064e-16,1.0,18.4333333333333,15.4,3.06666666666667,0.0,5.5,11.744444444444433,9.086029161626422,1.4,18.4333333333333,7.1611111111111105,7.665345296757256,1.26666666666667,18.4333333333333,-17.033333333333303,-14.0
2023-12-12 07:00:00,18.0666666666667,7,1,12,12,2023,4,50,0,0.9659258262890683,-0.25881904510252063,0.7818314824680298,0.6234898018587336,-2.4492935982947064e-16,1.0,1.4,18.4333333333333,15.4,1.26666666666667,2.53333333333333,12.633333333333331,9.730079364755689,1.4,18.4333333333333,9.961111111111114,8.13553021332058,1.4,18.4333333333333,16.6666666666667,-0.3666666666666032
2023-12-12 12:00:00,3.4,12,1,12,12,2023,4,50,0,1.2246467991473532e-16,-1.0,0.7818314824680298,0.6234898018587336,-2.4492935982947064e-16,1.0,18.0666666666667,1.4,18.4333333333333,3.4,1.06666666666667,7.622222222222231,9.100264546419245,1.4,18.0666666666667,9.961111111111114,8.13553021332058,1.4,18.4333333333333,-14.666666666666698,2.0
2023-12-13 17:00:00,3.93333333333333,17,2,13,12,2023,4,50,0,-0.9659258262890683,-0.25881904510252063,0.9749279121818236,-0.22252093395631434,-2.4492935982947064e-16,1.0,3.4,18.0666666666667,1.4,3.06666666666667,3.93333333333333,8.466666666666674,8.318119445590535,3.4,18.0666666666667,10.105555555555558,7.995121197515591,1.4,18.4333333333333,0.5333333333333301,-14.133333333333368
2023-12-18 12:00:00,14.0,12,0,18,12,2023,4,51,0,1.2246467991473532e-16,-1.0,0.0,1.0,-2.4492935982947064e-16,1.0,3.93333333333333,3.4,18.0666666666667,15.4,5.66666666666667,7.11111111111111,5.971909552538754,3.4,14.0,9.872222222222225,7.82839324131976,1.4,18.4333333333333,10.06666666666667,10.6
2023-12-23 07:00:00,30.1,7,5,23,12,2023,4,51,1,0.9659258262890683,-0.25881904510252063,-0.9749279121818236,-0.2225209339563146,-2.4492935982947064e-16,1.0,14.0,3.93333333333333,3.4,18.4333333333333,1.33333333333333,16.01111111111111,13.198751343859662,3.93333333333333,30.1,11.816666666666675,11.131970974529983,1.4,30.1,16.1,26.16666666666667
2023-12-23 12:00:00,1.76666666666667,12,5,23,12,2023,4,51,1,1.2246467991473532e-16,-1.0,-0.9749279121818236,-0.2225209339563146,-2.4492935982947064e-16,1.0,30.1,14.0,3.93333333333333,1.4,0.0,15.288888888888891,14.210572485666104,1.76666666666667,30.1,11.877777777777785,11.064149646828156,1.76666666666667,30.1,-28.333333333333332,-12.23333333333333
2023-12-24 12:00:00,1.7,12,6,24,12,2023,4,51,1,1.2246467991473532e-16,-1.0,-0.7818314824680299,0.6234898018587334,-2.4492935982947064e-16,1.0,1.76666666666667,30.1,14.0,18.0666666666667,1.26666666666667,11.18888888888889,16.377536557849712,1.7,30.1,9.150000000000004,11.249153054539024,1.7,30.1,-0.06666666666666998,-28.400000000000002
2023-12-25 08:00:00,1.13333333333333,8,0,25,12,2023,4,52,0,0.8660254037844387,-0.4999999999999998,0.0,1.0,-2.4492935982947064e-16,1.0,1.7,1.76666666666667,30.1,3.4,3.4,1.5333333333333332,0.3480102169635446,1.13333333333333,1.76666666666667,8.772222222222226,11.515775009701878,1.13333333333333,30.1,-0.56666666666667,-0.63333333333334
2023-12-27 16:00:00,2.93333333333333,16,2,27,12,2023,4,52,0,-0.8660254037844385,-0.5000000000000004,0.9749279121818236,-0.22252093395631434,-2.4492935982947064e-16,1.0,1.13333333333333,1.7,1.76666666666667,3.93333333333333,3.06666666666667,1.9222222222222198,0.9203461506612303,1.13333333333333,2.93333333333333,8.60555555555556,11.606691875650723,1.13333333333333,30.1,1.8,1.23333333333333
2023-12-29 10:00:00,0.7,10,4,29,12,2023,4,52,0,0.49999999999999994,-0.8660254037844387,-0.433883739117558,-0.9009688679024191,-2.4492935982947064e-16,1.0,2.93333333333333,1.13333333333333,1.7,14.0,15.4,1.5888888888888866,1.1843110202106923,0.7,2.93333333333333,6.388888888888892,11.640383091570431,0.7,30.1,-2.23333333333333,-0.43333333333333
2023-12-30 09:00:00,2.0,9,5,30,12,2023,4,52,1,0.7071067811865476,-0.7071067811865475,-0.9749279121818236,-0.2225209339563146,-2.4492935982947064e-16,1.0,0.7,2.93333333333333,1.13333333333333,30.1,18.4333333333333,1.8777777777777767,1.121672032346377,0.7,2.93333333333333,1.7055555555555586,0.7663525926730106,0.7,2.93333333333333,1.3,-0.93333333333333
2023-12-30 12:00:00,3.7,12,5,30,12,2023,4,52,1,1.2246467991473532e-16,-1.0,-0.9749279121818236,-0.2225209339563146,-2.4492935982947064e-16,1.0,2.0,0.7,2.93333333333333,1.76666666666667,1.4,2.1333333333333333,1.5044378795195383,0.7,3.7,2.0277777777777803,1.1213913315693413,0.7,3.7,1.7000000000000002,3.0
2023-12-31 01:00:00,0.0666666666666667,1,6,31,12,2023,4,52,1,0.25881904510252074,0.9659258262890683,-0.7818314824680299,0.6234898018587334,-2.4492935982947064e-16,1.0,3.7,2.0,0.7,1.7,18.0666666666667,1.9222222222222223,1.817914963581829,0.0666666666666667,3.7,1.755555555555558,1.3843035419649277,0.0666666666666667,3.7,-3.6333333333333333,-1.9333333333333333
2023-12-31 13:00:00,1.16666666666667,13,6,31,12,2023,4,52,1,-0.2588190451025208,-0.9659258262890683,-0.7818314824680299,0.6234898018587334,-2.4492935982947064e-16,1.0,0.0666666666666667,3.7,2.0,1.13333333333333,3.4,1.6444444444444457,1.8631912090500489,0.0666666666666667,3.7,1.7611111111111146,1.3813707631137744,0.0666666666666667,3.7,1.1000000000000034,-2.53333333333333
2024-01-01 01:00:00,0.0,1,0,1,1,2024,1,1,0,0.25881904510252074,0.9659258262890683,0.0,1.0,0.49999999999999994,0.8660254037844387,1.16666666666667,0.0666666666666667,3.7,2.93333333333333,3.93333333333333,0.41111111111111226,0.6551787994579352,0.0,1.16666666666667,1.2722222222222264,1.402444955016849,0.0,3.7,-1.16666666666667,-0.0666666666666667
2024-01-02 01:00:00,0.0,1,1,2,1,2024,1,1,0,0.25881904510252074,0.9659258262890683,0.7818314824680298,0.6234898018587336,0.49999999999999994,0.8660254037844387,0.0,1.16666666666667,0.0666666666666667,0.7,14.0,0.38888888888889,0.6735753140544756,0.0,1.16666666666667,1.1555555555555597,1.4861832796600505,0.0,3.7,0.0,-1.16666666666667
2024-01-03 01:00:00,0.00333333333333333,1,2,3,1,2024,1,1,0,0.25881904510252074,0.9659258262890683,0.9749279121818236,-0.22252093395631434,0.49999999999999994,0.8660254037844387,0.0,0.0,1.16666666666667,2.0,30.1,0.00111111111111111,0.0019245008640031962,0.0,0.00333333333333333,0.8227777777777819,1.4828207603779286,0.0,3.7,0.00333333333333333,0.00333333333333333
2024-01-03 08:00:00,2.73333333333333,8,2,3,1,2024,1,1,0,0.8660254037844387,-0.4999999999999998,0.9749279121818236,-0.22252093395631434,0.49999999999999994,0.8660254037844387,0.00333333333333333,0.0,0.0,3.7,1.76666666666667,0.912222222222221,1.5771293659801404,0.0,2.73333333333333,0.6616666666666702,1.1144380746468574,0.0,2.73333333333333,2.7299999999999964,2.73333333333333
2024-01-03 15:00:00,2.46666666666667,15,2,3,1,2024,1,1,0,-0.7071067811865471,-0.7071067811865479,0.9749279121818236,-0.22252093395631434,0.49999999999999994,0.8660254037844387,2.73333333333333,0.00333333333333333,0.0,0.0666666666666667,1.7,1.7344444444444445,1.5051036632195605,0.00333333333333333,2.73333333333333,1.0616666666666708,1.2770169232326511,0.0,2.73333333333333,-0.26666666666665995,2.4633333333333365
2024-01-04 01:00:00,0.0,1,3,4,1,2024,1,1,0,0.25881904510252074,0.9659258262890683,0.43388373911755823,-0.900968867902419,0.49999999999999994,0.8660254037844387,2.46666666666667,2.73333333333333,0.00333333333333333,1.16666666666667,1.13333333333333,1.7333333333333334,1.5070206073942767,0.0,2.73333333333333,0.8672222222222258,1.3448509486461477,0.0,2.73333333333333,-2.46666666666667,-2.73333333333333
2024-01-04 11:00:00,1.16666666666667,11,3,4,1,2024,1,1,0,0.258819045102521,-0.9659258262890682,0.43388373911755823,-0.900968867902419,0.49999999999999994,0.8660254037844387,0.0,2.46666666666667,2.73333333333333,0.0,2.93333333333333,1.2111111111111132,1.2339337877667875,0.0,2.46666666666667,1.0616666666666708,1.2770169232326511,0.0,2.73333333333333,1.16666666666667,-1.2999999999999998
2024-01-04 17:00:00,0.2,17,3,4,1,2024,1,1,0,-0.9659258262890683,-0.25881904510252063,0.43388373911755823,-0.900968867902419,0.49999999999999994,0.8660254037844387,1.16666666666667,0.0,2.46666666666667,0.0,0.7,0.45555555555555666,0.6239064507273049,0.0,1.16666666666667,1.095000000000004,1.2459958088035126,0.0,2.73333333333333,-0.9666666666666701,0.2
2024-01-05 01:00:00,0.0333333333333333,1,4,5,1,2024,1,1,0,0.25881904510252074,0.9659258262890683,-0.433883739117558,-0.9009688679024191,0.49999999999999994,0.8660254037844387,0.2,1.16666666666667,0.0,0.00333333333333333,2.0,0.46666666666666784,0.611918658356099,0.0333333333333333,1.16666666666667,1.1000000000000039,1.2407882799075431,0.0,2.73333333333333,-0.1666666666666667,-1.1333333333333369
2024-01-05 07:00:00,1.06666666666667,7,4,5,1,2024,1,1,0,0.9659258262890683,-0.25881904510252063,-0.433883739117558,-0.9009688679024191,0.49999999999999994,0.8660254037844387,0.0333333333333333,0.2,1.16666666666667,2.73333333333333,3.7,0.43333333333333446,0.554777232569669,0.0333333333333333,1.06666666666667,0.8222222222222274,0.9558397510200147,0.0,2.46666666666667,1.0333333333333368,0.86666666666667
2024-01-05 16:00:00,1.13333333333333,16,4,5,1,2024,1,1,0,-0.8660254037844385,-0.5000000000000004,-0.433883739117558,-0.9009688679024191,0.49999999999999994,0.8660254037844387,1.06666666666667,0.0333333333333333,0.2,2.46666666666667,0.0666666666666667,0.7444444444444445,0.6167417371722597,0.0333333333333333,1.13333333333333,0.6000000000000041,0.5769652406248285,0.0,1.16666666666667,0.06666666666665999,1.0999999999999968
2024-01-06 01:00:00,0.0,1,5,6,1,2024,1,1,1,0.25881904510252074,0.9659258262890683,-0.9749279121818236,-0.2225209339563146,0.49999999999999994,0.8660254037844387,1.13333333333333,1.06666666666667,0.0333333333333333,0.0,1.16666666666667,0.7333333333333334,0.6359594676112074,0.0,1.13333333333333,0.6000000000000041,0.5769652406248285,0.0,1.16666666666667,-1.13333333333333,-1.06666666666667
2024-01-06 08:00:00,1.43333333333333,8,5,6,1,2024,1,1,1,0.8660254037844387,-0.4999999999999998,-0.9749279121818236,-0.2225209339563146,0.49999999999999994,0.8660254037844387,0.0,1.13333333333333,1.06666666666667,1.16666666666667,0.0,0.8555555555555534,0.755963941918771,0.0,1.43333333333333,0.6444444444444475,0.6365415816626275,0.0,1.43333333333333,1.43333333333333,0.30000000000000004
2024-01-06 11:00:00,0.266666666666667,11,5,6,1,2024,1,1,1,0.258819045102521,-0.9659258262890682,-0.9749279121818236,-0.2225209339563146,0.49999999999999994,0.8660254037844387,1.43333333333333,0.0,1.13333333333333,0.2,0.0,0.5666666666666657,0.7623064417352061,0.0,1.43333333333333,0.6555555555555586,0.6277531951925438,0.0,1.43333333333333,-1.166666666666663,0.266666666666667
2024-01-06 15:00:00,5.08333333333333,15,5,6,1,2024,1,1,1,-0.7071067811865471,-0.7071067811865479,-0.9749279121818236,-0.2225209339563146,0.49999999999999994,0.8660254037844387,0.266666666666667,1.43333333333333,0.0,0.0333333333333333,0.00333333333333333,2.2611111111111093,2.5127637138181913,0.266666666666667,5.08333333333333,1.4972222222222247,1.8405439010934246,0.0,5.08333333333333,4.816666666666664,3.6500000000000004
2024-01-07 01:00:00,0.0333333333333333,1,6,7,1,2024,1,1,1,0.25881904510252074,0.9659258262890683,-0.7818314824680299,0.6234898018587334,0.49999999999999994,0.8660254037844387,5.08333333333333,0.266666666666667,1.43333333333333,1.06666666666667,2.73333333333333,1.7944444444444436,2.8506496985255136,0.0333333333333333,5.08333333333333,1.325000000000002,1.9348198308313185,0.0,5.08333333333333,-5.049999999999997,-0.2333333333333337
2024-01-07 18:00:00,0.0,18,6,7,1,2024,1,1,1,-1.0,-1.8369701987210297e-16,-0.7818314824680299,0.6234898018587334,0.49999999999999994,0.8660254037844387,0.0333333333333333,5.08333333333333,0.266666666666667,1.13333333333333,2.46666666666667,1.7055555555555548,2.9252888429717006,0.0,5.08333333333333,1.1361111111111135,2.0110919274715164,0.0,5.08333333333333,-0.0333333333333333,-5.08333333333333
2024-01-08 01:00:00,0.0,1,0,8,1,2024,1,2,0,0.25881904510252074,0.9659258262890683,0.0,1.0,0.49999999999999994,0.8660254037844387,0.0,0.0333333333333333,5.08333333333333,0.0,0.0,0.011111111111111396,0.019245008969732438,0.0,0.0333333333333333,1.1361111111111135,2.0110919274715164,0.0,5.08333333333333,0.0,-0.0333333333333333
2024-01-09 01:00:00,0.0,1,1,9,1,2024,1,2,0,0.25881904510252074,0.9659258262890683,0.7818314824680298,0.6234898018587336,0.49999999999999994,0.8660254037844387,0.0,0.0,0.0333333333333333,1.43333333333333,1.16666666666667,0.0,0.0,0.0,0.0,0.8972222222222253,2.053409540432961,0.0,5.08333333333333,0.0,0.0
2024-01-09 15:00:00,0.8,15,1,9,1,2024,1,2,0,-0.7071067811865471,-0.7071067811865479,0.7818314824680298,0.6234898018587336,0.49999999999999994,0.8660254037844387,0.0,0.0,0.0,0.266666666666667,0.2,0.266666666666667,0.4618802153515699,0.0,0.8,0.9861111111111142,2.032087505406692,0.0,5.08333333333333,0.8,0.8
2024-01-10 01:00:00,0.0,1,2,10,1,2024,1,2,0,0.25881904510252074,0.9659258262890683,0.9749279121818236,-0.22252093395631434,0.49999999999999994,0.8660254037844387,0.8,0.0,0.0,5.08333333333333,0.0333333333333333,0.266666666666667,0.46188021535156987,0.0,0.8,0.13888888888889245,0.32415131354733295,0.0,0.8,-0.8,0.0
2024-01-10 12:00:00,0.933333333333333,12,2,10,1,2024,1,2,0,1.2246467991473532e-16,-1.0,0.9749279121818236,-0.22252093395631434,0.49999999999999994,0.8660254037844387,0.0,0.8,0.0,0.0333333333333333,1.06666666666667,0.577777777777778,0.50479185295991,0.0,0.933333333333333,0.28888888888889236,0.4495264998578589,0.0,0.933333333333333,0.933333333333333,0.13333333333333297
2024-01-10 15:00:00,1.0,15,2,10,1,2024,1,2,0,-0.7071067811865471,-0.7071067811865479,0.9749279121818236,-0.22252093395631434,0.49999999999999994,0.8660254037844387,0.933333333333333,0.0,0.8,0.0,1.13333333333333,0.6444444444444446,0.5590998055736368,0.0,1.0,0.45555555555555904,0.5031751039007839,0.0,1.0,0.06666666666666698,1.0
2024-01-11 01:00:00,0.0,1,3,11,1,2024,1,2,0,0.25881904510252074,0.9659258262890683,0.43388373911755823,-0.900968867902419,0.49999999999999994,0.8660254037844387,1.0,0.933333333333333,0.0,0.0,0.0,0.6444444444444446,0.5590998055736368,0.0,1.0,0.45555555555555904,0.5031751039007839,0.0,1.0,-1.0,-0.933333333333333
2024-01-12 01:00:00,0.00333333333333333,1,4,12,1,2024,1,2,0,0.25881904510252074,0.9659258262890683,-0.433883739117558,-0.9009688679024191,0.49999999999999994,0.8660254037844387,0.0,1.0,0.933333333333333,0.0,1.43333333333333,0.33444444444444477,0.5763904283780278,0.0,1.0,0.45611111111111463,0.5025730092533911,0.0,1.0,0.00333333333333333,-0.9966666666666667
2024-01-14 09:00:00,1.2,9,6,14,1,2024,1,2,1,0.7071067811865476,-0.7071067811865475,-0.7818314824680299,0.6234898018587334,0.49999999999999994,0.8660254037844387,0.00333333333333333,0.0,1.0,0.8,0.266666666666667,0.4011111111111114,0.6918600800525002,0.0,1.2,0.5227777777777812,0.578159596062278,0.0,1.2,1.1966666666666665,1.2
2024-01-15 09:00:00,1.43333333333333,9,0,15,1,2024,1,3,0,0.7071067811865476,-0.7071067811865475,0.0,1.0,0.49999999999999994,0.8660254037844387,1.2,0.00333333333333333,0.0,0.0,5.08333333333333,0.878888888888888,0.7671761592093094,0.00333333333333333,1.43333333333333,0.7616666666666697,0.6139625395741757,0.0,1.43333333333333,0.23333333333333006,1.4299999999999966
2024-01-20 16:00:00,2.46666666666667,16,5,20,1,2024,1,3,1,-0.8660254037844385,-0.5000000000000004,-0.9749279121818236,-0.2225209339563146,0.49999999999999994,0.8660254037844387,1.43333333333333,1.2,0.00333333333333333,0.933333333333333,0.0333333333333333,1.7000000000000004,0.6741249472051549,1.2,2.46666666666667,1.0172222222222258,0.9349282008481229,0.0,2.46666666666667,1.0333333333333399,1.26666666666667
2024-01-21 08:00:00,1.16666666666667,8,6,21,1,2024,1,3,1,0.8660254037844387,-0.4999999999999998,-0.7818314824680299,0.6234898018587334,0.49999999999999994,0.8660254037844387,2.46666666666667,1.43333333333333,1.2,1.0,0.0,1.6888888888888902,0.6866450913546153,1.16666666666667,2.46666666666667,1.0450000000000041,0.9367882483371518,0.0,2.46666666666667,-1.2999999999999998,-0.26666666666665995
2024-01-23 12:00:00,4.8,12,1,23,1,2024,1,4,0,1.2246467991473532e-16,-1.0,0.7818314824680298,0.6234898018587336,0.49999999999999994,0.8660254037844387,1.16666666666667,2.46666666666667,1.43333333333333,0.0,0.0,2.8111111111111136,1.8409940953895472,1.16666666666667,4.8,1.8450000000000042,1.6465637619668936,0.00333333333333333,4.8,3.6333333333333298,2.33333333333333
2024-01-24 07:00:00,17.4,7,2,24,1,2024,1,4,0,0.9659258262890683,-0.25881904510252063,0.9749279121818236,-0.22252093395631434,0.49999999999999994,0.8660254037844387,4.8,1.16666666666667,2.46666666666667,0.00333333333333333,0.0,7.7888888888888905,8.519411386379362,1.16666666666667,17.4,4.744444444444448,6.351086229637932,1.16666666666667,17.4,12.599999999999998,16.233333333333327
2024-01-24 08:00:00,1.33333333333333,8,2,24,1,2024,1,4,0,0.8660254037844387,-0.4999999999999998,0.9749279121818236,-0.22252093395631434,0.49999999999999994,0.8660254037844387,17.4,4.8,1.16666666666667,1.2,0.8,7.844444444444442,8.454935004240182,1.33333333333333,17.4,4.76666666666667,6.3364203003133,1.16666666666667,17.4,-16.06666666666667,-3.46666666666667
2024-01-24 09:00:00,17.4,9,2,24,1,2024,1,4,0,0.7071067811865476,-0.7071067811865475,0.9749279121818236,-0.22252093395631434,0.49999999999999994,0.8660254037844387,1.33333333333333,17.4,4.8,1.43333333333333,0.0,12.044444444444443,9.276094324979992,1.33333333333333,17.4,7.427777777777782,7.83265008840607,1.16666666666667,17.4,16.06666666666667,0.0
2024-01-24 11:00:00,3.86666666666667,11,2,24,1,2024,1,4,0,0.258819045102521,-0.9659258262890682,0.9749279121818236,-0.22252093395631434,0.49999999999999994,0.8660254037844387,17.4,1.33333333333333,17.4,2.46666666666667,0.933333333333333,7.533333333333332,8.638158239913054,1.33333333333333,17.4,7.661111111111115,7.674558739878929,1.16666666666667,17.4,-13.533333333333328,2.53333333333334
2024-01-24 15:00:00,2.2,15,2,24,1,2024,1,4,0,-0.7071067811865471,-0.7071067811865479,0.9749279121818236,-0.22252093395631434,0.49999999999999994,0.8660254037844387,3.86666666666667,17.4,1.33333333333333,1.16666666666667,1.0,7.822222222222223,8.336355007724586,2.2,17.4,7.833333333333336,7.509490291920261,1.33333333333333,17.4,-1.6666666666666696,-15.2
2024-01-28 12:00:00,0.933333333333333,12,6,28,1,2024,1,4,1,1.2246467991473532e-16,-1.0,-0.7818314824680299,0.6234898018587334,0.49999999999999994,0.8660254037844387,2.2,3.86666666666667,17.4,4.8,0.0,2.3333333333333344,1.471205099380905,0.933333333333333,3.86666666666667,7.188888888888893,7.973446673293305,0.933333333333333,17.4,-1.266666666666667,-2.9333333333333367
2024-01-29 09:00:00,3.73333333333333,9,0,29,1,2024,1,5,0,0.7071067811865476,-0.7071067811865475,0.0,1.0,0.49999999999999994,0.8660254037844387,0.933333333333333,2.2,3.86666666666667,17.4,0.00333333333333333,2.288888888888888,1.402114804830849,0.933333333333333,3.73333333333333,4.911111111111114,6.235763043985956,0.933333333333333,17.4,2.7999999999999967,1.5333333333333297
2024-01-30 09:00:00,0.266666666666667,9,1,30,1,2024,1,5,0,0.7071067811865476,-0.7071067811865475,0.7818314824680298,0.6234898018587336,0.49999999999999994,0.8660254037844387,3.73333333333333,0.933333333333333,2.2,1.33333333333333,1.2,1.6444444444444433,1.8394846299177428,0.266666666666667,3.73333333333333,4.733333333333337,6.3718826800945685,0.266666666666667,17.4,-3.466666666666663,-0.6666666666666661
2024-02-02 17:00:00,4.83333333333333,17,4,2,2,2024,1,5,0,-0.9659258262890683,-0.25881904510252063,-0.433883739117558,-0.9009688679024191,0.8660254037844386,0.5000000000000001,0.266666666666667,3.73333333333333,0.933333333333333,17.4,1.43333333333333,2.9444444444444424,2.3833527582735834,0.266666666666667,4.83333333333333,2.638888888888892,1.802765365476953,0.266666666666667,4.83333333333333,4.566666666666664,1.1000000000000005
2024-02-04 07:00:00,1.01666666666667,7,6,4,2,2024,1,5,1,0.9659258262890683,-0.25881904510252063,-0.7818314824680299,0.6234898018587334,0.8660254037844386,0.5000000000000001,4.83333333333333,0.266666666666667,3.73333333333333,3.86666666666667,2.46666666666667,2.038888888888889,2.448941570314557,0.266666666666667,4.83333333333333,2.163888888888892,1.7899849989026693,0.266666666666667,4.83333333333333,-3.81666666666666,0.7500000000000029
2024-02-05 08:00:00,2.6,8,0,5,2,2024,1,6,0,0.8660254037844387,-0.4999999999999998,0.0,1.0,0.8660254037844386,0.5000000000000001,1.01666666666667,4.83333333333333,0.266666666666667,2.2,1.16666666666667,2.8166666666666664,1.9175360347186097,1.01666666666667,4.83333333333333,2.2305555555555583,1.7990249416673,0.266666666666667,4.83333333333333,1.5833333333333302,-2.2333333333333303
2024-02-05 10:00:00,2.03333333333333,10,0,5,2,2024,1,6,0,0.49999999999999994,-0.8660254037844387,0.0,1.0,0.8660254037844386,0.5000000000000001,2.6,1.01666666666667,4.83333333333333,0.933333333333333,4.8,1.8833333333333335,0.8022537697705323,1.01666666666667,2.6,2.4138888888888914,1.6933338801399798,0.266666666666667,4.83333333333333,-0.56666666666667,1.0166666666666602
2024-02-05 19:00:00,0.633333333333333,19,0,5,2,2024,1,6,0,-0.9659258262890684,0.2588190451025203,0.0,1.0,0.8660254037844386,0.5000000000000001,2.03333333333333,2.6,1.01666666666667,3.73333333333333,17.4,1.7555555555555544,1.0123313759904586,0.633333333333333,2.6,1.8972222222222255,1.6831325512821278,0.266666666666667,4.83333333333333,-1.3999999999999972,-1.9666666666666672
2024-02-08 07:00:00,8.2,7,3,8,2,2024,1,6,0,0.9659258262890683,-0.25881904510252063,0.43388373911755823,-0.900968867902419,0.8660254037844386,0.5000000000000001,0.633333333333333,2.03333333333333,2.6,0.266666666666667,1.33333333333333,3.6222222222222213,4.025796447541404,0.633333333333333,8.2,3.219444444444447,2.8545172128608365,0.633333333333333,8.2,7.566666666666666,6.16666666666667
2024-02-08 10:00:00,2.03333333333333,10,3,8,2,2024,1,6,0,0.49999999999999994,-0.8660254037844387,0.43388373911755823,-0.900968867902419,0.8660254037844386,0.5000000000000001,8.2,0.633333333333333,2.03333333333333,4.83333333333333,17.4,3.6222222222222213,4.025796447541404,0.633333333333333,8.2,2.7527777777777804,2.765389598163326,0.633333333333333,8.2,-6.16666666666667,1.3999999999999972
2024-02-10 08:00:00,1.26666666666667,8,5,10,2,2024,1,6,1,0.8660254037844387,-0.4999999999999998,-0.9749279121818236,-0.2225209339563146,0.8660254037844386,0.5000000000000001,2.03333333333333,8.2,0.633333333333333,1.01666666666667,3.86666666666667,3.833333333333334,3.801023254043274,1.26666666666667,8.2,2.7944444444444474,2.735723886868972,0.633333333333333,8.2,-0.7666666666666602,-6.933333333333329
2024-02-10 11:00:00,0.333333333333333,11,5,10,2,2024,1,6,1,0.258819045102521,-0.9659258262890682,-0.9749279121818236,-0.2225209339563146,0.8660254037844386,0.5000000000000001,1.26666666666667,2.03333333333333,8.2,2.6,2.2,1.2111111111111115,0.8513605668661903,0.333333333333333,2.03333333333333,2.416666666666669,2.9183518940967477,0.333333333333333,8.2,-0.9333333333333369,-1.699999999999997
2024-02-10 13:00:00,2.13333333333333,13,5,10,2,2024,1,6,1,-0.2588190451025208,-0.9659258262890683,-0.9749279121818236,-0.2225209339563146,0.8660254037844386,0.5000000000000001,0.333333333333333,1.26666666666667,2.03333333333333,2.03333333333333,0.933333333333333,1.244444444444445,0.9002057378012409,0.333333333333333,2.13333333333333,2.433333333333336,2.916009449763736,0.333333333333333,8.2,1.7999999999999972,0.8666666666666603
2024-02-14 07:00:00,8.4,7,2,14,2,2024,1,7,0,0.9659258262890683,-0.25881904510252063,0.9749279121818236,-0.22252093395631434,0.8660254037844386,0.5000000000000001,2.13333333333333,0.333333333333333,1.26666666666667,0.633333333333333,3.73333333333333,3.622222222222222,4.234426805409478,0.333333333333333,8.4,3.727777777777781,3.600642946701312,0.333333333333333,8.4,6.26666666666667,8.066666666666668
2024-02-14 08:00:00,3.8,8,2,14,2,2024,1,7,0,0.8660254037844387,-0.4999999999999998,0.9749279121818236,-0.22252093395631434,0.8660254037844386,0.5000000000000001,8.4,2.13333333333333,0.333333333333333,8.2,0.266666666666667,4.777777777777778,3.2457379461094487,2.13333333333333,8.4,2.9944444444444476,2.884473120898421,0.333333333333333,8.4,-4.6000000000000005,1.6666666666666696
2024-02-14 14:00:00,8.43333333333333,14,2,14,2,2024,1,7,0,-0.4999999999999997,-0.8660254037844388,0.9749279121818236,-0.22252093395631434,0.8660254037844386,0.5000000000000001,3.8,8.4,2.13333333333333,2.03333333333333,4.83333333333333,6.877777777777777,2.6654858496744636,3.8,8.43333333333333,4.0611111111111144,3.5617983389585204,0.333333333333333,8.43333333333333,4.63333333333333,0.03333333333332966
2024-02-23 15:00:00,3.93333333333333,15,4,23,2,2024,1,8,0,-0.7071067811865471,-0.7071067811865479,-0.433883739117558,-0.9009688679024191,0.8660254037844386,0.5000000000000001,8.43333333333333,3.8,8.4,1.26666666666667,1.01666666666667,5.388888888888888,2.6374089417316164,3.8,8.43333333333333,4.505555555555557,3.3001290659385,0.333333333333333,8.43333333333333,-4.5,0.1333333333333302
2024-02-26 08:00:00,1.36666666666667,8,0,26,2,2024,1,9,0,0.8660254037844387,-0.4999999999999998,0.0,1.0,0.8660254037844386,0.5000000000000001,3.93333333333333,8.43333333333333,3.8,0.333333333333333,2.6,4.5777777777777775,3.5771393495257993,1.36666666666667,8.43333333333333,4.67777777777778,3.056844172720709,1.36666666666667,8.43333333333333,-2.56666666666666,-7.06666666666666
2024-02-26 11:00:00,2.8,11,0,26,2,2024,1,9,0,0.258819045102521,-0.9659258262890682,0.0,1.0,0.8660254037844386,0.5000000000000001,1.36666666666667,3.93333333333333,8.43333333333333,2.13333333333333,2.03333333333333,2.7000000000000006,1.2862520921049514,1.36666666666667,3.93333333333333,4.788888888888892,2.956324043783446,1.36666666666667,8.43333333333333,1.4333333333333298,-1.1333333333333302
2024-02-27 16:00:00,16.7,16,1,27,2,2024,1,9,0,-0.8660254037844385,-0.5000000000000004,0.7818314824680298,0.6234898018587336,0.8660254037844386,0.5000000000000001,2.8,1.36666666666667,3.93333333333333,8.4,0.633333333333333,6.955555555555557,8.469312797344259,1.36666666666667,16.7,6.172222222222225,5.675421341839532,1.36666666666667,16.7,13.899999999999999,15.333333333333329
2024-02-27 17:00:00,4.53333333333333,17,1,27,2,2024,1,9,0,-0.9659258262890683,-0.25881904510252063,0.7818314824680298,0.6234898018587336,0.8660254037844386,0.5000000000000001,16.7,2.8,1.36666666666667,3.8,8.2,8.011111111111111,7.574543134982051,2.8,16.7,6.294444444444448,5.62175997221381,1.36666666666667,16.7,-12.16666666666667,1.7333333333333298
2024-02-28 16:00:00,1.33333333333333,16,2,28,2,2024,1,9,0,-0.8660254037844385,-0.5000000000000004,0.9749279121818236,-0.22252093395631434,0.8660254037844386,0.5000000000000001,4.53333333333333,16.7,2.8,8.43333333333333,2.03333333333333,7.522222222222221,8.10763243516279,1.33333333333333,16.7,5.111111111111113,5.825067159046981,1.33333333333333,16.7,-3.1999999999999997,-15.366666666666669
2024-02-29 08:00:00,1.06666666666667,8,3,29,2,2024,1,9,0,0.8660254037844387,-0.4999999999999998,0.43388373911755823,-0.900968867902419,0.8660254037844386,0.5000000000000001,1.33333333333333,4.53333333333333,16.7,3.93333333333333,1.26666666666667,2.31111111111111,1.9291141701520402,1.06666666666667,4.53333333333333,4.633333333333337,6.054052820677716,1.06666666666667,16.7,-0.26666666666665995,-3.4666666666666597
2024-02-29 15:00:00,2.4,15,3,29,2,2024,1,9,0,-0.7071067811865471,-0.7071067811865479,0.43388373911755823,-0.900968867902419,0.8660254037844386,0.5000000000000001,1.06666666666667,1.33333333333333,4.53333333333333,1.36666666666667,0.333333333333333,1.5999999999999999,0.7055336829504949,1.06666666666667,2.4,4.805555555555558,5.956449974296481,1.06666666666667,16.7,1.33333333333333,1.06666666666667
2024-02-29 19:00:00,0.733333333333333,19,3,29,2,2024,1,9,0,-0.9659258262890684,0.2588190451025203,0.43388373911755823,-0.900968867902419,0.8660254037844386,0.5000000000000001,2.4,1.06666666666667,1.33333333333333,2.8,2.13333333333333,1.400000000000001,0.881917103688145,0.733333333333333,2.4,4.461111111111115,6.152160114469903,0.733333333333333,16.7,-1.666666666666667,-0.33333333333333703
2024-03-01 09:00:00,2.2,9,4,1,3,2024,1,9,0,0.7071067811865476,-0.7071067811865475,-0.433883739117558,-0.9009688679024191,1.0,6.123233995736766e-17,0.733333333333333,2.4,1.06666666666667,16.7,8.4,1.7777777777777777,0.9100264546418767,0.733333333333333,2.4,2.0444444444444474,1.38028445806851,0.733333333333333,4.53333333333333,1.4666666666666672,-0.19999999999999973
2024-03-02 08:00:00,1.5,8,5,2,3,2024,1,9,1,0.8660254037844387,-0.4999999999999998,-0.9749279121818236,-0.2225209339563146,1.0,6.123233995736766e-17,2.2,0.733333333333333,2.4,4.53333333333333,3.8,1.4777777777777779,0.7335858151218979,0.733333333333333,2.2,1.5388888888888923,0.6471876480991864,0.733333333333333,2.4,-0.7000000000000002,0.766666666666667
2024-03-02 09:00:00,0.333333333333333,9,5,2,3,2024,1,9,1,0.7071067811865476,-0.7071067811865475,-0.9749279121818236,-0.2225209339563146,1.0,6.123233995736766e-17,1.5,2.2,0.733333333333333,1.33333333333333,8.43333333333333,1.3444444444444443,0.9430054396763409,0.333333333333333,2.2,1.3722222222222262,0.8171540495775855,0.333333333333333,2.4,-1.166666666666667,-1.8666666666666671
2024-03-02 10:00:00,1.9,10,5,2,3,2024,1,9,1,0.49999999999999994,-0.8660254037844387,-0.9749279121818236,-0.2225209339563146,1.0,6.123233995736766e-17,0.333333333333333,1.5,2.2,1.06666666666667,3.93333333333333,1.2444444444444442,0.8139979069951598,0.333333333333333,1.9,1.5111111111111146,0.8256086419302641,0.333333333333333,2.4,1.5666666666666669,0.3999999999999999
2024-03-03 07:00:00,0.666666666666667,7,6,3,3,2024,1,9,1,0.9659258262890683,-0.25881904510252063,-0.7818314824680299,0.6234898018587334,1.0,6.123233995736766e-17,1.9,0.333333333333333,1.5,2.4,1.36666666666667,0.9666666666666667,0.8252945602092719,0.333333333333333,1.9,1.2222222222222257,0.7523789431359588,0.333333333333333,2.2,-1.233333333333333,0.333333333333334
2024-03-04 08:00:00,0.633333333333333,8,0,4,3,2024,1,10,0,0.8660254037844387,-0.4999999999999998,0.0,1.0,1.0,6.123233995736766e-17,0.666666666666667,1.9,0.333333333333333,0.733333333333333,2.8,1.0666666666666667,0.7218802609235252,0.633333333333333,1.9,1.205555555555559,0.7663525926729841,0.333333333333333,2.2,-0.03333333333333399,-1.266666666666667
2024-03-05 10:00:00,8.4,10,1,5,3,2024,1,10,0,0.49999999999999994,-0.8660254037844387,0.7818314824680298,0.6234898018587336,1.0,6.123233995736766e-17,0.633333333333333,0.666666666666667,1.9,2.2,16.7,3.233333333333333,4.47449562644898,0.633333333333333,8.4,2.2388888888888925,3.0757414041472155,0.333333333333333,8.4,7.7666666666666675,7.733333333333333
2024-03-08 19:00:00,1.2,19,4,8,3,2024,1,10,0,-0.9659258262890684,0.2588190451025203,-0.433883739117558,-0.9009688679024191,1.0,6.123233995736766e-17,8.4,0.633333333333333,0.666666666666667,1.5,4.53333333333333,3.411111111111111,4.3297848719118806,0.633333333333333,8.4,2.188888888888892,3.092547792977847,0.333333333333333,8.4,-7.2,0.566666666666667
2024-03-09 10:00:00,1.6,10,5,9,3,2024,1,10,1,0.49999999999999994,-0.8660254037844387,-0.9749279121818236,-0.2225209339563146,1.0,6.123233995736766e-17,1.2,8.4,0.633333333333333,0.333333333333333,1.33333333333333,3.733333333333334,4.046397574798265,1.2,8.4,2.4000000000000035,2.981796624706556,0.633333333333333,8.4,0.40000000000000013,-6.800000000000001
2024-03-12 07:00:00,1.4,7,1,12,3,2024,1,11,0,0.9659258262890683,-0.25881904510252063,0.7818314824680298,0.6234898018587336,1.0,6.123233995736766e-17,1.6,1.2,8.4,1.9,1.06666666666667,1.4000000000000001,0.19999999999977583,1.2,1.6,2.31666666666667,3.0054579980059737,0.633333333333333,8.4,-0.20000000000000018,0.19999999999999996
2024-03-14 16:00:00,17.8,16,3,14,3,2024,1,11,0,-0.8660254037844385,-0.5000000000000004,0.43388373911755823,-0.900968867902419,1.0,6.123233995736766e-17,1.4,1.6,1.2,0.666666666666667,2.4,6.933333333333334,9.411340676722595,1.4,17.8,5.172222222222225,6.8300778152934125,0.633333333333333,17.8,16.400000000000002,16.2
2024-03-14 17:00:00,4.76666666666667,17,3,14,3,2024,1,11,0,-0.9659258262890683,-0.25881904510252063,0.43388373911755823,-0.900968867902419,1.0,6.123233995736766e-17,17.8,1.4,1.6,0.633333333333333,0.733333333333333,7.98888888888889,8.6618148812496,1.4,17.8,5.861111111111115,6.480206329591238,1.2,17.8,-13.033333333333331,3.3666666666666702
2024-03-18 10:00:00,4.26666666666667,10,0,18,3,2024,1,12,0,0.49999999999999994,-0.8660254037844387,0.0,1.0,1.0,6.123233995736766e-17,4.76666666666667,17.8,1.4,8.4,2.2,8.944444444444448,7.673209768287853,4.26666666666667,17.8,5.172222222222228,6.37517465265479,1.2,17.8,-0.5,-13.533333333333331
2024-03-18 17:00:00,0.733333333333333,17,0,18,3,2024,1,12,0,-0.9659258262890683,-0.25881904510252063,0.0,1.0,1.0,6.123233995736766e-17,4.26666666666667,4.76666666666667,17.8,1.2,1.5,3.2555555555555578,2.1985685578811593,0.733333333333333,4.76666666666667,5.094444444444449,6.435886079603173,0.733333333333333,17.8,-3.533333333333337,-4.033333333333337
2024-03-20 09:00:00,3.66666666666667,9,2,20,3,2024,1,12,0,0.7071067811865476,-0.7071067811865475,0.9749279121818236,-0.22252093395631434,1.0,6.123233995736766e-17,0.733333333333333,4.26666666666667,4.76666666666667,1.6,0.333333333333333,2.888888888888891,1.8907180685693852,0.733333333333333,4.26666666666667,5.438888888888894,6.2644824798814,0.733333333333333,17.8,2.933333333333337,-0.6000000000000001
2024-03-21 10:00:00,1.9,10,3,21,3,2024,1,12,0,0.49999999999999994,-0.8660254037844387,0.43388373911755823,-0.900968867902419,1.0,6.123233995736766e-17,3.66666666666667,0.733333333333333,4.26666666666667,1.4,1.9,2.100000000000001,1.4768585277916877,0.733333333333333,3.66666666666667,5.522222222222228,6.203033905245875,0.733333333333333,17.8,-1.7666666666666702,1.166666666666667
2024-03-22 10:00:00,0.666666666666667,10,4,22,3,2024,1,12,0,0.49999999999999994,-0.8660254037844387,-0.433883739117558,-0.9009688679024191,1.0,6.123233995736766e-17,1.9,3.66666666666667,0.733333333333333,17.8,0.666666666666667,2.0777777777777793,1.5078805336311039,0.666666666666667,3.66666666666667,2.666666666666672,1.805300836733703,0.666666666666667,4.76666666666667,-1.233333333333333,-3.000000000000003
2024-03-22 12:00:00,2.1,12,4,22,3,2024,1,12,0,1.2246467991473532e-16,-1.0,-0.433883739117558,-0.9009688679024191,1.0,6.123233995736766e-17,0.666666666666667,1.9,3.66666666666667,4.76666666666667,0.633333333333333,1.5555555555555556,0.7762683766536542,0.666666666666667,2.1,2.222222222222227,1.4846872722215256,0.666666666666667,4.26666666666667,1.4333333333333331,0.20000000000000018
2024-03-24 18:00:00,1.16666666666667,18,6,24,3,2024,1,12,1,-1.0,-1.8369701987210297e-16,-0.7818314824680299,0.6234898018587334,1.0,6.123233995736766e-17,2.1,0.666666666666667,1.9,4.26666666666667,8.4,1.3111111111111124,0.727502068216416,0.666666666666667,2.1,1.7055555555555602,1.1273206517456118,0.666666666666667,3.66666666666667,-0.93333333333333,0.5000000000000031
2024-03-24 20:00:00,1.6,20,6,24,3,2024,1,12,1,-0.8660254037844386,0.5000000000000001,-0.7818314824680299,0.6234898018587334,1.0,6.123233995736766e-17,1.16666666666667,2.1,0.666666666666667,0.733333333333333,1.2,1.6222222222222236,0.46706332348842655,1.16666666666667,2.1,1.850000000000005,1.0290772565751793,0.666666666666667,3.66666666666667,0.43333333333333,-0.5
2024-03-29 16:00:00,3.66666666666667,16,4,29,3,2024,1,13,0,-0.8660254037844385,-0.5000000000000004,-0.433883739117558,-0.9009688679024191,1.0,6.123233995736766e-17,1.6,1.16666666666667,2.1,3.66666666666667,1.6,2.144444444444447,1.3359696159773733,1.16666666666667,3.66666666666667,1.8500000000000048,1.0290772565751793,0.666666666666667,3.66666666666667,2.06666666666667,2.5
2024-03-30 12:00:00,1.3,12,5,30,3,2024,1,13,1,1.2246467991473532e-16,-1.0,-0.9749279121818236,-0.2225209339563146,1.0,6.123233995736766e-17,3.66666666666667,1.6,1.16666666666667,1.9,1.4,2.1888888888888904,1.2885535962350536,1.3,3.66666666666667,1.7500000000000047,1.0521406750051527,0.666666666666667,3.66666666666667,-2.36666666666667,-0.30000000000000004
2024-04-01 12:00:00,4.13333333333333,12,0,1,4,2024,2,14,0,1.2246467991473532e-16,-1.0,0.0,1.0,0.8660254037844387,-0.4999999999999998,1.3,3.66666666666667,1.6,0.666666666666667,17.8,3.0333333333333337,1.5191371820140864,1.3,4.13333333333333,2.3277777777777824,1.267967168636882,1.16666666666667,4.13333333333333,2.8333333333333304,0.4666666666666601
2024-04-03 15:00:00,0.6,15,2,3,4,2024,2,14,0,-0.7071067811865471,-0.7071067811865479,0.9749279121818236,-0.22252093395631434,0.8660254037844387,-0.4999999999999998,4.13333333333333,1.3,3.66666666666667,2.1,4.76666666666667,2.01111111111111,1.870927676413569,0.6,4.13333333333333,2.077777777777782,1.4558184665018163,0.6,4.13333333333333,-3.53333333333333,-0.7000000000000001
2024-04-04 08:00:00,1.86666666666667,8,3,4,4,2024,2,14,0,0.8660254037844387,-0.4999999999999998,0.43388373911755823,-0.900968867902419,0.8660254037844387,-0.4999999999999998,0.6,4.13333333333333,1.3,1.16666666666667,4.26666666666667,2.1999999999999997,1.7900962109463143,0.6,4.13333333333333,2.1944444444444486,1.3949777643257457,0.6,4.13333333333333,1.2666666666666702,-2.2666666666666604
2024-04-04 10:00:00,4.53333333333333,10,3,4,4,2024,2,14,0,0.49999999999999994,-0.8660254037844387,0.43388373911755823,-0.900968867902419,0.8660254037844387,-0.4999999999999998,1.86666666666667,0.6,4.13333333333333,1.6,0.733333333333333,2.333333333333333,2.0077627128500564,0.6,4.53333333333333,2.683333333333337,1.6378508953979423,0.6,4.53333333333333,2.66666666666666,3.9333333333333296
2024-04-05 04:00:00,3.6,4,4,5,4,2024,2,14,0,0.8660254037844386,0.5000000000000001,-0.433883739117558,-0.9009688679024191,0.8660254037844387,-0.4999999999999998,4.53333333333333,1.86666666666667,0.6,3.66666666666667,3.66666666666667,3.3333333333333335,1.3531855420122658,1.86666666666667,4.53333333333333,2.6722222222222256,1.6300533960807413,0.6,4.53333333333333,-0.9333333333333296,1.73333333333333
2024-04-10 12:00:00,4.06666666666667,12,2,10,4,2024,2,15,0,1.2246467991473532e-16,-1.0,0.9749279121818236,-0.22252093395631434,0.8660254037844387,-0.4999999999999998,3.6,4.53333333333333,1.86666666666667,1.3,1.9,4.066666666666666,0.46666666666659606,3.6,4.53333333333333,3.1333333333333364,1.5537767607421937,0.6,4.53333333333333,0.4666666666666699,-0.4666666666666597
2024-04-12 16:00:00,1.33333333333333,16,4,12,4,2024,2,15,0,-0.8660254037844385,-0.5000000000000004,-0.433883739117558,-0.9009688679024191,0.8660254037844387,-0.4999999999999998,4.06666666666667,3.6,4.53333333333333,4.13333333333333,0.666666666666667,3.0,1.462114146630731,1.33333333333333,4.06666666666667,2.66666666666667,1.6127271588490033,0.6,4.53333333333333,-2.73333333333334,-2.26666666666667
2024-04-13 10:00:00,8.3,10,5,13,4,2024,2,15,1,0.49999999999999994,-0.8660254037844387,-0.9749279121818236,-0.2225209339563146,0.8660254037844387,-0.4999999999999998,1.33333333333333,4.06666666666667,3.6,0.6,2.1,4.566666666666667,3.510144029966728,1.33333333333333,8.3,3.9500000000000033,2.4733018865925978,1.33333333333333,8.3,6.96666666666667,4.233333333333331
2024-04-16 11:00:00,2.86666666666667,11,1,16,4,2024,2,16,0,0.258819045102521,-0.9659258262890682,0.7818314824680298,0.6234898018587336,0.8660254037844387,-0.4999999999999998,8.3,1.33333333333333,4.06666666666667,1.86666666666667,1.16666666666667,4.166666666666667,3.6607528066111015,1.33333333333333,8.3,4.11666666666667,2.334642489880589,1.33333333333333,8.3,-5.433333333333331,1.5333333333333399
2024-04-17 17:00:00,17.1,17,2,17,4,2024,2,16,0,-0.9659258262890683,-0.25881904510252063,0.9749279121818236,-0.22252093395631434,0.8660254037844387,-0.4999999999999998,2.86666666666667,8.3,1.33333333333333,4.53333333333333,1.6,9.422222222222224,7.18272103603373,2.86666666666667,17.1,6.211111111111116,5.819380137539174,1.33333333333333,17.1,14.23333333333333,8.8
2024-04-22 16:00:00,0.733333333333333,16,0,22,4,2024,2,17,0,-0.8660254037844385,-0.5000000000000004,0.0,1.0,0.8660254037844387,-0.4999999999999998,17.1,2.86666666666667,8.3,3.6,3.66666666666667,6.900000000000002,8.897627648861114,0.733333333333333,17.1,5.733333333333338,6.182951470688506,0.733333333333333,17.1,-16.366666666666667,-2.133333333333337
2024-04-22 17:00:00,0.366666666666667,17,0,22,4,2024,2,17,0,-0.9659258262890683,-0.25881904510252063,0.0,1.0,0.8660254037844387,-0.4999999999999998,0.733333333333333,17.1,2.86666666666667,4.06666666666667,1.3,6.066666666666667,9.55690558938637,0.366666666666667,17.1,5.116666666666671,6.555701504966688,0.366666666666667,17.1,-0.366666666666666,-16.733333333333334
2024-04-29 10:00:00,4.73333333333333,10,0,29,4,2024,2,18,0,0.49999999999999994,-0.8660254037844387,0.0,1.0,0.8660254037844387,-0.4999999999999998,0.366666666666667,0.733333333333333,17.1,1.33333333333333,4.13333333333333,1.944444444444443,2.422196737888348,0.366666666666667,4.73333333333333,5.683333333333337,6.3054385696441315,0.366666666666667,17.1,4.366666666666663,3.999999999999997
2024-05-02 07:00:00,2.93333333333333,7,3,2,5,2024,2,18,0,0.9659258262890683,-0.25881904510252063,0.43388373911755823,-0.900968867902419,0.49999999999999994,-0.8660254037844387,4.73333333333333,0.366666666666667,0.733333333333333,8.3,0.6,2.6777777777777754,2.1945217989178984,0.366666666666667,4.73333333333333,4.788888888888892,6.240322878636161,0.366666666666667,17.1,-1.7999999999999998,2.566666666666663
2024-05-03 11:00:00,0.383333333333333,11,4,3,5,2024,2,18,0,0.258819045102521,-0.9659258262890682,-0.433883739117558,-0.9009688679024191,0.49999999999999994,-0.8660254037844387,2.93333333333333,4.73333333333333,0.366666666666667,2.86666666666667,1.86666666666667,2.6833333333333313,2.1857492994394225,0.383333333333333,4.73333333333333,4.375000000000003,6.471387881367597,0.366666666666667,17.1,-2.549999999999997,-4.349999999999997
2024-05-04 13:00:00,2.0,13,5,4,5,2024,2,18,1,-0.2588190451025208,-0.9659258262890683,-0.9749279121818236,-0.2225209339563146,0.49999999999999994,-0.8660254037844387,0.383333333333333,2.93333333333333,4.73333333333333,17.1,4.53333333333333,1.772222222222221,1.2901693830799736,0.383333333333333,2.93333333333333,1.8583333333333354,1.7382542327801405,0.366666666666667,4.73333333333333,1.616666666666667,-0.93333333333333
2024-05-05 13:00:00,1.1,13,6,5,5,2024,2,18,1,-0.2588190451025208,-0.9659258262890683,-0.7818314824680299,0.6234898018587334,0.49999999999999994,-0.8660254037844387,2.0,0.383333333333333,2.93333333333333,0.733333333333333,3.6,1.1611111111111112,0.8100640121025159,0.383333333333333,2.0,1.919444444444447,1.6967425217709025,0.366666666666667,4.73333333333333,-0.8999999999999999,0.716666666666667
2024-05-06 10:00:00,4.46666666666667,10,0,6,5,2024,2,19,0,0.49999999999999994,-0.8660254037844387,0.0,1.0,0.49999999999999994,-0.8660254037844387,1.1,2.0,0.383333333333333,0.366666666666667,4.06666666666667,2.5222222222222235,1.7430284415774997,1.1,4.46666666666667,2.602777777777781,1.7703237828986513,0.383333333333333,4.73333333333333,3.3666666666666702,2.4666666666666703
2024-05-07 08:00:00,1.5,8,1,7,5,2024,2,19,0,0.8660254037844387,-0.4999999999999998,0.7818314824680298,0.6234898018587336,0.49999999999999994,-0.8660254037844387,4.46666666666667,1.1,2.0,4.73333333333333,1.33333333333333,2.355555555555557,1.8391825881604391,1.1,4.46666666666667,2.063888888888892,1.4563430863589415,0.383333333333333,4.46666666666667,-2.9666666666666703,0.3999999999999999
2024-05-10 13:00:00,4.13333333333333,13,4,10,5,2024,2,19,0,-0.2588190451025208,-0.9659258262890683,-0.433883739117558,-0.9009688679024191,0.49999999999999994,-0.8660254037844387,1.5,4.46666666666667,1.1,2.93333333333333,8.3,3.366666666666667,1.6251495657665023,1.5,4.46666666666667,2.2638888888888924,1.6668138823872383,0.383333333333333,4.46666666666667,2.63333333333333,-0.33333333333334014
2024-05-11 12:00:00,3.8,12,5,11,5,2024,2,19,1,1.2246467991473532e-16,-1.0,-0.9749279121818236,-0.2225209339563146,0.49999999999999994,-0.8660254037844387,4.13333333333333,1.5,4.46666666666667,0.383333333333333,2.86666666666667,3.1444444444444435,1.4338500360657873,1.5,4.13333333333333,2.833333333333337,1.467575476007306,1.1,4.46666666666667,-0.3333333333333304,2.3
2024-05-11 13:00:00,0.3,13,5,11,5,2024,2,19,1,-0.2588190451025208,-0.9659258262890683,-0.9749279121818236,-0.2225209339563146,0.49999999999999994,-0.8660254037844387,3.8,4.13333333333333,1.5,2.0,17.1,2.7444444444444436,2.123501650401805,0.3,4.13333333333333,2.550000000000004,1.789444358204917,0.3,4.46666666666667,-3.5,-3.8333333333333304
2024-05-12 11:00:00,4.13333333333333,11,6,12,5,2024,2,19,1,0.258819045102521,-0.9659258262890682,-0.7818314824680299,0.6234898018587334,0.49999999999999994,-0.8660254037844387,0.3,3.8,4.13333333333333,1.1,0.733333333333333,2.7444444444444436,2.123501650401805,0.3,4.13333333333333,3.0555555555555585,1.725194567663771,0.3,4.46666666666667,3.8333333333333304,0.3333333333333304
2024-05-12 20:00:00,0.266666666666667,20,6,12,5,2024,2,19,1,-0.8660254037844386,0.5000000000000001,-0.7818314824680299,0.6234898018587334,0.49999999999999994,-0.8660254037844387,4.13333333333333,0.3,3.8,4.46666666666667,0.366666666666667,1.5666666666666655,2.2228610192972096,0.266666666666667,4.13333333333333,2.3555555555555583,1.8829842350986168,0.266666666666667,4.13333333333333,-3.866666666666663,-0.03333333333333299
2024-05-13 12:00:00,4.53333333333333,12,0,13,5,2024,2,20,0,1.2246467991473532e-16,-1.0,0.0,1.0,0.49999999999999994,-0.8660254037844387,0.266666666666667,4.13333333333333,0.3,1.5,4.73333333333333,2.9777777777777756,2.3563939807664847,0.266666666666667,4.53333333333333,2.861111111111113,2.010242292380289,0.266666666666667,4.53333333333333,4.266666666666663,0.39999999999999947
2024-05-16 17:00:00,4.5,17,3,16,5,2024,2,20,0,-0.9659258262890683,-0.25881904510252063,0.43388373911755823,-0.900968867902419,0.49999999999999994,-0.8660254037844387,4.53333333333333,0.266666666666667,4.13333333333333,4.13333333333333,2.93333333333333,3.099999999999999,2.453795246370618,0.266666666666667,4.53333333333333,2.9222222222222247,2.0615707783324737,0.266666666666667,4.53333333333333,-0.03333333333332966,4.233333333333333
2024-05-21 15:00:00,1.0,15,1,21,5,2024,2,21,0,-0.7071067811865471,-0.7071067811865479,0.7818314824680298,0.6234898018587336,0.49999999999999994,-0.8660254037844387,4.5,4.53333333333333,0.266666666666667,3.8,0.383333333333333,3.3444444444444428,2.0304168519278325,1.0,4.53333333333333,2.455555555555558,2.1386045987114874,0.266666666666667,4.53333333333333,-3.5,-3.5333333333333297
2024-05-25 08:00:00,1.6,8,5,25,5,2024,2,21,1,0.8660254037844387,-0.4999999999999998,-0.9749279121818236,-0.2225209339563146,0.49999999999999994,-0.8660254037844387,1.0,4.5,4.53333333333333,0.3,2.0,2.3666666666666667,1.8717193521821764,1.0,4.5,2.6722222222222243,1.9324614892431098,0.266666666666667,4.53333333333333,0.6000000000000001,-2.9
2024-05-25 11:00:00,0.0666666666666667,11,5,25,5,2024,2,21,1,0.258819045102521,-0.9659258262890682,-0.9749279121818236,-0.2225209339563146,0.49999999999999994,-0.8660254037844387,1.6,1.0,4.5,4.13333333333333,1.1,0.888888888888889,0.7726817178094474,0.0666666666666667,1.6,1.9944444444444474,2.028290650514186,0.0666666666666667,4.53333333333333,-1.5333333333333334,-0.9333333333333333
2024-05-28 12:00:00,4.8,12,1,28,5,2024,2,22,0,1.2246467991473532e-16,-1.0,0.7818314824680298,0.6234898018587336,0.49999999999999994,-0.8660254037844387,0.0666666666666667,1.6,1.0,0.266666666666667,4.46666666666667,2.1555555555555554,2.4150761049276532,0.0666666666666667,4.8,2.750000000000003,2.0990738698557996,0.0666666666666667,4.8,4.733333333333333,3.1999999999999997
2024-05-29 12:00:00,0.3,12,2,29,5,2024,2,22,0,1.2246467991473532e-16,-1.0,0.9749279121818236,-0.22252093395631434,0.49999999999999994,-0.8660254037844387,4.8,0.0666666666666667,1.6,4.53333333333333,1.5,1.7222222222222223,2.667985784847452,0.0666666666666667,4.8,2.0444444444444483,2.091216197619339,0.0666666666666667,4.8,-4.5,0.23333333333333328
2024-06-04 09:00:00,2.1,9,1,4,6,2024,2,23,0,0.7071067811865476,-0.7071067811865475,0.7818314824680298,0.6234898018587336,1.2246467991473532e-16,-1.0,0.3,4.8,0.0666666666666667,4.5,4.13333333333333,2.4,2.2649503305812106,0.3,4.8,1.6444444444444482,1.7250657529068731,0.0666666666666667,4.8,1.8,-2.6999999999999997
2024-06-04 15:00:00,1.26666666666667,15,1,4,6,2024,2,23,0,-0.7071067811865471,-0.7071067811865479,0.7818314824680298,0.6234898018587336,1.2246467991473532e-16,-1.0,2.1,0.3,4.8,1.0,3.8,1.2222222222222232,0.9008226692759269,0.3,2.1,1.6888888888888929,1.708497282105906,0.0666666666666667,4.8,-0.8333333333333302,0.9666666666666699
2024-06-05 17:00:00,17.3333333333333,17,2,5,6,2024,2,23,0,-0.9659258262890683,-0.25881904510252063,0.9749279121818236,-0.22252093395631434,1.2246467991473532e-16,-1.0,1.26666666666667,2.1,0.3,1.6,0.3,6.899999999999991,9.045133743867144,1.26666666666667,17.3333333333333,4.31111111111111,6.604229845474183,0.0666666666666667,17.3333333333333,16.06666666666663,15.2333333333333
2024-06-06 17:00:00,0.933333333333333,17,3,6,6,2024,2,23,0,-0.9659258262890683,-0.25881904510252063,0.43388373911755823,-0.900968867902419,1.2246467991473532e-16,-1.0,17.3333333333333,1.26666666666667,2.1,0.0666666666666667,4.13333333333333,6.511111111111101,9.373801157916022,0.933333333333333,17.3333333333333,4.455555555555555,6.5015097961650214,0.3,17.3333333333333,-16.399999999999967,-0.3333333333333369
2024-06-13 16:00:00,2.03333333333333,16,3,13,6,2024,2,24,0,-0.8660254037844385,-0.5000000000000004,0.43388373911755823,-0.900968867902419,1.2246467991473532e-16,-1.0,0.933333333333333,17.3333333333333,1.26666666666667,4.8,0.266666666666667,6.766666666666654,9.167515112250046,0.933333333333333,17.3333333333333,3.9944444444444422,6.569945599864986,0.3,17.3333333333333,1.099999999999997,-15.29999999999997
2024-06-15 17:00:00,22.9,17,5,15,6,2024,2,24,1,-0.9659258262890683,-0.25881904510252063,-0.9749279121818236,-0.2225209339563146,1.2246467991473532e-16,-1.0,2.03333333333333,0.933333333333333,17.3333333333333,0.3,4.53333333333333,8.62222222222222,12.377144408291587,0.933333333333333,22.9,7.761111111111108,9.74130761623275,0.933333333333333,22.9,20.866666666666667,21.966666666666665
2024-06-17 11:00:00,3.86666666666667,11,0,17,6,2024,2,25,0,0.258819045102521,-0.9659258262890682,0.0,1.0,1.2246467991473532e-16,-1.0,22.9,2.03333333333333,0.933333333333333,2.1,4.5,9.6,11.554556580751067,2.03333333333333,22.9,8.055555555555554,9.561001032357481,0.933333333333333,22.9,-19.033333333333328,1.8333333333333397
2024-06-17 16:00:00,1.66666666666667,16,0,17,6,2024,2,25,0,-0.8660254037844385,-0.5000000000000004,0.0,1.0,1.2246467991473532e-16,-1.0,3.86666666666667,22.9,2.03333333333333,1.26666666666667,1.0,9.477777777777778,11.675916967717653,1.66666666666667,22.9,8.122222222222222,9.505429247813339,0.933333333333333,22.9,-2.1999999999999997,-21.233333333333327
2024-06-18 09:00:00,7.96666666666667,9,1,18,6,2024,2,25,0,0.7071067811865476,-0.7071067811865475,0.7818314824680298,0.6234898018587336,1.2246467991473532e-16,-1.0,1.66666666666667,3.86666666666667,22.9,17.3333333333333,1.6,4.500000000000003,3.1973947728319856,1.66666666666667,7.96666666666667,6.5611111111111144,8.394321272719424,0.933333333333333,22.9,6.300000000000001,4.1000000000000005
2024-06-18 18:00:00,8.0,18,1,18,6,2024,2,25,0,-1.0,-1.8369701987210297e-16,0.7818314824680298,0.6234898018587336,1.2246467991473532e-16,-1.0,7.96666666666667,1.66666666666667,3.86666666666667,0.933333333333333,0.0666666666666667,5.877777777777779,3.64696728397313,1.66666666666667,8.0,7.738888888888894,7.929674693248201,1.66666666666667,22.9,0.03333333333332966,6.33333333333333
2024-06-19 09:00:00,0.833333333333333,9,2,19,6,2024,2,25,0,0.7071067811865476,-0.7071067811865475,0.9749279121818236,-0.22252093395631434,1.2246467991473532e-16,-1.0,8.0,7.96666666666667,1.66666666666667,2.03333333333333,4.8,5.6000000000000005,4.128088069689297,0.833333333333333,8.0,7.538888888888894,8.115319304094426,0.833333333333333,22.9,-7.166666666666667,-7.133333333333337
2024-06-19 11:00:00,1.3,11,2,19,6,2024,2,25,0,0.258819045102521,-0.9659258262890682,0.9749279121818236,-0.22252093395631434,1.2246467991473532e-16,-1.0,0.833333333333333,8.0,7.96666666666667,22.9,0.3,3.3777777777777764,4.009756619565346,0.833333333333333,8.0,3.938888888888894,3.3012736038395385,0.833333333333333,8.0,0.466666666666667,-6.7
2024-06-19 18:00:00,0.666666666666667,18,2,19,6,2024,2,25,0,-1.0,-1.8369701987210297e-16,0.9749279121818236,-0.22252093395631434,1.2246467991473532e-16,-1.0,1.3,0.833333333333333,8.0,3.86666666666667,2.1,0.9333333333333321,0.3282952600597783,0.666666666666667,1.3,3.4055555555555603,3.56335775898503,0.666666666666667,8.0,-0.6333333333333331,-0.16666666666666607
2024-06-24 07:00:00,2.7,7,0,24,6,2024,2,26,0,0.9659258262890683,-0.25881904510252063,0.0,1.0,1.2246467991473532e-16,-1.0,0.666666666666667,1.3,0.833333333333333,1.66666666666667,1.26666666666667,1.5555555555555545,1.0404770985430376,0.666666666666667,2.7,3.5777777777777824,3.486651795166967,0.666666666666667,8.0,2.033333333333333,1.4000000000000001
2024-06-29 16:00:00,1.06666666666667,16,5,29,6,2024,2,26,1,-0.8660254037844385,-0.5000000000000004,-0.9749279121818236,-0.2225209339563146,1.2246467991473532e-16,-1.0,2.7,0.666666666666667,1.3,7.96666666666667,17.3333333333333,1.4777777777777779,1.0772048878325393,0.666666666666667,2.7,2.427777777777782,2.8246074784662922,0.666666666666667,8.0,-1.6333333333333302,0.400000000000003
2024-07-02 16:00:00,24.5,16,1,2,7,2024,3,27,0,-0.8660254037844385,-0.5000000000000004,0.7818314824680298,0.6234898018587336,-0.4999999999999997,-0.8660254037844388,1.06666666666667,2.7,0.666666666666667,8.0,0.933333333333333,9.422222222222222,13.083251945960587,1.06666666666667,24.5,5.177777777777782,9.493686010927174,0.666666666666667,24.5,23.43333333333333,21.8
2024-07-03 15:00:00,9.4,15,2,3,7,2024,3,27,0,-0.7071067811865471,-0.7071067811865479,0.9749279121818236,-0.22252093395631434,-0.4999999999999997,-0.8660254037844388,24.5,1.06666666666667,2.7,0.833333333333333,2.03333333333333,11.655555555555557,11.878380610416807,1.06666666666667,24.5,6.6055555555555605,9.352775385275093,0.666666666666667,24.5,-15.1,8.33333333333333
2024-07-10 08:00:00,1.23333333333333,8,2,10,7,2024,3,28,0,0.8660254037844387,-0.4999999999999998,0.9749279121818236,-0.22252093395631434,-0.4999999999999997,-0.8660254037844388,9.4,24.5,1.06666666666667,1.3,22.9,11.711111111111109,11.804252215636977,1.23333333333333,24.5,6.594444444444448,9.360375506870966,0.666666666666667,24.5,-8.16666666666667,-23.26666666666667
2024-07-10 17:00:00,5.66666666666667,17,2,10,7,2024,3,28,0,-0.9659258262890683,-0.25881904510252063,0.9749279121818236,-0.22252093395631434,-0.4999999999999997,-0.8660254037844388,1.23333333333333,9.4,24.5,0.666666666666667,3.86666666666667,5.433333333333333,4.08833027585156,1.23333333333333,9.4,7.427777777777782,8.940231582053173,1.06666666666667,24.5,4.43333333333334,-3.7333333333333307
2024-07-13 09:00:00,0.25,9,5,13,7,2024,3,28,1,0.7071067811865476,-0.7071067811865475,-0.9749279121818236,-0.2225209339563146,-0.4999999999999997,-0.8660254037844388,5.66666666666667,1.23333333333333,9.4,2.7,1.66666666666667,2.383333333333332,2.885644545754809,0.25,5.66666666666667,7.019444444444448,9.249939439241203,0.25,24.5,-5.41666666666667,-0.9833333333333301
2024-07-13 11:00:00,8.3,11,5,13,7,2024,3,28,1,0.258819045102521,-0.9659258262890682,-0.9749279121818236,-0.2225209339563146,-0.4999999999999997,-0.8660254037844388,0.25,5.66666666666667,1.23333333333333,1.06666666666667,7.96666666666667,4.738888888888889,4.104412711180948,0.25,8.3,8.225000000000003,8.778279697323654,0.25,24.5,8.05,2.633333333333331
2024-07-13 12:00:00,3.53333333333333,12,5,13,7,2024,3,28,1,1.2246467991473532e-16,-1.0,-0.9749279121818236,-0.2225209339563146,-0.4999999999999997,-0.8660254037844388,8.3,0.25,5.66666666666667,24.5,8.0,4.027777777777776,4.04771311748764,0.25,8.3,4.730555555555559,3.7191459095196278,0.25,9.4,-4.766666666666671,3.28333333333333
2024-07-13 16:00:00,1.73333333333333,16,5,13,7,2024,3,28,1,-0.8660254037844385,-0.5000000000000004,-0.9749279121818236,-0.2225209339563146,-0.4999999999999997,-0.8660254037844388,3.53333333333333,8.3,0.25,9.4,0.833333333333333,4.5222222222222195,3.3931848908810944,1.73333333333333,8.3,3.4527777777777806,3.0510183485130433,0.25,8.3,-1.8,-6.566666666666671
2024-07-14 09:00:00,1.06666666666667,9,6,14,7,2024,3,28,1,0.7071067811865476,-0.7071067811865475,-0.7818314824680299,0.6234898018587334,-0.4999999999999997,-0.8660254037844388,1.73333333333333,3.53333333333333,8.3,1.23333333333333,1.3,2.111111111111109,1.2759890862182803,1.06666666666667,3.53333333333333,3.425000000000004,3.0759235288862183,0.25,8.3,-0.6666666666666601,-2.46666666666666
2024-07-14 12:00:00,3.4,12,6,14,7,2024,3,28,1,1.2246467991473532e-16,-1.0,-0.7818314824680299,0.6234898018587334,-0.4999999999999997,-0.8660254037844388,1.06666666666667,1.73333333333333,3.53333333333333,5.66666666666667,0.666666666666667,2.066666666666665,1.2018504251546707,1.06666666666667,3.4,3.0472222222222256,2.8783949359682555,0.25,8.3,2.33333333333333,1.6666666666666698
2024-07-15 15:00:00,0.933333333333333,15,0,15,7,2024,3,29,0,-0.7071067811865471,-0.7071067811865479,0.0,1.0,-0.4999999999999997,-0.8660254037844388,3.4,1.06666666666667,1.73333333333333,0.25,2.7,1.7999999999999998,1.387243469778994,0.933333333333333,3.4,3.1611111111111145,2.7565208882589114,0.933333333333333,8.3,-2.466666666666667,-0.13333333333333697
2024-07-15 16:00:00,24.8,16,0,15,7,2024,3,29,0,-0.8660254037844385,-0.5000000000000004,0.0,1.0,-0.4999999999999997,-0.8660254037844388,0.933333333333333,3.4,1.06666666666667,8.3,1.06666666666667,9.71111111111111,13.12543473706822,0.933333333333333,24.8,5.911111111111114,9.321484542393145,0.933333333333333,24.8,23.866666666666667,21.400000000000002
2024-07-18 17:00:00,252.0,17,3,18,7,2024,3,29,0,-0.9659258262890683,-0.25881904510252063,0.43388373911755823,-0.900968867902419,-0.4999999999999997,-0.8660254037844388,24.8,0.933333333333333,3.4,3.53333333333333,24.5,92.57777777777778,138.578454848321,0.933333333333333,252.0,47.32222222222222,100.6968291824892,0.933333333333333,252.0,227.2,251.06666666666666
2024-07-19 10:00:00,2.13333333333333,10,4,19,7,2024,3,29,0,0.49999999999999994,-0.8660254037844387,-0.433883739117558,-0.9009688679024191,-0.4999999999999997,-0.8660254037844388,252.0,24.8,0.933333333333333,1.73333333333333,9.4,92.97777777777777,138.1828311144869,2.13333333333333,252.0,47.388888888888886,100.66073639633207,0.933333333333333,252.0,-249.86666666666667,-22.66666666666667
2024-07-22 07:00:00,0.966666666666667,7,0,22,7,2024,3,30,0,0.9659258262890683,-0.25881904510252063,0.0,1.0,-0.4999999999999997,-0.8660254037844388,2.13333333333333,252.0,24.8,1.06666666666667,1.23333333333333,85.03333333333333,144.5985515526041,0.966666666666667,252.0,47.37222222222223,100.66994788618601,0.933333333333333,252.0,-1.1666666666666632,-251.03333333333333
2024-07-24 08:00:00,0.7,8,2,24,7,2024,3,30,0,0.8660254037844387,-0.4999999999999998,0.9749279121818236,-0.22252093395631434,-0.4999999999999997,-0.8660254037844388,0.966666666666667,2.13333333333333,252.0,3.4,5.66666666666667,1.2666666666666657,0.762306441727845,0.7,2.13333333333333,46.922222222222224,100.91156230783173,0.7,252.0,-0.26666666666666705,-1.4333333333333302
2024-07-29 07:00:00,170.0,7,0,29,7,2024,3,31,0,0.9659258262890683,-0.25881904510252063,0.0,1.0,-0.4999999999999997,-0.8660254037844388,0.7,0.966666666666667,2.13333333333333,0.933333333333333,0.25,57.22222222222222,97.66851154874912,0.7,170.0,75.10000000000001,108.79793707194595,0.7,252.0,169.3,169.03333333333333
2024-08-01 10:00:00,5.7,10,3,1,8,2024,3,31,0,0.49999999999999994,-0.8660254037844387,0.43388373911755823,-0.900968867902419,-0.8660254037844385,-0.5000000000000004,170.0,0.7,0.966666666666667,24.8,8.3,58.79999999999999,96.33446942813353,0.7,170.0,71.91666666666667,110.82456757315941,0.7,252.0,-164.3,5.0
2024-08-01 15:00:00,4.26666666666667,15,3,1,8,2024,3,31,0,-0.7071067811865471,-0.7071067811865479,0.43388373911755823,-0.900968867902419,-0.8660254037844385,-0.5000000000000004,5.7,170.0,0.7,252.0,3.53333333333333,59.98888888888889,95.2751123695849,4.26666666666667,170.0,30.62777777777778,68.30564452572035,0.7,170.0,-1.43333333333333,-165.73333333333332
2024-08-04 15:00:00,2.5,15,6,4,8,2024,3,31,1,-0.7071067811865471,-0.7071067811865479,-0.7818314824680299,0.6234898018587334,-0.8660254037844385,-0.5000000000000004,4.26666666666667,5.7,170.0,2.13333333333333,1.73333333333333,4.155555555555557,1.6028909068462807,2.5,5.7,30.688888888888894,68.27520996889203,0.7,170.0,-1.7666666666666702,-3.2
2024-08-10 10:00:00,4.2,10,5,10,8,2024,3,32,1,0.49999999999999994,-0.8660254037844387,-0.9749279121818236,-0.2225209339563146,-0.8660254037844385,-0.5000000000000004,2.5,4.26666666666667,5.7,0.966666666666667,1.06666666666667,3.655555555555557,1.001295457187244,2.5,4.26666666666667,31.227777777777778,68.00592594004556,0.7,170.0,1.7000000000000002,-0.06666666666666998
2024-08-10 17:00:00,2.26666666666667,17,5,10,8,2024,3,32,1,-0.9659258262890683,-0.25881904510252063,-0.9749279121818236,-0.2225209339563146,-0.8660254037844385,-0.5000000000000004,4.2,2.5,4.26666666666667,0.7,3.4,2.9888888888888903,1.0553216114980775,2.26666666666667,4.2,31.488888888888894,67.86813903663702,2.26666666666667,170.0,-1.93333333333333,-0.23333333333332984
2024-08-11 07:00:00,2.8,7,6,11,8,2024,3,32,1,0.9659258262890683,-0.25881904510252063,-0.7818314824680299,0.6234898018587334,-0.8660254037844385,-0.5000000000000004,2.26666666666667,4.2,2.5,170.0,0.933333333333333,3.08888888888889,0.9985174194916357,2.26666666666667,4.2,3.6222222222222284,1.329605900953117,2.26666666666667,5.7,0.5333333333333297,-1.4000000000000004
2024-08-20 10:00:00,1.06666666666667,10,1,20,8,2024,3,34,0,0.49999999999999994,-0.8660254037844387,0.7818314824680298,0.6234898018587336,-0.8660254037844385,-0.5000000000000004,2.8,2.26666666666667,4.2,5.7,24.8,2.0444444444444465,0.8877770824589452,1.06666666666667,2.8,2.8500000000000068,1.222701926062716,1.06666666666667,4.26666666666667,-1.7333333333333298,-1.2000000000000002
2024-08-21 08:00:00,1.1,8,2,21,8,2024,3,34,0,0.8660254037844387,-0.4999999999999998,0.9749279121818236,-0.22252093395631434,-0.8660254037844385,-0.5000000000000004,1.06666666666667,2.8,2.26666666666667,4.26666666666667,252.0,1.6555555555555568,0.9912580857595819,1.06666666666667,2.8,2.322222222222228,1.1712607958304215,1.06666666666667,4.2,0.033333333333330106,-1.6999999999999997
2024-08-23 11:00:00,0.366666666666667,11,4,23,8,2024,3,34,0,0.258819045102521,-0.9659258262890682,-0.433883739117558,-0.9009688679024191,-0.8660254037844385,-0.5000000000000004,1.1,1.06666666666667,2.8,2.5,2.13333333333333,0.8444444444444458,0.41410322562450474,0.366666666666667,1.1,1.9666666666666728,1.4066508687887405,0.366666666666667,4.2,-0.7333333333333332,-0.7000000000000031
2024-08-27 11:00:00,3.73333333333333,11,1,27,8,2024,3,35,0,0.258819045102521,-0.9659258262890682,0.7818314824680298,0.6234898018587336,-0.8660254037844385,-0.5000000000000004,0.366666666666667,1.1,1.06666666666667,4.2,0.966666666666667,1.7333333333333325,1.770436229982769,0.366666666666667,3.73333333333333,1.8888888888888944,1.2641495457704048,0.366666666666667,3.73333333333333,3.3666666666666627,2.6333333333333298
2024-08-28 10:00:00,26.4,10,2,28,8,2024,3,35,0,0.49999999999999994,-0.8660254037844387,0.9749279121818236,-0.22252093395631434,-0.8660254037844385,-0.5000000000000004,3.73333333333333,0.366666666666667,1.1,2.26666666666667,0.7,10.166666666666666,14.158899831711354,0.366666666666667,26.4,5.911111111111116,10.115063940406708,0.366666666666667,26.4,22.666666666666668,26.03333333333333
2024-08-28 17:00:00,5.13333333333333,17,2,28,8,2024,3,35,0,-0.9659258262890683,-0.25881904510252063,0.9749279121818236,-0.22252093395631434,-0.8660254037844385,-0.5000000000000004,26.4,3.73333333333333,0.366666666666667,2.8,170.0,11.755555555555553,12.70176424024656,3.73333333333333,26.4,6.300000000000004,10.015898473038742,0.366666666666667,26.4,-21.26666666666667,1.4000000000000004
2024-08-29 08:00:00,1.53333333333333,8,3,29,8,2024,3,35,0,0.8660254037844387,-0.4999999999999998,0.43388373911755823,-0.900968867902419,-0.8660254037844385,-0.5000000000000004,5.13333333333333,26.4,3.73333333333333,1.06666666666667,5.7,11.022222222222219,13.43863970188309,1.53333333333333,26.4,6.377777777777781,9.968832912112994,0.366666666666667,26.4,-3.6,-24.866666666666667
2024-08-29 09:00:00,1.06666666666667,9,3,29,8,2024,3,35,0,0.7071067811865476,-0.7071067811865475,0.43388373911755823,-0.900968867902419,-0.8660254037844385,-0.5000000000000004,1.53333333333333,5.13333333333333,26.4,1.1,4.26666666666667,2.577777777777777,2.225442111712577,1.06666666666667,5.13333333333333,6.372222222222226,9.9723710914297,0.366666666666667,26.4,-0.4666666666666601,-4.06666666666666
2024-08-29 12:00:00,1.73333333333333,12,3,29,8,2024,3,35,0,1.2246467991473532e-16,-1.0,0.43388373911755823,-0.900968867902419,-0.8660254037844385,-0.5000000000000004,1.06666666666667,1.53333333333333,5.13333333333333,0.366666666666667,2.5,1.4444444444444435,0.3421067626168157,1.06666666666667,1.73333333333333,6.600000000000002,9.822242332809859,1.06666666666667,26.4,0.6666666666666601,0.19999999999999996
2024-08-29 14:00:00,0.9,14,3,29,8,2024,3,35,0,-0.4999999999999997,-0.8660254037844388,0.43388373911755823,-0.900968867902419,-0.8660254037844385,-0.5000000000000004,1.73333333333333,1.06666666666667,1.53333333333333,3.73333333333333,4.2,1.2333333333333334,0.4409585518340255,0.9,1.73333333333333,6.127777777777783,10.05302423633276,0.9,26.4,-0.83333333333333,-0.16666666666666996
2024-08-30 10:00:00,4.0,10,4,30,8,2024,3,35,0,0.49999999999999994,-0.8660254037844387,-0.433883739117558,-0.9009688679024191,-0.8660254037844385,-0.5000000000000004,0.9,1.73333333333333,1.06666666666667,26.4,2.26666666666667,2.21111111111111,1.6042766917507862,0.9,4.0,2.394444444444448,1.7466687871057032,0.9,5.13333333333333,3.1,2.26666666666667
2024-09-08 14:00:00,4.53333333333333,14,6,8,9,2024,3,36,1,-0.4999999999999997,-0.8660254037844388,-0.7818314824680299,0.6234898018587334,-1.0,-1.8369701987210297e-16,4.0,0.9,1.73333333333333,5.13333333333333,2.8,3.1444444444444435,1.9619529197334016,0.9,4.53333333333333,2.2944444444444483,1.5663711305166383,0.9,4.53333333333333,0.5333333333333297,3.6333333333333298
2024-09-13 07:00:00,0.833333333333333,7,4,13,9,2024,3,37,0,0.9659258262890683,-0.25881904510252063,-0.433883739117558,-0.9009688679024191,-1.0,-1.8369701987210297e-16,4.53333333333333,4.0,0.9,1.53333333333333,1.06666666666667,3.1222222222222213,2.0000925904471347,0.833333333333333,4.53333333333333,2.177777777777782,1.6577986295970162,0.833333333333333,4.53333333333333,-3.6999999999999966,-3.166666666666667
2024-09-14 14:00:00,1.06666666666667,14,5,14,9,2024,3,37,1,-0.4999999999999997,-0.8660254037844388,-0.9749279121818236,-0.2225209339563146,-1.0,-1.8369701987210297e-16,0.833333333333333,4.53333333333333,4.0,1.06666666666667,1.1,2.1444444444444444,2.0721254073281457,0.833333333333333,4.53333333333333,2.177777777777782,1.6577986295970162,0.833333333333333,4.53333333333333,0.23333333333333695,-3.4666666666666597
2024-09-14 15:00:00,2.26666666666667,15,5,14,9,2024,3,37,1,-0.7071067811865471,-0.7071067811865479,-0.9749279121818236,-0.2225209339563146,-1.0,-1.8369701987210297e-16,1.06666666666667,0.833333333333333,4.53333333333333,1.73333333333333,0.366666666666667,1.388888888888891,0.7690783324685507,0.833333333333333,2.26666666666667,2.266666666666672,1.6434381305319468,0.833333333333333,4.53333333333333,1.2000000000000002,1.4333333333333371
2024-09-18 16:00:00,17.3,16,2,18,9,2024,3,38,0,-0.8660254037844385,-0.5000000000000004,0.9749279121818236,-0.22252093395631434,-1.0,-1.8369701987210297e-16,2.26666666666667,1.06666666666667,0.833333333333333,0.9,3.73333333333333,6.87777777777778,9.045829814728346,1.06666666666667,17.3,5.000000000000005,6.209848808322129,0.833333333333333,17.3,15.033333333333331,16.23333333333333
2024-09-19 17:00:00,17.3666666666667,17,3,19,9,2024,3,38,0,-0.9659258262890683,-0.25881904510252063,0.43388373911755823,-0.900968867902419,-1.0,-1.8369701987210297e-16,17.3,2.26666666666667,1.06666666666667,4.0,26.4,12.311111111111122,8.698807921735643,2.26666666666667,17.3666666666667,7.2277777777777885,7.936845627736265,0.833333333333333,17.3666666666667,0.0666666666666984,15.10000000000003
2024-09-20 09:00:00,1.73333333333333,9,4,20,9,2024,3,38,0,0.7071067811865476,-0.7071067811865475,-0.433883739117558,-0.9009688679024191,-1.0,-1.8369701987210297e-16,17.3666666666667,17.3,2.26666666666667,4.53333333333333,5.13333333333333,12.133333333333342,9.006725881867542,1.73333333333333,17.3666666666667,6.761111111111121,8.204752462016188,0.833333333333333,17.3666666666667,-15.633333333333368,-15.56666666666667
2024-09-20 10:00:00,4.13333333333333,10,4,20,9,2024,3,38,0,0.49999999999999994,-0.8660254037844387,-0.433883739117558,-0.9009688679024191,-1.0,-1.8369701987210297e-16,1.73333333333333,17.3666666666667,17.3,0.833333333333333,1.53333333333333,7.744444444444453,8.419048067944614,1.73333333333333,17.3666666666667,7.3111111111111216,7.829961449221449,1.06666666666667,17.3666666666667,2.4000000000000004,-13.23333333333337
2024-09-20 17:00:00,2.53333333333333,17,4,20,9,2024,3,38,0,-0.9659258262890683,-0.25881904510252063,-0.433883739117558,-0.9009688679024191,-1.0,-1.8369701987210297e-16,4.13333333333333,1.73333333333333,17.3666666666667,1.06666666666667,1.06666666666667,2.7999999999999967,1.2220201853178974,1.73333333333333,4.13333333333333,7.555555555555565,7.615996809834232,1.73333333333333,17.3666666666667,-1.6,0.8
2024-09-21 09:00:00,1.26666666666667,9,5,21,9,2024,3,38,1,0.7071067811865476,-0.7071067811865475,-0.9749279121818236,-0.2225209339563146,-1.0,-1.8369701987210297e-16,2.53333333333333,4.13333333333333,1.73333333333333,2.26666666666667,1.73333333333333,2.6444444444444435,1.4365596763430142,1.26666666666667,4.13333333333333,7.388888888888897,7.764382115122066,1.26666666666667,17.3666666666667,-1.2666666666666602,-2.86666666666666
2024-09-23 08:00:00,3.1,8,0,23,9,2024,3,39,0,0.8660254037844387,-0.4999999999999998,0.0,1.0,-1.0,-1.8369701987210297e-16,1.26666666666667,2.53333333333333,4.13333333333333,17.3,0.9,2.3000000000000003,0.9386751893504732,1.26666666666667,3.1,5.022222222222232,6.131654359565851,1.26666666666667,17.3666666666667,1.8333333333333302,0.56666666666667
2024-09-27 08:00:00,1.46666666666667,8,4,27,9,2024,3,39,0,0.8660254037844387,-0.4999999999999998,-0.433883739117558,-0.9009688679024191,-1.0,-1.8369701987210297e-16,3.1,1.26666666666667,2.53333333333333,17.3666666666667,4.0,1.944444444444447,1.0057243566069716,1.26666666666667,3.1,2.3722222222222267,1.1052232889855196,1.26666666666667,4.13333333333333,-1.6333333333333302,0.19999999999999996
2024-09-27 15:00:00,4.3,15,4,27,9,2024,3,39,0,-0.7071067811865471,-0.7071067811865479,-0.433883739117558,-0.9009688679024191,-1.0,-1.8369701987210297e-16,1.46666666666667,3.1,1.26666666666667,1.73333333333333,4.53333333333333,2.955555555555557,1.4221788187790052,1.46666666666667,4.3,2.8000000000000043,1.2897889577574388,1.26666666666667,4.3,2.83333333333333,1.1999999999999997
2024-09-28 11:00:00,0.366666666666667,11,5,28,9,2024,3,39,1,0.258819045102521,-0.9659258262890682,-0.9749279121818236,-0.2225209339563146,-1.0,-1.8369701987210297e-16,4.3,1.46666666666667,3.1,4.13333333333333,0.833333333333333,2.0444444444444456,2.0293220907828253,0.366666666666667,4.3,2.1722222222222274,1.4210194566907737,0.366666666666667,4.3,-3.9333333333333327,-1.100000000000003
2024-10-14 09:00:00,0.0333333333333333,9,0,14,10,2024,4,42,0,0.7071067811865476,-0.7071067811865475,0.0,1.0,-0.8660254037844386,0.5000000000000001,0.366666666666667,4.3,1.46666666666667,2.53333333333333,1.06666666666667,1.5666666666666664,2.3729962307391324,0.0333333333333333,4.3,1.7555555555555615,1.6431225918504329,0.0333333333333333,4.3,-0.3333333333333337,-4.266666666666667
2024-10-14 16:00:00,5.13333333333333,16,0,14,10,2024,4,42,0,-0.8660254037844385,-0.5000000000000004,0.0,1.0,-0.8660254037844386,0.5000000000000001,0.0333333333333333,0.366666666666667,4.3,1.26666666666667,2.26666666666667,1.8444444444444434,2.853133430171359,0.0333333333333333,5.13333333333333,2.4000000000000044,2.1060758665235704,0.0333333333333333,5.13333333333333,5.099999999999997,4.766666666666663
2024-10-14 17:00:00,1.83333333333333,17,0,14,10,2024,4,42,0,-0.9659258262890683,-0.25881904510252063,0.0,1.0,-0.8660254037844386,0.5000000000000001,5.13333333333333,0.0333333333333333,0.366666666666667,3.1,17.3,2.333333333333331,2.586503431273779,0.0333333333333333,5.13333333333333,2.188888888888893,2.0852568897605255,0.0333333333333333,5.13333333333333,-3.3000000000000003,1.7999999999999967
2024-10-15 10:00:00,12.5666666666667,10,1,15,10,2024,4,42,0,0.49999999999999994,-0.8660254037844387,0.7818314824680298,0.6234898018587336,-0.8660254037844386,0.5000000000000001,1.83333333333333,5.13333333333333,0.0333333333333333,1.46666666666667,17.3666666666667,6.51111111111112,5.497709960957034,1.83333333333333,12.5666666666667,4.038888888888898,4.655816752152866,0.0333333333333333,12.5666666666667,10.73333333333337,7.43333333333337
2024-10-15 15:00:00,28.0,15,1,15,10,2024,4,42,0,-0.7071067811865471,-0.7071067811865479,0.7818314824680298,0.6234898018587336,-0.8660254037844386,0.5000000000000001,12.5666666666667,1.83333333333333,5.13333333333333,4.3,1.73333333333333,14.133333333333345,13.153495521892111,1.83333333333333,28.0,7.988888888888898,10.852048791032994,0.0333333333333333,28.0,15.4333333333333,26.16666666666667
2024-10-17 15:00:00,12.6,15,3,17,10,2024,4,42,0,-0.7071067811865471,-0.7071067811865479,0.43388373911755823,-0.900968867902419,-0.8660254037844386,0.5000000000000001,28.0,12.5666666666667,1.83333333333333,0.366666666666667,4.13333333333333,17.722222222222232,8.900832254053896,12.5666666666667,28.0,10.027777777777787,10.267000355327454,0.0333333333333333,28.0,-15.4,0.033333333333299464
2024-10-22 08:00:00,1.46666666666667,8,1,22,10,2024,4,43,0,0.8660254037844387,-0.4999999999999998,0.7818314824680298,0.6234898018587336,-0.8660254037844386,0.5000000000000001,12.6,28.0,12.5666666666667,0.0333333333333333,2.53333333333333,14.02222222222222,13.323718755718046,1.46666666666667,28.0,10.266666666666676,10.001177708427809,1.46666666666667,28.0,-11.13333333333333,-26.53333333333333
2024-10-26 08:00:00,0.733333333333333,8,5,26,10,2024,4,43,1,0.8660254037844387,-0.4999999999999998,-0.9749279121818236,-0.2225209339563146,-0.8660254037844386,0.5000000000000001,1.46666666666667,12.6,28.0,5.13333333333333,1.26666666666667,4.9333333333333345,6.649644936217935,0.733333333333333,12.6,9.533333333333344,10.596456430754888,0.733333333333333,28.0,-0.733333333333337,-11.866666666666667
2024-10-29 07:00:00,2.6,7,1,29,10,2024,4,44,0,0.9659258262890683,-0.25881904510252063,0.7818314824680298,0.6234898018587336,-0.8660254037844386,0.5000000000000001,0.733333333333333,1.46666666666667,12.6,1.83333333333333,3.1,1.6000000000000008,0.9404490653062486,0.733333333333333,2.6,9.661111111111122,10.489114286655296,0.733333333333333,28.0,1.8666666666666671,1.1333333333333302
2024-11-01 07:00:00,15.5,7,4,1,11,2024,4,44,0,0.9659258262890683,-0.25881904510252063,-0.433883739117558,-0.9009688679024191,-0.5000000000000004,0.8660254037844384,2.6,0.733333333333333,1.46666666666667,12.5666666666667,1.46666666666667,6.277777777777778,8.041029047835808,0.733333333333333,15.5,10.150000000000006,10.7174986716946,0.733333333333333,28.0,12.9,14.766666666666667
2024-11-01 17:00:00,3.56666666666667,17,4,1,11,2024,4,44,0,-0.9659258262890683,-0.25881904510252063,-0.433883739117558,-0.9009688679024191,-0.5000000000000004,0.8660254037844384,15.5,2.6,0.733333333333333,28.0,4.3,7.222222222222222,7.185041044754437,2.6,15.5,6.077777777777783,6.317336522676175,0.733333333333333,15.5,-11.93333333333333,0.9666666666666699
2024-11-08 19:00:00,1.66666666666667,19,4,8,11,2024,4,45,0,-0.9659258262890684,0.2588190451025203,-0.433883739117558,-0.9009688679024191,-0.5000000000000004,0.8660254037844384,3.56666666666667,15.5,2.6,12.6,0.366666666666667,6.911111111111114,7.498617156466273,1.66666666666667,15.5,4.255555555555562,5.5953419780965445,0.733333333333333,15.5,-1.9,-13.83333333333333
2024-11-11 17:00:00,1.66666666666667,17,0,11,11,2024,4,46,0,-0.9659258262890683,-0.25881904510252063,0.0,1.0,-0.5000000000000004,0.8660254037844384,1.66666666666667,3.56666666666667,15.5,1.46666666666667,0.0333333333333333,2.3000000000000034,1.096965511456159,1.66666666666667,3.56666666666667,4.288888888888895,5.575966948198753,0.733333333333333,15.5,0.0,-1.9
2024-11-12 12:00:00,3.86666666666667,12,1,12,11,2024,4,46,0,1.2246467991473532e-16,-1.0,0.7818314824680298,0.6234898018587336,-0.5000000000000004,0.8660254037844384,1.66666666666667,1.66666666666667,3.56666666666667,0.733333333333333,5.13333333333333,2.4000000000000035,1.2701705922136113,1.66666666666667,3.86666666666667,4.811111111111118,5.317086364486186,1.66666666666667,15.5,2.1999999999999997,2.1999999999999997
2024-11-13 12:00:00,2.2,12,2,13,11,2024,4,46,0,1.2246467991473532e-16,-1.0,0.9749279121818236,-0.22252093395631434,-0.5000000000000004,0.8660254037844384,3.86666666666667,1.66666666666667,1.66666666666667,2.6,1.83333333333333,2.57777777777778,1.1476223407672,1.66666666666667,3.86666666666667,4.744444444444452,5.352742460818507,1.66666666666667,15.5,-1.6666666666666696,0.5333333333333301
2024-11-13 17:00:00,5.16666666666667,17,2,13,11,2024,4,46,0,-0.9659258262890683,-0.25881904510252063,0.9749279121818236,-0.22252093395631434,-0.5000000000000004,0.8660254037844384,2.2,3.86666666666667,1.66666666666667,15.5,12.5666666666667,3.7444444444444467,1.4871050673951987,2.2,5.16666666666667,3.0222222222222297,1.4113298168214683,1.66666666666667,5.16666666666667,2.9666666666666694,1.2999999999999998
2024-11-14 10:00:00,3.66666666666667,10,3,14,11,2024,4,46,0,0.49999999999999994,-0.8660254037844387,0.43388373911755823,-0.900968867902419,-0.5000000000000004,0.8660254037844384,5.16666666666667,2.2,3.86666666666667,3.56666666666667,28.0,3.6777777777777803,1.4833645439882148,2.2,5.16666666666667,3.0388888888888963,1.4196113187396628,1.66666666666667,5.16666666666667,-1.4999999999999996,1.46666666666667
2024-11-15 15:00:00,1.46666666666667,15,4,15,11,2024,4,46,0,-0.7071067811865471,-0.7071067811865479,-0.433883739117558,-0.9009688679024191,-0.5000000000000004,0.8660254037844384,3.66666666666667,5.16666666666667,2.2,1.66666666666667,12.6,3.433333333333336,1.8610033136252915,1.46666666666667,5.16666666666667,3.005555555555563,1.460048198087381,1.46666666666667,5.16666666666667,-2.2,-3.6999999999999997
2024-11-21 10:00:00,1.76666666666667,10,3,21,11,2024,4,47,0,0.49999999999999994,-0.8660254037844387,0.43388373911755823,-0.900968867902419,-0.5000000000000004,0.8660254037844384,1.46666666666667,3.66666666666667,5.16666666666667,1.66666666666667,1.46666666666667,2.3000000000000034,1.193035344541089,1.46666666666667,3.66666666666667,3.0222222222222297,1.4421691481408552,1.46666666666667,5.16666666666667,0.30000000000000004,-1.9000000000000001
2024-11-22 07:00:00,2.8,7,4,22,11,2024,4,47,0,0.9659258262890683,-0.25881904510252063,-0.433883739117558,-0.9009688679024191,-0.5000000000000004,0.8660254037844384,1.76666666666667,1.46666666666667,3.66666666666667,3.86666666666667,0.733333333333333,2.0111111111111133,0.6994706993507217,1.46666666666667,2.8,2.8444444444444517,1.3817326750072338,1.46666666666667,5.16666666666667,1.0333333333333299,1.33333333333333
2024-11-22 08:00:00,1.16666666666667,8,4,22,11,2024,4,47,0,0.8660254037844387,-0.4999999999999998,-0.433883739117558,-0.9009688679024191,-0.5000000000000004,0.8660254037844384,2.8,1.76666666666667,1.46666666666667,2.2,2.6,1.9111111111111132,0.8261916197732322,1.16666666666667,2.8,2.6722222222222296,1.5341181566346094,1.16666666666667,5.16666666666667,-1.6333333333333298,-0.5999999999999999
2024-11-24 15:00:00,0.933333333333333,15,6,24,11,2024,4,47,1,-0.7071067811865471,-0.7071067811865479,-0.7818314824680299,0.6234898018587334,-0.5000000000000004,0.8660254037844384,1.16666666666667,2.8,1.76666666666667,5.16666666666667,15.5,1.6333333333333344,1.0170764201550249,0.933333333333333,2.8,1.9666666666666732,1.0566193469939265,0.933333333333333,3.66666666666667,-0.23333333333333706,-1.8666666666666667
2024-11-25 17:00:00,2.13333333333333,17,0,25,11,2024,4,48,0,-0.9659258262890683,-0.25881904510252063,0.0,1.0,-0.5000000000000004,0.8660254037844384,0.933333333333333,1.16666666666667,2.8,3.66666666666667,3.56666666666667,1.4111111111111114,0.63625059120265,0.933333333333333,2.13333333333333,1.7111111111111168,0.682370595517601,0.933333333333333,2.8,1.199999999999997,0.9666666666666601
2024-11-26 12:00:00,2.06666666666667,12,1,26,11,2024,4,48,0,1.2246467991473532e-16,-1.0,0.7818314824680298,0.6234898018587336,-0.5000000000000004,0.8660254037844384,2.13333333333333,0.933333333333333,1.16666666666667,1.46666666666667,1.66666666666667,1.7111111111111112,0.6743995957929805,0.933333333333333,2.13333333333333,1.8111111111111171,0.6833468833326037,0.933333333333333,2.8,-0.06666666666666021,1.1333333333333369
2024-12-01 08:00:00,2.8,8,6,1,12,2024,4,48,1,0.8660254037844387,-0.4999999999999998,-0.7818314824680299,0.6234898018587334,-2.4492935982947064e-16,1.0,2.06666666666667,2.13333333333333,0.933333333333333,1.76666666666667,1.66666666666667,2.3333333333333335,0.405517502008714,2.06666666666667,2.8,1.9833333333333385,0.7915526233630852,0.933333333333333,2.8,0.7333333333333298,0.6666666666666696
2024-12-02 12:00:00,0.533333333333333,12,0,2,12,2024,4,49,0,1.2246467991473532e-16,-1.0,0.0,1.0,-2.4492935982947064e-16,1.0,2.8,2.06666666666667,2.13333333333333,2.8,3.86666666666667,1.8000000000000014,1.1566234381892417,0.533333333333333,2.8,1.6055555555555605,0.8616306676324956,0.533333333333333,2.8,-2.2666666666666666,-1.533333333333337
2024-12-07 09:00:00,0.833333333333333,9,5,7,12,2024,4,49,1,0.7071067811865476,-0.7071067811865475,-0.9749279121818236,-0.2225209339563146,-2.4492935982947064e-16,1.0,0.533333333333333,2.8,2.06666666666667,1.16666666666667,2.2,1.3888888888888886,1.2312294367488275,0.533333333333333,2.8,1.5500000000000045,0.9052317075985882,0.533333333333333,2.8,0.30000000000000004,-1.9666666666666668
2024-12-07 16:00:00,1.0,16,5,7,12,2024,4,49,1,-0.8660254037844385,-0.5000000000000004,-0.9749279121818236,-0.2225209339563146,-2.4492935982947064e-16,1.0,0.833333333333333,0.533333333333333,2.8,0.933333333333333,5.16666666666667,0.7888888888888888,0.23648662946731874,0.533333333333333,1.0,1.561111111111116,0.8965158898414196,0.533333333333333,2.8,0.16666666666666696,0.466666666666667
2024-12-09 10:00:00,4.26666666666667,10,0,9,12,2024,4,50,0,0.49999999999999994,-0.8660254037844387,0.0,1.0,-2.4492935982947064e-16,1.0,1.0,0.833333333333333,0.533333333333333,2.13333333333333,3.66666666666667,2.0333333333333345,1.9359178127618741,0.833333333333333,4.26666666666667,1.9166666666666725,1.4319761015998083,0.533333333333333,4.26666666666667,3.26666666666667,3.433333333333337
2024-12-11 07:00:00,1.03333333333333,7,2,11,12,2024,4,50,0,0.9659258262890683,-0.25881904510252063,0.9749279121818236,-0.22252093395631434,-2.4492935982947064e-16,1.0,4.26666666666667,1.0,0.833333333333333,2.06666666666667,1.46666666666667,2.1,1.8764623926692634,1.0,4.26666666666667,1.7444444444444491,1.4719098201031007,0.533333333333333,4.26666666666667,-3.23333333333334,0.033333333333330106
2024-12-11 18:00:00,1.53333333333333,18,2,11,12,2024,4,50,0,-1.0,-1.8369701987210297e-16,0.9749279121818236,-0.22252093395631434,-2.4492935982947064e-16,1.0,1.03333333333333,4.26666666666667,1.0,2.8,1.76666666666667,2.277777777777777,1.7404767333263074,1.03333333333333,4.26666666666667,1.5333333333333374,1.3780824035987567,0.533333333333333,4.26666666666667,0.5,-2.73333333333334
2024-12-12 17:00:00,5.3,17,3,12,12,2024,4,50,0,-0.9659258262890683,-0.25881904510252063,0.43388373911755823,-0.900968867902419,-2.4492935982947064e-16,1.0,1.53333333333333,1.03333333333333,4.26666666666667,0.533333333333333,2.8,2.62222222222222,2.3324601540779497,1.03333333333333,5.3,2.327777777777782,1.944041228033434,0.833333333333333,5.3,3.7666666666666697,4.266666666666669
2024-12-12 18:00:00,2.2,18,3,12,12,2024,4,50,0,-1.0,-1.8369701987210297e-16,0.43388373911755823,-0.900968867902419,-2.4492935982947064e-16,1.0,5.3,1.53333333333333,1.03333333333333,0.833333333333333,1.16666666666667,3.0111111111111106,2.0100672551836025,1.53333333333333,5.3,2.5555555555555602,1.80931744854989,1.0,5.3,-3.0999999999999996,0.6666666666666701
2024-12-13 18:00:00,26.8,18,4,13,12,2024,4,50,0,-1.0,-1.8369701987210297e-16,-0.433883739117558,-0.9009688679024191,-2.4492935982947064e-16,1.0,2.2,5.3,1.53333333333333,1.0,0.933333333333333,11.433333333333335,13.39788540529156,2.2,26.8,6.8555555555555605,9.907587814210578,1.03333333333333,26.8,24.6,21.5
2024-12-16 10:00:00,2.1,10,0,16,12,2024,4,51,0,0.49999999999999994,-0.8660254037844387,0.0,1.0,-2.4492935982947064e-16,1.0,26.8,2.2,5.3,4.26666666666667,2.13333333333333,10.366666666666667,14.23177196744399,2.1,26.8,6.494444444444448,10.059145461091862,1.03333333333333,26.8,-24.7,-0.10000000000000009
2024-12-17 16:00:00,0.933333333333333,16,1,17,12,2024,4,51,0,-0.8660254037844385,-0.5000000000000004,0.7818314824680298,0.6234898018587336,-2.4492935982947064e-16,1.0,2.1,26.8,2.2,1.03333333333333,2.06666666666667,9.944444444444445,14.60899012911515,0.933333333333333,26.8,6.477777777777781,10.070080363061466,0.933333333333333,26.8,-1.166666666666667,-25.866666666666667
2024-12-17 18:00:00,1.06666666666667,18,1,17,12,2024,4,51,0,-1.0,-1.8369701987210297e-16,0.7818314824680298,0.6234898018587336,-2.4492935982947064e-16,1.0,0.933333333333333,2.1,26.8,1.53333333333333,2.8,1.3666666666666678,0.6385748020152483,0.933333333333333,2.1,6.400000000000006,10.117597431098718,0.933333333333333,26.8,0.13333333333333697,-1.03333333333333
2024-12-19 08:00:00,1.23333333333333,8,3,19,12,2024,4,51,0,0.8660254037844387,-0.4999999999999998,0.43388373911755823,-0.900968867902419,-2.4492935982947064e-16,1.0,1.06666666666667,0.933333333333333,2.1,5.3,0.533333333333333,1.0777777777777777,0.15030832506425307,0.933333333333333,1.23333333333333,5.722222222222228,10.339797261426598,0.933333333333333,26.8,0.16666666666666008,0.29999999999999705
2024-12-19 10:00:00,10.6,10,3,19,12,2024,4,51,0,0.49999999999999994,-0.8660254037844387,0.43388373911755823,-0.900968867902419,-2.4492935982947064e-16,1.0,1.23333333333333,1.06666666666667,0.933333333333333,2.2,0.833333333333333,4.3,5.456596415755481,1.06666666666667,10.6,7.122222222222227,10.336185986171996,0.933333333333333,26.8,9.366666666666669,9.53333333333333
2024-12-20 08:00:00,1.43333333333333,8,4,20,12,2024,4,51,0,0.8660254037844387,-0.4999999999999998,-0.433883739117558,-0.9009688679024191,-2.4492935982947064e-16,1.0,10.6,1.23333333333333,1.06666666666667,26.8,1.0,4.42222222222222,5.351046972667578,1.23333333333333,10.6,2.894444444444449,3.797040758079375,0.933333333333333,10.6,-9.16666666666667,0.19999999999999996
2024-12-20 09:00:00,1.0,9,4,20,12,2024,4,51,0,0.7071067811865476,-0.7071067811865475,-0.433883739117558,-0.9009688679024191,-2.4492935982947064e-16,1.0,1.43333333333333,10.6,1.23333333333333,2.1,4.26666666666667,4.344444444444443,5.421800985458343,1.0,10.6,2.7111111111111157,3.8689456885226767,0.933333333333333,10.6,-0.43333333333333,-9.6
2024-12-20 15:00:00,4.0,15,4,20,12,2024,4,51,0,-0.7071067811865471,-0.7071067811865479,-0.433883739117558,-0.9009688679024191,-2.4492935982947064e-16,1.0,1.0,1.43333333333333,10.6,0.933333333333333,1.03333333333333,2.1444444444444435,1.621499077782756,1.0,4.0,3.2222222222222263,3.7888530464251176,1.0,10.6,3.0,2.56666666666667
2024-12-21 01:00:00,0.0,1,5,21,12,2024,4,51,1,0.25881904510252074,0.9659258262890683,-0.9749279121818236,-0.2225209339563146,-2.4492935982947064e-16,1.0,4.0,1.0,1.43333333333333,1.06666666666667,1.53333333333333,1.6666666666666667,2.0816659994639837,0.0,4.0,3.044444444444448,3.932523457112268,0.0,10.6,-4.0,-1.0
2024-12-21 15:00:00,1.66666666666667,15,5,21,12,2024,4,51,1,-0.7071067811865471,-0.7071067811865479,-0.9749279121818236,-0.2225209339563146,-2.4492935982947064e-16,1.0,0.0,4.0,1.0,1.23333333333333,5.3,1.88888888888889,2.009237924445011,0.0,4.0,3.116666666666671,3.8964228609211027,0.0,10.6,1.66666666666667,-2.33333333333333
2024-12-24 15:00:00,2.66666666666667,15,1,24,12,2024,4,52,0,-0.7071067811865471,-0.7071067811865479,0.7818314824680298,0.6234898018587336,-2.4492935982947064e-16,1.0,1.66666666666667,0.0,4.0,10.6,2.2,1.4444444444444466,1.3471506281058059,0.0,2.66666666666667,1.7944444444444496,1.3873102139129025,0.0,4.0,1.0,2.66666666666667
2024-12-25 09:00:00,1.66666666666667,9,2,25,12,2024,4,52,0,0.7071067811865476,-0.7071067811865475,0.9749279121818236,-0.22252093395631434,-2.4492935982947064e-16,1.0,2.66666666666667,1.66666666666667,0.0,1.43333333333333,26.8,2.0000000000000036,0.5773502691818856,1.66666666666667,2.66666666666667,1.83333333333334,1.3784048752080915,0.0,4.0,-1.0,0.0
2024-12-28 09:00:00,16.0,9,5,28,12,2024,4,52,1,0.7071067811865476,-0.7071067811865475,-0.9749279121818236,-0.2225209339563146,-2.4492935982947064e-16,1.0,1.66666666666667,2.66666666666667,1.66666666666667,1.0,2.1,6.777777777777781,8.002314480013153,1.66666666666667,16.0,4.33333333333334,5.865151319445861,0.0,16.0,14.33333333333333,13.33333333333333
2025-01-01 01:00:00,0.0,1,2,1,1,2025,1,1,0,0.25881904510252074,0.9659258262890683,0.9749279121818236,-0.22252093395631434,0.49999999999999994,0.8660254037844387,16.0,1.66666666666667,2.66666666666667,4.0,0.933333333333333,5.88888888888889,8.7960428813394,0.0,16.0,3.666666666666673,6.131883886702152,0.0,16.0,-16.0,-1.66666666666667
2025-01-02 01:00:00,0.0,1,3,2,1,2025,1,1,0,0.25881904510252074,0.9659258262890683,0.43388373911755823,-0.900968867902419,0.49999999999999994,0.8660254037844387,0.0,16.0,1.66666666666667,0.0,1.06666666666667,5.333333333333335,9.237604307033532,0.0,16.0,3.666666666666673,6.131883886702152,0.0,16.0,0.0,-16.0
2025-01-03 01:00:00,0.00333333333333333,1,4,3,1,2025,1,1,0,0.25881904510252074,0.9659258262890683,-0.433883739117558,-0.9009688679024191,0.49999999999999994,0.8660254037844387,0.0,0.0,16.0,1.66666666666667,1.23333333333333,0.0011111111111122942,0.0019244985565220255,0.0,0.00333333333333333,3.3894444444444503,6.276287089484285,0.0,16.0,0.00333333333333333,0.00333333333333333
2025-01-03 08:00:00,5.76666666666667,8,4,3,1,2025,1,1,0,0.8660254037844387,-0.4999999999999998,-0.433883739117558,-0.9009688679024191,0.49999999999999994,0.8660254037844387,0.00333333333333333,0.0,0.0,2.66666666666667,10.6,1.9233333333333356,3.3284247191580243,0.0,5.76666666666667,3.9061111111111173,6.332235138704924,0.0,16.0,5.763333333333337,5.76666666666667
2025-01-04 01:00:00,0.0333333333333333,1,5,4,1,2025,1,1,1,0.25881904510252074,0.9659258262890683,-0.9749279121818236,-0.2225209339563146,0.49999999999999994,0.8660254037844387,5.76666666666667,0.00333333333333333,0.0,1.66666666666667,1.43333333333333,1.9344444444444466,3.318835694993266,0.00333333333333333,5.76666666666667,3.6338888888888943,6.481121445026523,0.0,16.0,-5.733333333333337,0.029999999999999968
2025-01-05 01:00:00,0.0,1,6,5,1,2025,1,1,1,0.25881904510252074,0.9659258262890683,-0.7818314824680299,0.6234898018587334,0.49999999999999994,0.8660254037844387,0.0333333333333333,5.76666666666667,0.00333333333333333,16.0,1.0,1.9333333333333356,3.319805884551411,0.0,5.76666666666667,0.9672222222222274,2.3512742802017264,0.0,5.76666666666667,-0.0333333333333333,-5.76666666666667
2025-01-05 18:00:00,1.73333333333333,18,6,5,1,2025,1,1,1,-1.0,-1.8369701987210297e-16,-0.7818314824680299,0.6234898018587334,0.49999999999999994,0.8660254037844387,0.0,0.0333333333333333,5.76666666666667,0.0,4.0,0.5888888888888889,0.9912580857595056,0.0,1.73333333333333,1.2561111111111158,2.3148702067441036,0.0,5.76666666666667,1.73333333333333,1.6999999999999968
2025-01-06 01:00:00,0.0666666666666667,1,0,6,1,2025,1,2,0,0.25881904510252074,0.9659258262890683,0.0,1.0,0.49999999999999994,0.8660254037844387,1.73333333333333,0.0,0.0333333333333333,0.0,0.0,0.6000000000000001,0.9820613241725038,0.0,1.73333333333333,1.267222222222227,2.3077843310231425,0.0,5.76666666666667,-1.6666666666666634,0.0666666666666667
2025-01-07 01:00:00,0.0,1,1,7,1,2025,1,2,0,0.25881904510252074,0.9659258262890683,0.7818314824680298,0.6234898018587336,0.49999999999999994,0.8660254037844387,0.0666666666666667,1.73333333333333,0.0,0.00333333333333333,1.66666666666667,0.6000000000000001,0.9820613241725038,0.0,1.73333333333333,1.2666666666666715,2.3081498121987165,0.0,5.76666666666667,-0.0666666666666667,-1.73333333333333
2025-01-07 10:00:00,17.3333333333333,10,1,7,1,2025,1,2,0,0.49999999999999994,-0.8660254037844387,0.7818314824680298,0.6234898018587336,0.49999999999999994,0.8660254037844387,0.0,0.0666666666666667,1.73333333333333,5.76666666666667,2.66666666666667,5.79999999999999,9.988215278238412,0.0,17.3333333333333,3.194444444444443,6.9602814970743685,0.0,17.3333333333333,17.3333333333333,17.266666666666634
2025-01-08 01:00:00,0.0,1,2,8,1,2025,1,2,0,0.25881904510252074,0.9659258262890683,0.9749279121818236,-0.22252093395631434,0.49999999999999994,0.8660254037844387,17.3333333333333,0.0,0.0666666666666667,0.0333333333333333,1.66666666666667,5.777777777777768,10.007404665953054,0.0,17.3333333333333,3.188888888888887,6.96332189776181,0.0,17.3333333333333,-17.3333333333333,0.0
2025-01-08 07:00:00,2.03333333333333,7,2,8,1,2025,1,2,0,0.9659258262890683,-0.25881904510252063,0.9749279121818236,-0.22252093395631434,0.49999999999999994,0.8660254037844387,0.0,17.3333333333333,0.0,0.0,16.0,6.455555555555545,9.475133146723532,0.0,17.3333333333333,3.5277777777777755,6.825195696556517,0.0,17.3333333333333,2.03333333333333,-15.29999999999997
2025-01-08 10:00:00,2.0,10,2,8,1,2025,1,2,0,0.49999999999999994,-0.8660254037844387,0.9749279121818236,-0.22252093395631434,0.49999999999999994,0.8660254037844387,2.03333333333333,0.0,17.3333333333333,1.73333333333333,0.0,1.3444444444444443,1.1644423239976232,0.0,2.03333333333333,3.572222222222221,6.812029120661336,0.0,17.3333333333333,-0.033333333333330106,2.0
2025-01-09 01:00:00,0.0,1,3,9,1,2025,1,2,0,0.25881904510252074,0.9659258262890683,0.43388373911755823,-0.900968867902419,0.49999999999999994,0.8660254037844387,2.0,2.03333333333333,0.0,0.0666666666666667,0.0,1.3444444444444443,1.1644423239976232,0.0,2.03333333333333,3.56111111111111,6.818941484054565,0.0,17.3333333333333,-2.0,-2.03333333333333
2025-01-09 09:00:00,3.2,9,3,9,1,2025,1,2,0,0.7071067811865476,-0.7071067811865475,0.43388373911755823,-0.900968867902419,0.49999999999999994,0.8660254037844387,0.0,2.0,2.03333333333333,0.0,0.00333333333333333,1.7333333333333345,1.6165807537281907,0.0,3.2,4.094444444444443,6.606542772691685,0.0,17.3333333333333,3.2,1.2000000000000002
2025-01-09 11:00:00,2.8,11,3,9,1,2025,1,2,0,0.258819045102521,-0.9659258262890682,0.43388373911755823,-0.900968867902419,0.49999999999999994,0.8660254037844387,3.2,0.0,2.0,17.3333333333333,5.76666666666667,2.0000000000000013,1.743559577413711,0.0,3.2,1.6722222222222263,1.3737890290338313,0.0,3.2,-0.40000000000000036,2.8
2025-01-10 01:00:00,0.0,1,4,10,1,2025,1,2,0,0.25881904510252074,0.9659258262890683,-0.433883739117558,-0.9009688679024191,0.49999999999999994,0.8660254037844387,2.8,3.2,0.0,0.0,0.0333333333333333,2.0000000000000013,1.743559577413711,0.0,3.2,1.6722222222222263,1.3737890290338313,0.0,3.2,-2.8,-3.2
2025-01-11 01:00:00,0.0,1,5,11,1,2025,1,2,1,0.25881904510252074,0.9659258262890683,-0.9749279121818236,-0.2225209339563146,0.49999999999999994,0.8660254037844387,0.0,2.8,3.2,2.03333333333333,0.0,0.9333333333333345,1.6165807537281842,0.0,2.8,1.3333333333333381,1.5108496505821074,0.0,3.2,0.0,-2.8
2025-01-11 12:00:00,0.266666666666667,12,5,11,1,2025,1,2,1,1.2246467991473532e-16,-1.0,-0.9749279121818236,-0.2225209339563146,0.49999999999999994,0.8660254037844387,0.0,0.0,2.8,2.0,1.73333333333333,0.08888888888889018,0.15396007175476897,0.0,0.266666666666667,1.0444444444444494,1.5235436275940981,0.0,3.2,0.266666666666667,0.266666666666667
2025-01-12 01:00:00,0.0333333333333333,1,6,12,1,2025,1,2,1,0.25881904510252074,0.9659258262890683,-0.7818314824680299,0.6234898018587334,0.49999999999999994,0.8660254037844387,0.266666666666667,0.0,0.0,0.0,0.0666666666666667,0.10000000000000127,0.14529663142048854,0.0,0.266666666666667,1.050000000000005,1.5190274666515557,0.0,3.2,-0.2333333333333337,0.0333333333333333
2025-01-12 08:00:00,1.53333333333333,8,6,12,1,2025,1,2,1,0.8660254037844387,-0.4999999999999998,-0.7818314824680299,0.6234898018587334,0.49999999999999994,0.8660254037844387,0.0333333333333333,0.266666666666667,0.0,3.2,0.0,0.6111111111111113,0.8071440277128497,0.0333333333333333,1.53333333333333,0.7722222222222265,1.1563191921227731,0.0,2.8,1.499999999999997,1.266666666666663
2025-01-16 08:00:00,0.35,8,3,16,1,2025,1,3,0,0.8660254037844387,-0.4999999999999998,0.43388373911755823,-0.900968867902419,0.49999999999999994,0.8660254037844387,1.53333333333333,0.0333333333333333,0.266666666666667,2.8,17.3333333333333,0.638888888888889,0.7906279735650855,0.0333333333333333,1.53333333333333,0.36388888888889315,0.591834874366062,0.0,1.53333333333333,-1.18333333333333,0.31666666666666665
2025-01-17 17:00:00,5.9,17,4,17,1,2025,1,3,0,-0.9659258262890683,-0.25881904510252063,-0.433883739117558,-0.9009688679024191,0.49999999999999994,0.8660254037844387,0.35,1.53333333333333,0.0333333333333333,0.0,0.0,2.5944444444444446,2.9231990340350915,0.35,5.9,1.3472222222222265,2.300686290523942,0.0,5.9,5.550000000000001,4.366666666666671
2025-01-20 01:00:00,0.0666666666666667,1,0,20,1,2025,1,4,0,0.25881904510252074,0.9659258262890683,0.0,1.0,0.49999999999999994,0.8660254037844387,5.9,0.35,1.53333333333333,0.0,2.03333333333333,2.1055555555555565,3.2891375656723465,0.0666666666666667,5.9,1.3583333333333376,2.293026869057498,0.0333333333333333,5.9,-5.833333333333334,-0.28333333333333327
2025-01-20 17:00:00,2.26666666666667,17,0,20,1,2025,1,4,0,-0.9659258262890683,-0.25881904510252063,0.0,1.0,0.49999999999999994,0.8660254037844387,0.0666666666666667,5.9,0.35,0.266666666666667,2.0,2.744444444444447,2.945869676027649,0.0666666666666667,5.9,1.6916666666666715,2.2475109689505364,0.0333333333333333,5.9,2.2000000000000033,-3.63333333333333
2025-01-22 08:00:00,1.2,8,2,22,1,2025,1,4,0,0.8660254037844387,-0.4999999999999998,0.9749279121818236,-0.22252093395631434,0.49999999999999994,0.8660254037844387,2.26666666666667,0.0666666666666667,5.9,0.0333333333333333,0.0,1.17777777777778,1.1001683372836322,0.0666666666666667,2.26666666666667,1.8861111111111162,2.122326204549138,0.0666666666666667,5.9,-1.0666666666666702,1.1333333333333333
2025-01-23 14:00:00,16.7333333333333,14,3,23,1,2025,1,4,0,-0.4999999999999997,-0.8660254037844388,0.43388373911755823,-0.900968867902419,0.49999999999999994,0.8660254037844387,1.2,2.26666666666667,0.0666666666666667,1.53333333333333,3.2,6.733333333333324,8.676660904082588,1.2,16.7333333333333,4.419444444444444,6.392655652879611,0.0666666666666667,16.7333333333333,15.5333333333333,14.46666666666663
2025-01-25 09:00:00,25.8,9,5,25,1,2025,1,4,1,0.7071067811865476,-0.7071067811865475,-0.9749279121818236,-0.2225209339563146,0.49999999999999994,0.8660254037844387,16.7333333333333,1.2,2.26666666666667,0.35,2.8,14.577777777777769,12.440852656261393,1.2,25.8,8.661111111111111,10.36289141690272,0.0666666666666667,25.8,9.066666666666702,24.6
2025-01-25 12:00:00,3.46666666666667,12,5,25,1,2025,1,4,1,1.2246467991473532e-16,-1.0,-0.9749279121818236,-0.2225209339563146,0.49999999999999994,0.8660254037844387,25.8,16.7333333333333,1.2,5.9,0.0,15.333333333333323,11.232294709650196,3.46666666666667,25.8,8.255555555555556,10.538683591979094,0.0666666666666667,25.8,-22.333333333333332,-13.266666666666628
2025-01-26 17:00:00,1.06666666666667,17,6,26,1,2025,1,4,1,-0.9659258262890683,-0.25881904510252063,-0.7818314824680299,0.6234898018587334,0.49999999999999994,0.8660254037844387,3.46666666666667,25.8,16.7333333333333,0.0666666666666667,0.0,10.111111111111114,13.639865319200084,1.06666666666667,25.8,8.422222222222222,10.390137774012455,1.06666666666667,25.8,-2.4,-24.73333333333333
2025-01-27 16:00:00,4.13333333333333,16,0,27,1,2025,1,5,0,-0.8660254037844385,-0.5000000000000004,0.0,1.0,0.49999999999999994,0.8660254037844387,1.06666666666667,3.46666666666667,25.8,2.26666666666667,0.266666666666667,2.888888888888891,1.6129108721416043,1.06666666666667,4.13333333333333,8.733333333333333,10.195075063752748,1.06666666666667,25.8,3.06666666666666,0.6666666666666603
2025-01-28 13:00:00,2.06666666666667,13,1,28,1,2025,1,5,0,-0.2588190451025208,-0.9659258262890683,0.7818314824680298,0.6234898018587336,0.49999999999999994,0.8660254037844387,4.13333333333333,1.06666666666667,3.46666666666667,1.2,0.0333333333333333,2.4222222222222243,1.563945627544967,1.06666666666667,4.13333333333333,8.877777777777778,10.072397191591618,1.06666666666667,25.8,-2.06666666666666,1.0
2025-01-30 12:00:00,4.0,12,3,30,1,2025,1,5,0,1.2246467991473532e-16,-1.0,0.43388373911755823,-0.900968867902419,0.49999999999999994,0.8660254037844387,2.06666666666667,4.13333333333333,1.06666666666667,16.7333333333333,1.53333333333333,3.400000000000001,1.156623438189328,2.06666666666667,4.13333333333333,6.755555555555561,9.405593292567076,1.06666666666667,25.8,1.93333333333333,-0.1333333333333302
2025-01-31 08:00:00,1.8,8,4,31,1,2025,1,5,0,0.8660254037844387,-0.4999999999999998,-0.433883739117558,-0.9009688679024191,0.49999999999999994,0.8660254037844387,4.0,2.06666666666667,4.13333333333333,25.8,0.35,2.6222222222222245,1.200617125262084,1.8,4.0,2.7555555555555613,1.280046295458084,1.06666666666667,4.13333333333333,-2.2,-0.26666666666666994
2025-02-02 01:00:00,0.0333333333333333,1,6,2,2,2025,1,5,1,0.25881904510252074,0.9659258262890683,-0.7818314824680299,0.6234898018587334,0.8660254037844386,0.5000000000000001,1.8,4.0,2.06666666666667,3.46666666666667,5.9,1.9444444444444455,1.9872743291378654,0.0333333333333333,4.0,2.1833333333333385,1.6206651583695444,0.0333333333333333,4.13333333333333,-1.7666666666666668,-3.966666666666667
2025-02-04 12:00:00,1.76666666666667,12,1,4,2,2025,1,6,0,1.2246467991473532e-16,-1.0,0.7818314824680298,0.6234898018587336,0.8660254037844386,0.5000000000000001,0.0333333333333333,1.8,4.0,1.06666666666667,0.0666666666666667,1.2000000000000022,1.0105004260771924,0.0333333333333333,1.8,2.300000000000005,1.5477582354983563,0.0333333333333333,4.13333333333333,1.7333333333333367,-0.033333333333330106
2025-02-05 07:00:00,17.6833333333333,7,2,5,2,2025,1,6,0,0.9659258262890683,-0.25881904510252063,0.9749279121818236,-0.22252093395631434,0.8660254037844386,0.5000000000000001,1.76666666666667,0.0333333333333333,1.8,4.13333333333333,2.26666666666667,6.4944444444444365,9.728542390154235,0.0333333333333333,17.6833333333333,4.558333333333334,6.552300274627701,0.0333333333333333,17.6833333333333,15.916666666666632,17.649999999999967
2025-02-05 18:00:00,0.933333333333333,18,2,5,2,2025,1,6,0,-1.0,-1.8369701987210297e-16,0.9749279121818236,-0.22252093395631434,0.8660254037844386,0.5000000000000001,17.6833333333333,1.76666666666667,0.0333333333333333,2.06666666666667,1.2,6.794444444444436,9.43925511028428,0.933333333333333,17.6833333333333,4.3694444444444445,6.654041517642932,0.0333333333333333,17.6833333333333,-16.749999999999968,-0.8333333333333369
2025-02-07 07:00:00,1.16666666666667,7,4,7,2,2025,1,6,0,0.9659258262890683,-0.25881904510252063,-0.433883739117558,-0.9009688679024191,0.8660254037844386,0.5000000000000001,0.933333333333333,17.6833333333333,1.76666666666667,4.0,16.7333333333333,6.594444444444437,9.603968122796669,0.933333333333333,17.6833333333333,3.897222222222222,6.784757562741833,0.0333333333333333,17.6833333333333,0.23333333333333706,-16.51666666666663
2025-02-07 19:00:00,6.0,19,4,7,2,2025,1,6,0,-0.9659258262890684,0.2588190451025203,-0.433883739117558,-0.9009688679024191,0.8660254037844386,0.5000000000000001,1.16666666666667,0.933333333333333,17.6833333333333,1.8,25.8,2.7000000000000024,2.860264168062496,0.933333333333333,6.0,4.597222222222222,6.74163198727498,0.0333333333333333,17.6833333333333,4.83333333333333,5.066666666666667
2025-02-09 17:00:00,3.6,17,6,9,2,2025,1,6,1,-0.9659258262890683,-0.25881904510252063,-0.7818314824680299,0.6234898018587334,0.8660254037844386,0.5000000000000001,6.0,1.16666666666667,0.933333333333333,0.0333333333333333,3.46666666666667,3.5888888888888917,2.4166858236770286,1.16666666666667,6.0,5.191666666666667,6.407701529322839,0.933333333333333,17.6833333333333,-2.4,2.43333333333333
2025-02-11 09:00:00,2.33333333333333,9,1,11,2,2025,1,7,0,0.7071067811865476,-0.7071067811865475,0.7818314824680298,0.6234898018587336,0.8660254037844386,0.5000000000000001,3.6,6.0,1.16666666666667,1.76666666666667,1.06666666666667,3.977777777777778,1.8622964716014792,2.33333333333333,6.0,5.2861111111111105,6.351049053036156,0.933333333333333,17.6833333333333,-1.2666666666666702,-3.66666666666667
2025-02-15 07:00:00,1.23333333333333,7,5,15,2,2025,1,7,1,0.9659258262890683,-0.25881904510252063,-0.9749279121818236,-0.2225209339563146,0.8660254037844386,0.5000000000000001,2.33333333333333,3.6,6.0,17.6833333333333,4.13333333333333,2.388888888888888,1.1843110202069915,1.23333333333333,3.6,2.5444444444444487,1.965329112010493,0.933333333333333,6.0,-1.0999999999999999,-2.36666666666667
2025-02-15 10:00:00,1.23333333333333,10,5,15,2,2025,1,7,1,0.49999999999999994,-0.8660254037844387,-0.9749279121818236,-0.2225209339563146,0.8660254037844386,0.5000000000000001,1.23333333333333,2.33333333333333,3.6,0.933333333333333,2.06666666666667,1.5999999999999979,0.6350852961015896,1.23333333333333,2.33333333333333,2.594444444444448,1.9194231386493765,1.16666666666667,6.0,0.0,-1.0999999999999999
2025-02-17 08:00:00,1.46666666666667,8,0,17,2,2025,1,8,0,0.8660254037844387,-0.4999999999999998,0.0,1.0,0.8660254037844386,0.5000000000000001,1.23333333333333,1.23333333333333,2.33333333333333,1.16666666666667,4.0,1.3111111111111111,0.1347150627778981,1.23333333333333,1.46666666666667,2.644444444444448,1.8782576638601245,1.23333333333333,6.0,0.23333333333333983,0.23333333333333983
2025-02-18 08:00:00,2.06666666666667,8,1,18,2,2025,1,8,0,0.8660254037844387,-0.4999999999999998,0.7818314824680298,0.6234898018587336,0.8660254037844386,0.5000000000000001,1.46666666666667,1.23333333333333,1.23333333333333,6.0,1.8,1.5888888888888912,0.42990093603751034,1.23333333333333,2.06666666666667,1.9888888888888931,0.9093750397720278,1.23333333333333,3.6,0.6000000000000001,0.8333333333333399
2025-02-18 09:00:00,3.0,9,1,18,2,2025,1,8,0,0.7071067811865476,-0.7071067811865475,0.7818314824680298,0.6234898018587336,0.8660254037844386,0.5000000000000001,2.06666666666667,1.46666666666667,1.23333333333333,3.6,0.0333333333333333,2.177777777777781,0.7726817178037529,1.46666666666667,3.0,1.888888888888893,0.707316263275281,1.23333333333333,3.0,0.93333333333333,1.53333333333333
2025-02-18 10:00:00,3.66666666666667,10,1,18,2,2025,1,8,0,0.49999999999999994,-0.8660254037844387,0.7818314824680298,0.6234898018587336,0.8660254037844386,0.5000000000000001,3.0,2.06666666666667,1.46666666666667,2.33333333333333,1.76666666666667,2.9111111111111145,0.803695169773383,2.06666666666667,3.66666666666667,2.1111111111111165,1.0166757740927297,1.23333333333333,3.66666666666667,0.6666666666666701,1.6
2025-02-18 16:00:00,5.06666666666667,16,1,18,2,2025,1,8,0,-0.8660254037844385,-0.5000000000000004,0.7818314824680298,0.6234898018587336,0.8660254037844386,0.5000000000000001,3.66666666666667,3.0,2.06666666666667,1.23333333333333,17.6833333333333,3.9111111111111145,1.0547950476674415,3.0,5.06666666666667,2.7500000000000058,1.4617721360647231,1.23333333333333,5.06666666666667,1.4,2.06666666666667
2025-02-20 07:00:00,17.2,7,3,20,2,2025,1,8,0,0.9659258262890683,-0.25881904510252063,0.43388373911755823,-0.900968867902419,0.8660254037844386,0.5000000000000001,5.06666666666667,3.66666666666667,3.0,1.23333333333333,0.933333333333333,8.644444444444447,7.442321421985172,3.66666666666667,17.2,5.4111111111111185,5.910956556041073,1.46666666666667,17.2,12.13333333333333,13.53333333333333
2025-02-20 19:00:00,0.366666666666667,19,3,20,2,2025,1,8,0,-0.9659258262890684,0.2588190451025203,0.43388373911755823,-0.900968867902419,0.8660254037844386,0.5000000000000001,17.2,5.06666666666667,3.66666666666667,1.46666666666667,1.16666666666667,7.544444444444445,8.685897467435709,0.366666666666667,17.2,5.227777777777785,6.072613080843135,0.366666666666667,17.2,-16.833333333333332,-4.700000000000003
2025-02-22 01:00:00,0.00333333333333333,1,5,22,2,2025,1,8,1,0.25881904510252074,0.9659258262890683,-0.9749279121818236,-0.2225209339563146,0.8660254037844386,0.5000000000000001,0.366666666666667,17.2,5.06666666666667,2.06666666666667,6.0,5.856666666666668,9.82529445416789,0.00333333333333333,17.2,4.883888888888896,6.339965095125124,0.00333333333333333,17.2,-0.3633333333333336,-17.196666666666665
2025-02-22 17:00:00,1.93333333333333,17,5,22,2,2025,1,8,1,-0.9659258262890683,-0.25881904510252063,-0.9749279121818236,-0.2225209339563146,0.8660254037844386,0.5000000000000001,0.00333333333333333,0.366666666666667,17.2,3.0,3.6,0.7677777777777767,1.025618151449984,0.00333333333333333,1.93333333333333,4.706111111111117,6.4178329387439765,0.00333333333333333,17.2,1.9299999999999966,1.566666666666663
2025-02-28 15:00:00,1.06666666666667,15,4,28,2,2025,1,9,0,-0.7071067811865471,-0.7071067811865479,-0.433883739117558,-0.9009688679024191,0.8660254037844386,0.5000000000000001,1.93333333333333,0.00333333333333333,0.366666666666667,3.66666666666667,2.33333333333333,1.001111111111111,0.9666685823689756,0.00333333333333333,1.93333333333333,4.272777777777784,6.587584422116806,0.00333333333333333,17.2,-0.86666666666666,1.0633333333333366
2025-02-28 16:00:00,1.2,16,4,28,2,2025,1,9,0,-0.8660254037844385,-0.5000000000000004,-0.433883739117558,-0.9009688679024191,0.8660254037844386,0.5000000000000001,1.06666666666667,1.93333333333333,0.00333333333333333,5.06666666666667,1.23333333333333,1.4000000000000001,0.46666666665713813,1.06666666666667,1.93333333333333,3.6283333333333387,6.6828316519935145,0.00333333333333333,17.2,0.13333333333332997,-0.7333333333333301
2025-03-02 08:00:00,2.0,8,6,2,3,2025,1,9,1,0.8660254037844387,-0.4999999999999998,-0.7818314824680299,0.6234898018587334,1.0,6.123233995736766e-17,1.2,1.06666666666667,1.93333333333333,17.2,1.23333333333333,1.4222222222222234,0.5047918529512176,1.06666666666667,2.0,1.0950000000000053,0.8069524287215551,0.00333333333333333,2.0,0.8,0.93333333333333
2025-03-04 08:00:00,3.53333333333333,8,1,4,3,2025,1,10,0,0.8660254037844387,-0.4999999999999998,0.7818314824680298,0.6234898018587336,1.0,6.123233995736766e-17,2.0,1.2,1.06666666666667,0.366666666666667,1.46666666666667,2.244444444444443,1.1857174730588447,1.2,3.53333333333333,1.6227777777777825,1.1831791761860813,0.00333333333333333,3.53333333333333,1.53333333333333,2.3333333333333304
2025-03-06 10:00:00,0.333333333333333,10,3,6,3,2025,1,10,0,0.49999999999999994,-0.8660254037844387,0.43388373911755823,-0.900968867902419,1.0,6.123233995736766e-17,3.53333333333333,2.0,1.2,0.00333333333333333,2.06666666666667,1.9555555555555542,1.6004628959999667,0.333333333333333,3.53333333333333,1.6777777777777825,1.0974043449402366,0.333333333333333,3.53333333333333,-3.199999999999997,-1.666666666666667
2025-03-10 08:00:00,0.766666666666667,8,0,10,3,2025,1,11,0,0.8660254037844387,-0.4999999999999998,0.0,1.0,1.0,6.123233995736766e-17,0.333333333333333,3.53333333333333,2.0,1.93333333333333,3.0,1.5444444444444432,1.736002218804691,0.333333333333333,3.53333333333333,1.4833333333333385,1.145377181930169,0.333333333333333,3.53333333333333,0.43333333333333407,-2.766666666666663
2025-03-10 09:00:00,1.7,9,0,10,3,2025,1,11,0,0.7071067811865476,-0.7071067811865475,0.0,1.0,1.0,6.123233995736766e-17,0.766666666666667,0.333333333333333,3.53333333333333,1.06666666666667,3.66666666666667,0.9333333333333332,0.6984108946521925,0.333333333333333,1.7,1.5888888888888937,1.1283550793888404,0.333333333333333,3.53333333333333,0.9333333333333329,1.366666666666667
2025-03-15 08:00:00,1.8,8,5,15,3,2025,1,11,1,0.8660254037844387,-0.4999999999999998,-0.9749279121818236,-0.2225209339563146,1.0,6.123233995736766e-17,1.7,0.766666666666667,0.333333333333333,1.2,5.06666666666667,1.4222222222222225,0.5699252712469631,0.766666666666667,1.8,1.6888888888888935,1.1134863500956205,0.333333333333333,3.53333333333333,0.10000000000000009,1.033333333333333
2025-03-18 08:00:00,1.26666666666667,8,1,18,3,2025,1,12,0,0.8660254037844387,-0.4999999999999998,0.7818314824680298,0.6234898018587336,1.0,6.123233995736766e-17,1.8,1.7,0.766666666666667,2.0,17.2,1.5888888888888901,0.2834966849215054,1.26666666666667,1.8,1.5666666666666718,1.1127543404631732,0.333333333333333,3.53333333333333,-0.5333333333333301,-0.43333333333333
2025-03-18 09:00:00,28.1,9,1,18,3,2025,1,12,0,0.7071067811865476,-0.7071067811865475,0.7818314824680298,0.6234898018587336,1.0,6.123233995736766e-17,1.26666666666667,1.8,1.7,3.53333333333333,0.366666666666667,10.388888888888891,15.34059007025789,1.26666666666667,28.1,5.661111111111118,11.006854766546592,0.333333333333333,28.1,26.833333333333332,26.3
2025-03-18 16:00:00,10.1,16,1,18,3,2025,1,12,0,-0.8660254037844385,-0.5000000000000004,0.7818314824680298,0.6234898018587336,1.0,6.123233995736766e-17,28.1,1.26666666666667,1.8,0.333333333333333,0.00333333333333333,13.155555555555557,13.675132879034509,1.26666666666667,28.1,7.288888888888895,10.781231977977313,0.766666666666667,28.1,-18.0,8.83333333333333
2025-03-19 08:00:00,17.5,8,2,19,3,2025,1,12,0,0.8660254037844387,-0.4999999999999998,0.9749279121818236,-0.22252093395631434,1.0,6.123233995736766e-17,10.1,28.1,1.26666666666667,0.766666666666667,1.93333333333333,18.566666666666666,9.047283201786318,10.1,28.1,10.077777777777785,10.920025776661916,1.26666666666667,28.1,7.4,-10.600000000000001
2025-03-19 09:00:00,2.26666666666667,9,2,19,3,2025,1,12,0,0.7071067811865476,-0.7071067811865475,0.9749279121818236,-0.22252093395631434,1.0,6.123233995736766e-17,17.5,10.1,28.1,1.7,1.06666666666667,9.955555555555556,7.617693828137922,2.26666666666667,17.5,10.17222222222223,10.835198130099709,1.26666666666667,28.1,-15.23333333333333,-7.8333333333333295
2025-03-24 12:00:00,3.76666666666667,12,0,24,3,2025,1,13,0,1.2246467991473532e-16,-1.0,0.0,1.0,1.0,6.123233995736766e-17,2.26666666666667,17.5,10.1,1.8,1.2,7.844444444444446,8.395523498556006,2.26666666666667,17.5,10.500000000000007,10.557461816175218,1.26666666666667,28.1,1.5,-13.73333333333333
2025-03-27 14:00:00,2.53333333333333,14,3,27,3,2025,1,13,0,-0.4999999999999997,-0.8660254037844388,0.43388373911755823,-0.900968867902419,1.0,6.123233995736766e-17,3.76666666666667,2.26666666666667,17.5,1.26666666666667,2.0,2.8555555555555556,0.8002314479958464,2.26666666666667,3.76666666666667,10.711111111111117,10.346457615299206,2.26666666666667,28.1,-1.23333333333334,0.26666666666665995
2025-03-28 07:00:00,0.533333333333333,7,4,28,3,2025,1,13,0,0.9659258262890683,-0.25881904510252063,-0.433883739117558,-0.9009688679024191,1.0,6.123233995736766e-17,2.53333333333333,3.76666666666667,2.26666666666667,28.1,3.53333333333333,2.2777777777777763,1.6317452597092903,0.533333333333333,3.76666666666667,6.116666666666672,6.477748237020315,0.533333333333333,17.5,-1.9999999999999971,-3.233333333333337
2025-03-28 17:00:00,4.93333333333333,17,4,28,3,2025,1,13,0,-0.9659258262890683,-0.25881904510252063,-0.433883739117558,-0.9009688679024191,1.0,6.123233995736766e-17,0.533333333333333,2.53333333333333,3.76666666666667,10.1,0.333333333333333,2.666666666666663,2.2030282189124315,0.533333333333333,4.93333333333333,5.255555555555561,6.178840835793688,0.533333333333333,17.5,4.399999999999997,2.4
2025-03-29 17:00:00,5.8,17,5,29,3,2025,1,13,1,-0.9659258262890683,-0.25881904510252063,-0.9749279121818236,-0.2225209339563146,1.0,6.123233995736766e-17,4.93333333333333,0.533333333333333,2.53333333333333,17.5,0.766666666666667,3.755555555555553,2.8239714614007685,0.533333333333333,5.8,3.305555555555561,1.9206962472165083,0.533333333333333,5.8,0.8666666666666698,5.266666666666667
2025-03-31 01:00:00,0.0,1,0,31,3,2025,1,14,0,0.25881904510252074,0.9659258262890683,0.0,1.0,1.0,6.123233995736766e-17,5.8,4.93333333333333,0.533333333333333,2.26666666666667,1.7,3.5777777777777757,3.1286016282261504,0.0,5.8,2.927777777777783,2.3424978754085966,0.0,5.8,-5.8,-4.93333333333333
2025-03-31 13:00:00,1.9,13,0,31,3,2025,1,14,0,-0.2588190451025208,-0.9659258262890683,0.0,1.0,1.0,6.123233995736766e-17,0.0,5.8,4.93333333333333,3.76666666666667,1.8,2.566666666666665,2.9569128044845154,0.0,5.8,2.616666666666671,2.3327380192949545,0.0,5.8,1.9,-3.9
2025-04-04 07:00:00,1.43333333333333,7,4,4,4,2025,2,14,0,0.9659258262890683,-0.25881904510252063,-0.433883739117558,-0.9009688679024191,0.8660254037844387,-0.4999999999999998,1.9,0.0,5.8,2.53333333333333,1.26666666666667,1.1111111111111087,0.9901365412716967,0.0,1.9,2.433333333333338,2.3832750575620674,0.0,5.8,-0.4666666666666699,1.43333333333333
2025-04-04 08:00:00,1.8,8,4,4,4,2025,2,14,0,0.8660254037844387,-0.4999999999999998,-0.433883739117558,-0.9009688679024191,0.8660254037844387,-0.4999999999999998,1.43333333333333,1.9,0.0,0.533333333333333,28.1,1.7111111111111088,0.24570382650967565,1.43333333333333,1.9,2.6444444444444493,2.232653296134047,0.0,5.8,0.36666666666667,-0.09999999999999987
2025-04-07 07:00:00,26.3,7,0,7,4,2025,2,15,0,0.9659258262890683,-0.25881904510252063,0.0,1.0,0.8660254037844387,-0.4999999999999998,1.8,1.43333333333333,1.9,4.93333333333333,10.1,9.844444444444443,14.25210835604978,1.43333333333333,26.3,6.20555555555556,10.031758828101022,0.0,26.3,24.5,24.86666666666667
2025-04-19 15:00:00,2.0,15,5,19,4,2025,2,16,1,-0.7071067811865471,-0.7071067811865479,-0.9749279121818236,-0.2225209339563146,0.8660254037844387,-0.4999999999999998,26.3,1.8,1.43333333333333,5.8,17.5,10.033333333333333,14.087701492199667,1.8,26.3,5.572222222222227,10.181320950460892,0.0,26.3,-24.3,0.19999999999999996
2025-04-22 16:00:00,5.66666666666667,16,1,22,4,2025,2,17,0,-0.8660254037844385,-0.5000000000000004,0.7818314824680298,0.6234898018587336,0.8660254037844387,-0.4999999999999998,2.0,26.3,1.8,0.0,2.26666666666667,11.322222222222223,13.100056544972349,2.0,26.3,6.516666666666673,9.817371225423607,1.43333333333333,26.3,3.6666666666666696,-20.633333333333333
2025-04-26 07:00:00,18.0666666666667,7,5,26,4,2025,2,17,1,0.9659258262890683,-0.25881904510252063,-0.9749279121818236,-0.2225209339563146,0.8660254037844387,-0.4999999999999998,5.66666666666667,2.0,26.3,1.9,3.76666666666667,8.577777777777788,8.41964193837018,2.0,18.0666666666667,9.211111111111123,10.492212279520288,1.43333333333333,26.3,12.400000000000029,16.0666666666667
2025-04-28 08:00:00,1.2,8,0,28,4,2025,2,18,0,0.8660254037844387,-0.4999999999999998,0.0,1.0,0.8660254037844387,-0.4999999999999998,18.0666666666667,5.66666666666667,2.0,1.43333333333333,2.53333333333333,8.311111111111122,8.738759976445028,1.2,18.0666666666667,9.172222222222235,10.527179988891437,1.2,26.3,-16.8666666666667,-4.4666666666666694
2025-04-29 16:00:00,5.16666666666667,16,1,29,4,2025,2,18,0,-0.8660254037844385,-0.5000000000000004,0.7818314824680298,0.6234898018587336,0.8660254037844387,-0.4999999999999998,1.2,18.0666666666667,5.66666666666667,1.8,0.533333333333333,8.144444444444455,8.818814063210148,1.2,18.0666666666667,9.733333333333347,10.138178666144352,1.2,26.3,3.9666666666666694,-12.900000000000029
2025-04-30 08:00:00,1.2,8,2,30,4,2025,2,18,0,0.8660254037844387,-0.4999999999999998,0.9749279121818236,-0.22252093395631434,0.8660254037844387,-0.4999999999999998,5.16666666666667,1.2,18.0666666666667,26.3,4.93333333333333,2.522222222222222,2.2901560677835775,1.2,5.16666666666667,5.550000000000012,6.4385557386729,1.2,18.0666666666667,-3.9666666666666694,0.0
2025-04-30 09:00:00,2.2,9,2,30,4,2025,2,18,0,0.7071067811865476,-0.7071067811865475,0.9749279121818236,-0.22252093395631434,0.8660254037844387,-0.4999999999999998,1.2,5.16666666666667,1.2,2.0,5.8,2.8555555555555556,2.0629895603024893,1.2,5.16666666666667,5.583333333333346,6.416982676201051,1.2,18.0666666666667,1.0000000000000002,-2.9666666666666694
2025-04-30 16:00:00,1.06666666666667,16,2,30,4,2025,2,18,0,-0.8660254037844385,-0.5000000000000004,0.9749279121818236,-0.22252093395631434,0.8660254037844387,-0.4999999999999998,2.2,1.2,5.16666666666667,5.66666666666667,0.0,1.488888888888889,0.6194382162046387,1.06666666666667,2.2,4.816666666666679,6.674653549061383,1.06666666666667,18.0666666666667,-1.1333333333333302,-0.13333333333332997
2025-04-30 17:00:00,5.1,17,2,30,4,2025,2,18,0,-0.9659258262890683,-0.25881904510252063,0.9749279121818236,-0.22252093395631434,0.8660254037844387,-0.4999999999999998,1.06666666666667,2.2,1.2,18.0666666666667,1.9,2.788888888888889,2.080153128264396,1.06666666666667,5.1,2.6555555555555626,1.9621605627653311,1.06666666666667,5.16666666666667,4.03333333333333,2.8999999999999995
2025-04-30 19:00:00,0.566666666666667,19,2,30,4,2025,2,18,0,-0.9659258262890684,0.2588190451025203,0.9749279121818236,-0.22252093395631434,0.8660254037844387,-0.4999999999999998,5.1,1.06666666666667,2.2,1.2,1.43333333333333,2.2444444444444445,2.4855880889920696,0.566666666666667,5.1,2.5500000000000074,2.0701851769018518,0.566666666666667,5.16666666666667,-4.533333333333332,-0.500000000000003
2025-05-02 16:00:00,4.53333333333333,16,4,2,5,2025,2,18,0,-0.8660254037844385,-0.5000000000000004,-0.433883739117558,-0.9009688679024191,0.49999999999999994,-0.8660254037844387,0.566666666666667,5.1,1.06666666666667,5.16666666666667,1.8,3.3999999999999972,2.470042734671254,0.566666666666667,5.1,2.4444444444444504,1.920840865253315,0.566666666666667,5.1,3.966666666666663,-0.56666666666667
2025-05-05 11:00:00,5.33333333333333,11,0,5,5,2025,2,19,0,0.258819045102521,-0.9659258262890682,0.0,1.0,0.49999999999999994,-0.8660254037844387,4.53333333333333,0.566666666666667,5.1,1.2,26.3,3.4777777777777743,2.5526311770244168,0.566666666666667,5.33333333333333,3.1333333333333386,2.116496056115638,0.566666666666667,5.33333333333333,0.8000000000000007,4.766666666666663
2025-05-10 18:00:00,3.4,18,5,10,5,2025,2,19,1,-1.0,-1.8369701987210297e-16,-0.9749279121818236,-0.2225209339563146,0.49999999999999994,-0.8660254037844387,5.33333333333333,4.53333333333333,0.566666666666667,2.2,2.0,4.422222222222219,0.9714441330796498,3.4,5.33333333333333,3.333333333333339,2.066774190750663,0.566666666666667,5.33333333333333,-1.9333333333333305,-1.1333333333333298
2025-05-11 01:00:00,0.0,1,6,11,5,2025,2,19,1,0.25881904510252074,0.9659258262890683,-0.7818314824680299,0.6234898018587334,0.49999999999999994,-0.8660254037844387,3.4,5.33333333333333,4.53333333333333,1.06666666666667,5.66666666666667,2.911111111111109,2.700068586232855,0.0,5.33333333333333,3.1555555555555603,2.3298704462466993,0.0,5.33333333333333,-3.4,-5.33333333333333
2025-05-15 14:00:00,5.0,14,3,15,5,2025,2,20,0,-0.4999999999999997,-0.8660254037844388,0.43388373911755823,-0.900968867902419,0.49999999999999994,-0.8660254037844387,0.0,3.4,5.33333333333333,5.1,18.0666666666667,2.7999999999999985,2.5534290669590023,0.0,5.0,3.138888888888894,2.3134790219888925,0.0,5.33333333333333,5.0,1.6
2025-05-16 08:00:00,1.46666666666667,8,4,16,5,2025,2,20,0,0.8660254037844387,-0.4999999999999998,-0.433883739117558,-0.9009688679024191,0.49999999999999994,-0.8660254037844387,5.0,0.0,3.4,0.566666666666667,1.2,2.155555555555555,2.570199588731783,0.0,5.0,3.2888888888888945,2.1356931392835174,0.0,5.33333333333333,-3.53333333333333,1.46666666666667
2025-05-16 10:00:00,3.6,10,4,16,5,2025,2,20,0,0.49999999999999994,-0.8660254037844387,-0.433883739117558,-0.9009688679024191,0.49999999999999994,-0.8660254037844387,1.46666666666667,5.0,0.0,4.53333333333333,5.16666666666667,3.3555555555555556,1.7793048996495957,1.46666666666667,5.0,3.1333333333333395,2.0595576655620196,0.0,5.33333333333333,2.13333333333333,-1.4
2025-05-20 08:00:00,7.7,8,1,20,5,2025,2,21,0,0.8660254037844387,-0.4999999999999998,0.7818314824680298,0.6234898018587336,0.49999999999999994,-0.8660254037844387,3.6,1.46666666666667,5.0,5.33333333333333,1.2,4.2555555555555555,3.167952955130029,1.46666666666667,7.7,3.5277777777777843,2.6940606828652687,0.0,7.7,4.1,6.233333333333331
2025-05-23 12:00:00,0.316666666666667,12,4,23,5,2025,2,21,0,1.2246467991473532e-16,-1.0,-0.433883739117558,-0.9009688679024191,0.49999999999999994,-0.8660254037844387,7.7,3.6,1.46666666666667,3.4,2.2,3.8722222222222205,3.699186597276844,0.316666666666667,7.7,3.013888888888896,3.000007716039043,0.0,7.7,-7.383333333333333,-3.283333333333333
2025-05-27 12:00:00,6.43333333333333,12,1,27,5,2025,2,22,0,1.2246467991473532e-16,-1.0,0.7818314824680298,0.6234898018587336,0.49999999999999994,-0.8660254037844387,0.316666666666667,7.7,3.6,0.0,1.06666666666667,4.816666666666664,3.9482415213740767,0.316666666666667,7.7,4.0861111111111175,2.8534660535068657,0.316666666666667,7.7,6.116666666666663,-1.2666666666666702
2025-05-28 16:00:00,1.93333333333333,16,2,28,5,2025,2,22,0,-0.8660254037844385,-0.5000000000000004,0.9749279121818236,-0.22252093395631434,0.49999999999999994,-0.8660254037844387,6.43333333333333,0.316666666666667,7.7,5.0,5.1,2.894444444444441,3.1695746881395337,0.316666666666667,6.43333333333333,3.575000000000005,2.9306379661920716,0.316666666666667,7.7,-4.5,1.6166666666666631
2025-05-29 07:00:00,2.06666666666667,7,3,29,5,2025,2,22,0,0.9659258262890683,-0.25881904510252063,0.43388373911755823,-0.900968867902419,0.49999999999999994,-0.8660254037844387,1.93333333333333,6.43333333333333,0.316666666666667,1.46666666666667,0.566666666666667,3.4777777777777756,2.560454242105697,1.93333333333333,6.43333333333333,3.6750000000000056,2.853530951100129,0.316666666666667,7.7,0.13333333333333997,-4.36666666666666
2025-06-01 10:00:00,1.2,10,6,1,6,2025,2,22,1,0.49999999999999994,-0.8660254037844387,-0.7818314824680299,0.6234898018587334,1.2246467991473532e-16,-1.0,2.06666666666667,1.93333333333333,6.43333333333333,3.6,4.53333333333333,1.7333333333333318,0.46666666665712636,1.2,2.06666666666667,3.2750000000000052,3.028966637136565,0.316666666666667,7.7,-0.86666666666667,-0.7333333333333301
2025-06-02 08:00:00,1.06666666666667,8,0,2,6,2025,2,23,0,0.8660254037844387,-0.4999999999999998,0.0,1.0,1.2246467991473532e-16,-1.0,1.2,2.06666666666667,1.93333333333333,7.7,5.33333333333333,1.4444444444444453,0.5429685210082652,1.06666666666667,2.06666666666667,2.16944444444445,2.1833821029322538,0.316666666666667,6.43333333333333,-0.13333333333332997,-1.0
2025-06-06 08:00:00,3.4,8,4,6,6,2025,2,23,0,0.8660254037844387,-0.4999999999999998,-0.433883739117558,-0.9009688679024191,1.2246467991473532e-16,-1.0,1.06666666666667,1.2,2.06666666666667,0.316666666666667,3.4,1.8888888888888884,1.3103575989126532,1.06666666666667,3.4,2.6833333333333393,2.0165702456282144,1.06666666666667,6.43333333333333,2.33333333333333,2.2
2025-06-11 08:00:00,1.0,8,2,11,6,2025,2,24,0,0.8660254037844387,-0.4999999999999998,0.9749279121818236,-0.22252093395631434,1.2246467991473532e-16,-1.0,3.4,1.06666666666667,1.2,6.43333333333333,0.0,1.8222222222222217,1.3668021613017896,1.0,3.4,1.7777777777777841,0.9147353391764191,1.0,3.4,-2.4,-0.06666666666666998
2025-06-16 10:00:00,1.6,10,0,16,6,2025,2,25,0,0.49999999999999994,-0.8660254037844387,0.0,1.0,1.2246467991473532e-16,-1.0,1.0,3.4,1.06666666666667,1.93333333333333,5.0,1.9999999999999982,1.2489995996761178,1.0,3.4,1.7222222222222292,0.9135198511887823,1.0,3.4,0.6000000000000001,-1.7999999999999998
2025-06-17 19:00:00,16.4333333333333,19,1,17,6,2025,2,25,0,-0.9659258262890684,0.2588190451025203,0.7818314824680298,0.6234898018587336,1.2246467991473532e-16,-1.0,1.6,1.0,3.4,2.06666666666667,1.46666666666667,6.344444444444432,8.742382927969363,1.0,16.4333333333333,4.116666666666668,6.100336967013255,1.0,16.4333333333333,14.833333333333302,15.433333333333302
2025-06-19 08:00:00,2.0,8,3,19,6,2025,2,25,0,0.8660254037844387,-0.4999999999999998,0.43388373911755823,-0.900968867902419,1.2246467991473532e-16,-1.0,16.4333333333333,1.6,1.0,1.2,3.6,6.677777777777766,8.45092587520084,1.6,16.4333333333333,4.250000000000001,6.03220063032073,1.0,16.4333333333333,-14.433333333333302,0.3999999999999999
2025-06-19 11:00:00,1.66666666666667,11,3,19,6,2025,2,25,0,0.258819045102521,-0.9659258262890682,0.43388373911755823,-0.900968867902419,1.2246467991473532e-16,-1.0,2.0,16.4333333333333,1.6,1.06666666666667,7.7,6.699999999999989,8.430961458285882,1.66666666666667,16.4333333333333,4.350000000000001,5.973562123594416,1.0,16.4333333333333,-0.33333333333332993,-14.766666666666632
2025-06-19 20:00:00,1.86666666666667,20,3,19,6,2025,2,25,0,-0.8660254037844386,0.5000000000000001,0.43388373911755823,-0.900968867902419,1.2246467991473532e-16,-1.0,1.66666666666667,2.0,16.4333333333333,3.4,0.316666666666667,1.8444444444444443,0.16777409853504255,1.66666666666667,2.0,4.094444444444446,6.054581980860473,1.0,16.4333333333333,0.19999999999999996,-0.13333333333332997
2025-06-25 10:00:00,25.8,10,2,25,6,2025,2,26,0,0.49999999999999994,-0.8660254037844387,0.9749279121818236,-0.22252093395631434,1.2246467991473532e-16,-1.0,1.86666666666667,1.66666666666667,2.0,1.0,6.43333333333333,9.777777777777779,13.876011808286089,1.66666666666667,25.8,8.22777777777778,10.414784718885853,1.6,25.8,23.93333333333333,24.13333333333333
2025-06-26 17:00:00,1.86666666666667,17,3,26,6,2025,2,26,0,-0.9659258262890683,-0.25881904510252063,0.43388373911755823,-0.900968867902419,1.2246467991473532e-16,-1.0,25.8,1.86666666666667,1.66666666666667,1.6,1.93333333333333,9.844444444444443,13.817916442604727,1.86666666666667,25.8,8.272222222222224,10.38135971969121,1.66666666666667,25.8,-23.93333333333333,0.0
2025-06-30 08:00:00,1.2,8,0,30,6,2025,2,27,0,0.8660254037844387,-0.4999999999999998,0.0,1.0,1.2246467991473532e-16,-1.0,1.86666666666667,25.8,1.86666666666667,16.4333333333333,2.06666666666667,9.622222222222222,14.014331289129451,1.2,25.8,5.733333333333341,9.834632682515274,1.2,25.8,-0.6666666666666701,-24.6
2025-06-30 10:00:00,0.8,10,0,30,6,2025,2,27,0,0.49999999999999994,-0.8660254037844387,0.0,1.0,1.2246467991473532e-16,-1.0,1.2,1.86666666666667,25.8,2.0,1.2,1.2888888888888876,0.53886025123534,0.8,1.86666666666667,5.533333333333341,9.937404087587337,0.8,25.8,-0.3999999999999999,-1.06666666666667
2025-06-30 17:00:00,1.23333333333333,17,0,30,6,2025,2,27,0,-0.9659258262890683,-0.25881904510252063,0.0,1.0,1.2246467991473532e-16,-1.0,0.8,1.2,1.86666666666667,1.66666666666667,1.06666666666667,1.0777777777777742,0.24113927125041715,0.8,1.23333333333333,5.461111111111117,9.972638493323423,0.8,25.8,0.43333333333333,0.033333333333330106
2025-07-01 07:00:00,0.7,7,1,1,7,2025,3,27,0,0.9659258262890683,-0.25881904510252063,0.7818314824680298,0.6234898018587336,-0.4999999999999997,-0.8660254037844388,1.23333333333333,0.8,1.2,1.86666666666667,3.4,0.9111111111111075,0.2834966849213562,0.7,1.23333333333333,5.266666666666673,10.067659995141637,0.7,25.8,-0.5333333333333301,-0.10000000000000009
2025-07-01 08:00:00,1.13333333333333,8,1,1,7,2025,3,27,0,0.8660254037844387,-0.4999999999999998,0.7818314824680298,0.6234898018587336,-0.4999999999999997,-0.8660254037844388,0.7,1.23333333333333,0.8,25.8,1.0,1.0222222222222177,0.2834966849213624,0.7,1.23333333333333,1.155555555555561,0.41186117761573277,0.7,1.86666666666667,0.43333333333333,-0.10000000000000009
2025-07-03 21:00:00,0.333333333333333,21,3,3,7,2025,3,27,0,-0.7071067811865477,0.7071067811865474,0.43388373911755823,-0.900968867902419,-0.4999999999999997,-0.8660254037844388,1.13333333333333,0.7,1.23333333333333,1.86666666666667,1.6,0.7222222222222187,0.40046269534301515,0.333333333333333,1.13333333333333,0.9000000000000048,0.35402448125901026,0.333333333333333,1.23333333333333,-0.7999999999999969,-0.366666666666667
2025-07-04 15:00:00,2.33333333333333,15,4,4,7,2025,3,27,0,-0.7071067811865471,-0.7071067811865479,-0.433883739117558,-0.9009688679024191,-0.4999999999999997,-0.8660254037844388,0.333333333333333,1.13333333333333,0.7,1.2,16.4333333333333,1.266666666666662,1.0066445913649817,0.333333333333333,2.33333333333333,1.088888888888893,0.6894979386515893,0.333333333333333,2.33333333333333,1.999999999999997,1.2
2025-07-04 18:00:00,4.5,18,4,4,7,2025,3,27,0,-1.0,-1.8369701987210297e-16,-0.433883739117558,-0.9009688679024191,-0.4999999999999997,-0.8660254037844388,2.33333333333333,0.333333333333333,1.13333333333333,0.8,2.0,2.3888888888888853,2.0838888148324206,0.333333333333333,4.5,1.70555555555556,1.526276029594885,0.333333333333333,4.5,2.16666666666667,4.166666666666667
2025-07-06 11:00:00,3.93333333333333,11,6,6,7,2025,3,27,1,0.258819045102521,-0.9659258262890682,-0.7818314824680299,0.6234898018587334,-0.4999999999999997,-0.8660254037844388,4.5,2.33333333333333,0.333333333333333,1.23333333333333,1.66666666666667,3.5888888888888837,1.1236514551157362,2.33333333333333,4.5,2.15555555555556,1.7419869455641568,0.333333333333333,4.5,-0.56666666666667,1.6
2025-07-07 10:00:00,3.0,10,0,7,7,2025,3,28,0,0.49999999999999994,-0.8660254037844387,0.0,1.0,-0.4999999999999997,-0.8660254037844388,3.93333333333333,4.5,2.33333333333333,0.7,1.86666666666667,3.811111111111108,0.7574323096454403,3.0,4.5,2.538888888888893,1.6053267810858667,0.333333333333333,4.5,-0.93333333333333,-1.5
2025-07-07 12:00:00,1.33333333333333,12,0,7,7,2025,3,28,0,1.2246467991473532e-16,-1.0,0.0,1.0,-0.4999999999999997,-0.8660254037844388,3.0,3.93333333333333,4.5,1.13333333333333,25.8,2.755555555555551,1.3171236900177237,1.33333333333333,3.93333333333333,2.5722222222222264,1.5720357172449149,0.333333333333333,4.5,-1.66666666666667,-2.6
2025-07-10 12:00:00,4.53333333333333,12,3,10,7,2025,3,28,0,1.2246467991473532e-16,-1.0,0.43388373911755823,-0.900968867902419,-0.4999999999999997,-0.8660254037844388,1.33333333333333,3.0,3.93333333333333,0.333333333333333,1.86666666666667,2.955555555555551,1.6004628959999592,1.33333333333333,4.53333333333333,3.2722222222222257,1.2845088411375085,1.33333333333333,4.53333333333333,3.1999999999999997,1.5333333333333297
2025-07-10 19:00:00,2.33333333333333,19,3,10,7,2025,3,28,0,-0.9659258262890684,0.2588190451025203,0.43388373911755823,-0.900968867902419,-0.4999999999999997,-0.8660254037844388,4.53333333333333,1.33333333333333,3.0,2.33333333333333,1.2,2.7333333333333276,1.6370705543717678,1.33333333333333,4.53333333333333,3.2722222222222257,1.2845088411375085,1.33333333333333,4.53333333333333,-2.1999999999999997,1.0
2025-07-11 07:00:00,9.33333333333333,7,4,11,7,2025,3,28,0,0.9659258262890683,-0.25881904510252063,-0.433883739117558,-0.9009688679024191,-0.4999999999999997,-0.8660254037844388,2.33333333333333,4.53333333333333,1.33333333333333,4.5,0.8,5.399999999999994,3.579571668974447,2.33333333333333,9.33333333333333,4.07777777777778,2.8137493110052776,1.33333333333333,9.33333333333333,7.0,4.800000000000001
2025-07-11 15:00:00,3.66666666666667,15,4,11,7,2025,3,28,0,-0.7071067811865471,-0.7071067811865479,-0.433883739117558,-0.9009688679024191,-0.4999999999999997,-0.8660254037844388,9.33333333333333,2.33333333333333,4.53333333333333,3.93333333333333,1.23333333333333,5.111111111111108,3.716828596371639,2.33333333333333,9.33333333333333,4.033333333333338,2.818589087547515,1.33333333333333,9.33333333333333,-5.666666666666661,1.3333333333333401
2025-07-19 09:00:00,8.93333333333333,9,5,19,7,2025,3,29,1,0.7071067811865476,-0.7071067811865475,-0.9749279121818236,-0.2225209339563146,-0.4999999999999997,-0.8660254037844388,3.66666666666667,9.33333333333333,2.33333333333333,3.0,0.7,7.311111111111107,3.162511894281615,3.66666666666667,9.33333333333333,5.022222222222226,3.3703719983712372,1.33333333333333,9.33333333333333,5.26666666666666,-0.40000000000000036
2025-07-24 08:00:00,1.53333333333333,8,3,24,7,2025,3,30,0,0.8660254037844387,-0.4999999999999998,0.43388373911755823,-0.900968867902419,-0.4999999999999997,-0.8660254037844388,8.93333333333333,3.66666666666667,9.33333333333333,1.33333333333333,1.13333333333333,4.711111111111108,3.808956306934918,1.53333333333333,8.93333333333333,5.05555555555556,3.327305661186012,1.53333333333333,9.33333333333333,-7.4,-2.13333333333334
2025-07-24 12:00:00,0.333333333333333,12,3,24,7,2025,3,30,0,1.2246467991473532e-16,-1.0,0.43388373911755823,-0.900968867902419,-0.4999999999999997,-0.8660254037844388,1.53333333333333,8.93333333333333,3.66666666666667,4.53333333333333,0.333333333333333,3.5999999999999956,4.65761025992133,0.333333333333333,8.93333333333333,4.35555555555556,3.8585355118611764,0.333333333333333,9.33333333333333,-1.199999999999997,-8.599999999999998
2025-07-28 07:00:00,2.13333333333333,7,0,28,7,2025,3,31,0,0.9659258262890683,-0.25881904510252063,0.0,1.0,-0.4999999999999997,-0.8660254037844388,0.333333333333333,1.53333333333333,8.93333333333333,2.33333333333333,2.33333333333333,1.3333333333333288,0.9165151389862799,0.333333333333333,2.13333333333333,4.322222222222226,3.8803016301233897,0.333333333333333,9.33333333333333,1.7999999999999972,0.6000000000000001
2025-07-30 12:00:00,1.06666666666667,12,2,30,7,2025,3,31,0,1.2246467991473532e-16,-1.0,0.9749279121818236,-0.22252093395631434,-0.4999999999999997,-0.8660254037844388,2.13333333333333,0.333333333333333,1.53333333333333,9.33333333333333,4.5,1.1777777777777754,0.9051294157468832,0.333333333333333,2.13333333333333,2.9444444444444495,3.142657521317546,0.333333333333333,8.93333333333333,-1.0666666666666602,0.733333333333337
2025-07-31 17:00:00,2.26666666666667,17,3,31,7,2025,3,31,0,-0.9659258262890683,-0.25881904510252063,0.43388373911755823,-0.900968867902419,-0.4999999999999997,-0.8660254037844388,1.06666666666667,2.13333333333333,0.333333333333333,3.66666666666667,3.93333333333333,1.822222222222221,0.6577177149687006,1.06666666666667,2.26666666666667,2.711111111111116,3.1302585386060295,0.333333333333333,8.93333333333333,1.2000000000000002,0.13333333333333997
2025-08-01 08:00:00,1.2,8,4,1,8,2025,3,31,0,0.8660254037844387,-0.4999999999999998,-0.433883739117558,-0.9009688679024191,-0.8660254037844385,-0.5000000000000004,2.26666666666667,1.06666666666667,2.13333333333333,8.93333333333333,3.0,1.511111111111111,0.6577177149686956,1.06666666666667,2.26666666666667,1.4222222222222278,0.7200822998212905,0.333333333333333,2.26666666666667,-1.0666666666666702,0.13333333333332997
2025-08-03 07:00:00,1.2,7,6,3,8,2025,3,31,1,0.9659258262890683,-0.25881904510252063,-0.7818314824680299,0.6234898018587334,-0.8660254037844385,-0.5000000000000004,1.2,2.26666666666667,1.06666666666667,1.53333333333333,1.33333333333333,1.5555555555555542,0.6158402871283363,1.2,2.26666666666667,1.3666666666666731,0.7226494462874935,0.333333333333333,2.26666666666667,0.0,-1.0666666666666702
2025-08-06 08:00:00,1.46666666666667,8,2,6,8,2025,3,32,0,0.8660254037844387,-0.4999999999999998,0.9749279121818236,-0.22252093395631434,-0.8660254037844385,-0.5000000000000004,1.2,1.2,2.26666666666667,0.333333333333333,4.53333333333333,1.2888888888888876,0.1539600717548091,1.2,1.46666666666667,1.5555555555555625,0.5175440578822798,1.06666666666667,2.26666666666667,0.26666666666666994,0.26666666666666994
2025-08-08 12:00:00,4.66666666666667,12,4,8,8,2025,3,32,0,1.2246467991473532e-16,-1.0,-0.433883739117558,-0.9009688679024191,-0.8660254037844385,-0.5000000000000004,1.46666666666667,1.2,1.2,2.13333333333333,2.33333333333333,2.444444444444444,1.9291141701497507,1.2,4.66666666666667,1.9777777777777856,1.3867094010499765,1.06666666666667,4.66666666666667,3.1999999999999997,3.4666666666666694
2025-08-10 08:00:00,1.6,8,6,10,8,2025,3,32,1,0.8660254037844387,-0.4999999999999998,-0.7818314824680299,0.6234898018587334,-0.8660254037844385,-0.5000000000000004,4.66666666666667,1.46666666666667,1.2,1.06666666666667,9.33333333333333,2.5777777777777775,1.8102588315012085,1.46666666666667,4.66666666666667,2.066666666666674,1.3326664999156486,1.2,4.66666666666667,-3.0666666666666695,0.1333333333333302
2025-08-11 15:00:00,1.2,15,0,11,8,2025,3,33,0,-0.7071067811865471,-0.7071067811865479,0.0,1.0,-0.8660254037844385,-0.5000000000000004,1.6,4.66666666666667,1.46666666666667,2.26666666666667,3.66666666666667,2.4888888888888876,1.8965856260733713,1.2,4.66666666666667,1.8888888888888957,1.3712389639642377,1.2,4.66666666666667,-0.40000000000000013,-3.4666666666666694
2025-08-12 09:00:00,8.7,9,1,12,8,2025,3,33,0,0.7071067811865476,-0.7071067811865475,0.7818314824680298,0.6234898018587336,-0.8660254037844385,-0.5000000000000004,1.2,1.6,4.66666666666667,1.2,8.93333333333333,3.833333333333331,4.219399641338143,1.2,8.7,3.138888888888895,3.031275248080762,1.2,8.7,7.499999999999999,7.1
2025-08-14 07:00:00,0.866666666666667,7,3,14,8,2025,3,33,0,0.9659258262890683,-0.25881904510252063,0.43388373911755823,-0.900968867902419,-0.8660254037844385,-0.5000000000000004,8.7,1.2,1.6,1.2,1.53333333333333,3.588888888888887,4.429488725616251,0.866666666666667,8.7,3.0833333333333397,3.0766323580603716,0.866666666666667,8.7,-7.833333333333332,-0.3333333333333329
2025-08-14 13:00:00,0.333333333333333,13,3,14,8,2025,3,33,0,-0.2588190451025208,-0.9659258262890683,0.43388373911755823,-0.900968867902419,-0.8660254037844385,-0.5000000000000004,0.866666666666667,8.7,1.2,1.46666666666667,0.333333333333333,3.299999999999997,4.684133976638821,0.333333333333333,8.7,2.894444444444451,3.2268606461431024,0.333333333333333,8.7,-0.5333333333333341,-8.366666666666667
2025-08-14 17:00:00,5.73333333333333,17,3,14,8,2025,3,33,0,-0.9659258262890683,-0.25881904510252063,0.43388373911755823,-0.900968867902419,-0.8660254037844385,-0.5000000000000004,0.333333333333333,0.866666666666667,8.7,4.66666666666667,2.13333333333333,2.311111111111108,2.9757040872381575,0.333333333333333,5.73333333333333,3.0722222222222277,3.3702236435294406,0.333333333333333,8.7,5.399999999999997,4.866666666666663
2025-08-16 08:00:00,1.46666666666667,8,5,16,8,2025,3,33,1,0.8660254037844387,-0.4999999999999998,-0.9749279121818236,-0.2225209339563146,-0.8660254037844385,-0.5000000000000004,5.73333333333333,0.333333333333333,0.866666666666667,1.6,1.06666666666667,2.511111111111109,2.8474810180472168,0.333333333333333,5.73333333333333,3.0500000000000056,3.3822904796729594,0.333333333333333,8.7,-4.26666666666666,1.1333333333333369
2025-08-18 01:00:00,0.0,1,0,18,8,2025,3,34,0,0.25881904510252074,0.9659258262890683,0.0,1.0,-0.8660254037844385,-0.5000000000000004,1.46666666666667,5.73333333333333,0.333333333333333,1.2,2.26666666666667,2.3999999999999972,2.9784410538236563,0.0,5.73333333333333,2.8500000000000054,3.5451218440113355,0.0,8.7,-1.46666666666667,-5.73333333333333
2025-08-18 07:00:00,1.66666666666667,7,0,18,8,2025,3,34,0,0.9659258262890683,-0.25881904510252063,0.0,1.0,-0.8660254037844385,-0.5000000000000004,0.0,1.46666666666667,5.73333333333333,8.7,1.2,1.0444444444444443,0.910026454637002,0.0,1.66666666666667,1.677777777777784,2.0867483122111117,0.0,5.73333333333333,1.66666666666667,0.20000000000000018
2025-08-20 12:00:00,2.86666666666667,12,2,20,8,2025,3,34,0,1.2246467991473532e-16,-1.0,0.9749279121818236,-0.22252093395631434,-0.8660254037844385,-0.5000000000000004,1.66666666666667,0.0,1.46666666666667,0.866666666666667,1.2,1.511111111111111,1.4396501632631624,0.0,2.86666666666667,2.0111111111111177,2.091003657647139,0.0,5.73333333333333,1.1999999999999997,2.86666666666667
2025-08-21 01:00:00,0.00333333333333333,1,3,21,8,2025,3,34,0,0.25881904510252074,0.9659258262890683,0.43388373911755823,-0.900968867902419,-0.8660254037844385,-0.5000000000000004,2.86666666666667,1.66666666666667,0.0,0.333333333333333,1.46666666666667,1.5122222222222221,1.4379009907675553,0.00333333333333333,2.86666666666667,1.9561111111111178,2.147536486991636,0.0,5.73333333333333,-2.8633333333333364,-1.6633333333333367
2025-08-21 07:00:00,3.3,7,3,21,8,2025,3,34,0,0.9659258262890683,-0.25881904510252063,0.43388373911755823,-0.900968867902419,-0.8660254037844385,-0.5000000000000004,0.00333333333333333,2.86666666666667,1.66666666666667,5.73333333333333,4.66666666666667,2.0566666666666653,1.7913899011016134,0.00333333333333333,3.3,1.5505555555555628,1.386458985515232,0.0,3.3,3.2966666666666664,0.43333333333333
2025-08-21 19:00:00,18.3,19,3,21,8,2025,3,34,0,-0.9659258262890684,0.2588190451025203,0.43388373911755823,-0.900968867902419,-0.8660254037844385,-0.5000000000000004,3.3,0.00333333333333333,2.86666666666667,1.46666666666667,1.6,7.20111111111111,9.75223070398229,0.00333333333333333,18.3,4.356111111111118,6.970241639894275,0.0,18.3,15.0,18.296666666666667
2025-08-29 08:00:00,3.2,8,4,29,8,2025,3,35,0,0.8660254037844387,-0.4999999999999998,-0.433883739117558,-0.9009688679024191,-0.8660254037844385,-0.5000000000000004,18.3,3.3,0.00333333333333333,0.0,1.2,8.266666666666664,8.689265408153014,3.2,18.3,4.889444444444451,6.686935992138738,0.00333333333333333,18.3,-15.100000000000001,-0.09999999999999964
2025-08-30 08:00:00,1.66666666666667,8,5,30,8,2025,3,35,1,0.8660254037844387,-0.4999999999999998,-0.9749279121818236,-0.2225209339563146,-0.8660254037844385,-0.5000000000000004,3.2,18.3,3.3,1.66666666666667,8.7,7.722222222222221,9.192650043094538,1.66666666666667,18.3,4.889444444444451,6.686935992138738,0.00333333333333333,18.3,-1.53333333333333,-16.63333333333333
2025-08-31 08:00:00,0.933333333333333,8,6,31,8,2025,3,35,1,0.8660254037844387,-0.4999999999999998,-0.7818314824680299,0.6234898018587334,-0.8660254037844385,-0.5000000000000004,1.66666666666667,3.2,18.3,2.86666666666667,0.866666666666667,1.933333333333332,1.1566234381893001,0.933333333333333,3.2,4.567222222222229,6.8485295799467,0.00333333333333333,18.3,-0.7333333333333371,-2.266666666666667
2025-08-31 09:00:00,1.36666666666667,9,6,31,8,2025,3,35,1,0.7071067811865476,-0.7071067811865475,-0.7818314824680299,0.6234898018587334,-0.8660254037844385,-0.5000000000000004,0.933333333333333,1.66666666666667,3.2,0.00333333333333333,0.333333333333333,1.322222222222222,0.36868133383312346,0.933333333333333,1.66666666666667,4.794444444444451,6.687547853757295,0.933333333333333,18.3,0.433333333333337,-0.30000000000000004
2025-09-04 05:00:00,0.283333333333333,5,3,4,9,2025,3,36,0,0.9659258262890683,0.25881904510252074,0.43388373911755823,-0.900968867902419,-1.0,-1.8369701987210297e-16,1.36666666666667,0.933333333333333,1.66666666666667,3.3,5.73333333333333,0.8611111111111095,0.5452658203168868,0.283333333333333,1.36666666666667,4.291666666666674,6.93132783495003,0.283333333333333,18.3,-1.083333333333337,-0.65
2025-09-07 17:00:00,0.933333333333333,17,6,7,9,2025,3,36,1,-0.9659258262890683,-0.25881904510252063,-0.7818314824680299,0.6234898018587334,-1.0,-1.8369701987210297e-16,0.283333333333333,1.36666666666667,0.933333333333333,18.3,1.46666666666667,0.8611111111111095,0.5452658203168868,0.283333333333333,1.36666666666667,1.3972222222222292,0.9994674507869643,0.283333333333333,3.2,0.65,-0.433333333333337
2025-09-08 08:00:00,24.8,8,0,8,9,2025,3,37,0,0.8660254037844387,-0.4999999999999998,0.0,1.0,-1.0,-1.8369701987210297e-16,0.933333333333333,0.283333333333333,1.36666666666667,3.2,0.0,8.672222222222219,13.970845967121257,0.283333333333333,24.8,4.99722222222223,9.712617318991967,0.283333333333333,24.8,23.866666666666667,24.51666666666667
2025-09-08 12:00:00,1.4,12,0,8,9,2025,3,37,0,1.2246467991473532e-16,-1.0,0.0,1.0,-1.0,-1.8369701987210297e-16,24.8,0.933333333333333,0.283333333333333,1.66666666666667,1.66666666666667,9.044444444444443,13.646706290991386,0.933333333333333,24.8,4.952777777777784,9.731497638919398,0.283333333333333,24.8,-23.400000000000002,0.4666666666666669
2025-09-10 08:00:00,1.73333333333333,8,2,10,9,2025,3,37,0,0.8660254037844387,-0.4999999999999998,0.9749279121818236,-0.22252093395631434,-1.0,-1.8369701987210297e-16,1.4,24.8,0.933333333333333,0.933333333333333,2.86666666666667,9.311111111111108,13.414806634351027,1.4,24.8,5.0861111111111175,9.67070270149684,0.283333333333333,24.8,0.33333333333333015,-23.06666666666667
2025-09-12 11:00:00,3.4,11,4,12,9,2025,3,37,0,0.258819045102521,-0.9659258262890682,-0.433883739117558,-0.9009688679024191,-1.0,-1.8369701987210297e-16,1.73333333333333,1.4,24.8,1.36666666666667,0.00333333333333333,2.177777777777774,1.0715167512172554,1.4,3.4,5.425000000000005,9.54915790353601,0.283333333333333,24.8,1.6666666666666698,2.0
2025-09-13 09:00:00,7.4,9,5,13,9,2025,3,37,1,0.7071067811865476,-0.7071067811865475,-0.9749279121818236,-0.2225209339563146,-1.0,-1.8369701987210297e-16,3.4,1.73333333333333,1.4,0.283333333333333,3.3,4.1777777777777745,2.912298316016508,1.73333333333333,7.4,6.611111111111117,9.219054342119943,0.933333333333333,24.8,4.0,5.6666666666666705
2025-09-16 08:00:00,1.4,8,1,16,9,2025,3,38,0,0.8660254037844387,-0.4999999999999998,0.7818314824680298,0.6234898018587336,-1.0,-1.8369701987210297e-16,7.4,3.4,1.73333333333333,0.933333333333333,18.3,4.066666666666665,3.0550504633024356,1.4,7.4,6.688888888888894,9.16337314570377,1.4,24.8,-6.0,-2.0
2025-09-16 10:00:00,2.33333333333333,10,1,16,9,2025,3,38,0,0.49999999999999994,-0.8660254037844387,0.7818314824680298,0.6234898018587336,-1.0,-1.8369701987210297e-16,1.4,7.4,3.4,24.8,3.2,3.7111111111111073,3.2285761108722197,1.4,7.4,2.9444444444444495,2.3095614462645337,1.4,7.4,0.93333333333333,-5.06666666666667
2025-09-17 08:00:00,1.0,8,2,17,9,2025,3,38,0,0.8660254037844387,-0.4999999999999998,0.9749279121818236,-0.22252093395631434,-1.0,-1.8369701987210297e-16,2.33333333333333,1.4,7.4,1.4,1.66666666666667,1.5777777777777742,0.6842135252530098,1.0,2.33333333333333,2.877777777777783,2.368090338616604,1.0,7.4,-1.33333333333333,-0.3999999999999999
2025-09-17 09:00:00,25.1,9,2,17,9,2025,3,38,0,0.7071067811865476,-0.7071067811865475,0.9749279121818236,-0.22252093395631434,-1.0,-1.8369701987210297e-16,1.0,2.33333333333333,1.4,1.73333333333333,0.933333333333333,9.477777777777774,13.545656677134785,1.0,25.1,6.772222222222228,9.268834678442264,1.0,25.1,24.1,22.766666666666673
2025-09-18 08:00:00,1.73333333333333,8,3,18,9,2025,3,38,0,0.8660254037844387,-0.4999999999999998,0.43388373911755823,-0.900968867902419,-1.0,-1.8369701987210297e-16,25.1,1.0,2.33333333333333,3.4,1.36666666666667,9.277777777777775,13.707351366382671,1.0,25.1,6.49444444444445,9.41394749334226,1.0,25.1,-23.36666666666667,0.7333333333333301
2025-09-20 17:00:00,5.83333333333333,17,5,20,9,2025,3,38,1,-0.9659258262890683,-0.25881904510252063,-0.9749279121818236,-0.2225209339563146,-1.0,-1.8369701987210297e-16,1.73333333333333,25.1,1.0,7.4,0.283333333333333,10.888888888888886,12.476748745536664,1.73333333333333,25.1,6.233333333333338,9.40553028808039,1.0,25.1,4.1000000000000005,-19.266666666666673
2025-09-22 08:00:00,2.46666666666667,8,0,22,9,2025,3,39,0,0.8660254037844387,-0.4999999999999998,0.0,1.0,-1.0,-1.8369701987210297e-16,5.83333333333333,1.73333333333333,25.1,1.4,0.933333333333333,3.344444444444441,2.186405810997011,1.73333333333333,5.83333333333333,6.411111111111116,9.305450413999582,1.0,25.1,-3.3666666666666605,0.7333333333333398
2025-09-29 19:00:00,4.53333333333333,19,0,29,9,2025,3,40,0,-0.9659258262890684,0.2588190451025203,0.0,1.0,-1.0,-1.8369701987210297e-16,2.46666666666667,5.83333333333333,1.73333333333333,2.33333333333333,24.8,4.277777777777774,1.6978199529348639,2.46666666666667,5.83333333333333,6.777777777777783,9.154759943855833,1.0,25.1,2.0666666666666598,-1.3000000000000007
2025-10-01 07:00:00,2.1,7,2,1,10,2025,4,40,0,0.9659258262890683,-0.25881904510252063,0.9749279121818236,-0.22252093395631434,-0.8660254037844386,0.5000000000000001,4.53333333333333,2.46666666666667,5.83333333333333,1.0,1.4,3.033333333333331,1.311911243606909,2.1,4.53333333333333,6.961111111111117,9.026022051494872,1.73333333333333,25.1,-2.4333333333333296,-0.3666666666666698
2025-10-01 12:00:00,3.46666666666667,12,2,1,10,2025,4,40,0,1.2246467991473532e-16,-1.0,0.9749279121818236,-0.22252093395631434,-0.8660254037844386,0.5000000000000001,2.1,4.53333333333333,2.46666666666667,25.1,1.73333333333333,3.3666666666666636,1.2197449642318294,2.1,4.53333333333333,3.355555555555561,1.5834795254138478,1.73333333333333,5.83333333333333,1.3666666666666698,-1.0666666666666598
2025-10-03 07:00:00,1.33333333333333,7,4,3,10,2025,4,40,0,0.9659258262890683,-0.25881904510252063,-0.433883739117558,-0.9009688679024191,-0.8660254037844386,0.5000000000000001,3.46666666666667,2.1,4.53333333333333,1.73333333333333,3.4,2.299999999999997,1.0806376718257065,1.33333333333333,3.46666666666667,3.2888888888888936,1.6714154569188016,1.33333333333333,5.83333333333333,-2.13333333333334,-0.7666666666666702
2025-10-05 10:00:00,25.8,10,6,5,10,2025,4,40,1,0.49999999999999994,-0.8660254037844387,-0.7818314824680299,0.6234898018587334,-0.8660254037844386,0.5000000000000001,1.33333333333333,3.46666666666667,2.1,5.83333333333333,7.4,10.199999999999998,13.552039616890482,1.33333333333333,25.8,6.616666666666672,9.463608661017554,1.33333333333333,25.8,24.466666666666672,22.333333333333332
2025-10-05 17:00:00,1.73333333333333,17,6,5,10,2025,4,40,1,-0.9659258262890683,-0.25881904510252063,-0.7818314824680299,0.6234898018587334,-0.8660254037844386,0.5000000000000001,25.8,1.33333333333333,3.46666666666667,2.46666666666667,1.4,9.622222222222218,14.011793974019236,1.33333333333333,25.8,6.49444444444445,9.532410600254765,1.33333333333333,25.8,-24.06666666666667,0.40000000000000013
2025-10-06 15:00:00,4.8,15,0,6,10,2025,4,41,0,-0.7071067811865471,-0.7071067811865479,0.0,1.0,-0.8660254037844386,0.5000000000000001,1.73333333333333,25.8,1.33333333333333,4.53333333333333,2.33333333333333,10.777777777777773,13.099674861670152,1.73333333333333,25.8,6.538888888888894,9.522054322388426,1.33333333333333,25.8,3.06666666666667,-21.0
2025-10-07 08:00:00,1.73333333333333,8,1,7,10,2025,4,41,0,0.8660254037844387,-0.4999999999999998,0.7818314824680298,0.6234898018587336,-0.8660254037844386,0.5000000000000001,4.8,1.73333333333333,25.8,2.1,1.0,2.7555555555555498,1.7705408255123556,1.73333333333333,4.8,6.477777777777782,9.557351252463235,1.33333333333333,25.8,-3.06666666666667,0.0
2025-10-07 10:00:00,3.6,10,1,7,10,2025,4,41,0,0.49999999999999994,-0.8660254037844387,0.7818314824680298,0.6234898018587336,-0.8660254037844386,0.5000000000000001,1.73333333333333,4.8,1.73333333333333,3.46666666666667,25.1,3.377777777777773,1.5453634356161419,1.73333333333333,4.8,6.500000000000004,9.549101179343056,1.33333333333333,25.8,1.86666666666667,-1.1999999999999997
2025-10-09 09:00:00,16.9,9,3,9,10,2025,4,41,0,0.7071067811865476,-0.7071067811865475,0.43388373911755823,-0.900968867902419,-0.8660254037844386,0.5000000000000001,3.6,1.73333333333333,4.8,1.33333333333333,1.73333333333333,7.411111111111105,8.270451642465584,1.73333333333333,16.9,9.094444444444449,9.970008729889445,1.73333333333333,25.8,13.299999999999999,15.166666666666668
2025-10-10 08:00:00,1.06666666666667,8,4,10,10,2025,4,41,0,0.8660254037844387,-0.4999999999999998,-0.433883739117558,-0.9009688679024191,-0.8660254037844386,0.5000000000000001,16.9,3.6,1.73333333333333,25.8,5.83333333333333,7.1888888888888856,8.504922322025932,1.06666666666667,16.9,4.972222222222228,6.0069743416081165,1.06666666666667,16.9,-15.833333333333329,-2.53333333333333
2025-10-10 15:00:00,2.2,15,4,10,10,2025,4,41,0,-0.7071067811865471,-0.7071067811865479,-0.433883739117558,-0.9009688679024191,-0.8660254037844386,0.5000000000000001,1.06666666666667,16.9,3.6,1.73333333333333,2.46666666666667,6.722222222222218,8.83241085329893,1.06666666666667,16.9,5.050000000000005,5.959483571958392,1.06666666666667,16.9,1.1333333333333302,-14.7
2025-10-11 12:00:00,2.93333333333333,12,5,11,10,2025,4,41,1,1.2246467991473532e-16,-1.0,-0.9749279121818236,-0.2225209339563146,-0.8660254037844386,0.5000000000000001,2.2,1.06666666666667,16.9,4.8,4.53333333333333,2.066666666666662,0.9404490653063401,1.06666666666667,2.93333333333333,4.738888888888894,6.02352486936423,1.06666666666667,16.9,0.7333333333333298,1.86666666666666
2025-10-12 16:00:00,2.06666666666667,16,6,12,10,2025,4,41,1,-0.8660254037844385,-0.5000000000000004,-0.7818314824680299,0.6234898018587334,-0.8660254037844386,0.5000000000000001,2.93333333333333,2.2,1.06666666666667,1.73333333333333,2.1,2.3999999999999955,0.46666666665717177,2.06666666666667,2.93333333333333,4.7944444444444505,5.991713413509289,1.06666666666667,16.9,-0.86666666666666,-0.1333333333333302
2025-10-16 11:00:00,3.0,11,3,16,10,2025,4,42,0,0.258819045102521,-0.9659258262890682,0.43388373911755823,-0.900968867902419,-0.8660254037844386,0.5000000000000001,2.06666666666667,2.93333333333333,2.2,3.6,3.46666666666667,2.666666666666662,0.5206833117186084,2.06666666666667,3.0,4.694444444444451,6.020572754837682,1.06666666666667,16.9,0.93333333333333,0.06666666666666998
2025-10-17 07:00:00,0.6,7,4,17,10,2025,4,42,0,0.9659258262890683,-0.25881904510252063,-0.433883739117558,-0.9009688679024191,-0.8660254037844386,0.5000000000000001,3.0,2.06666666666667,2.93333333333333,16.9,1.33333333333333,1.888888888888885,1.2098362301133279,0.6,3.0,1.9777777777777843,0.9740332338981894,0.6,3.0,-2.4,-1.46666666666667
2025-10-17 09:00:00,5.9,9,4,17,10,2025,4,42,0,0.7071067811865476,-0.7071067811865475,-0.433883739117558,-0.9009688679024191,-0.8660254037844386,0.5000000000000001,0.6,3.0,2.06666666666667,1.06666666666667,25.8,3.166666666666662,2.653927906580075,0.6,5.9,2.783333333333339,1.755214453499979,0.6,5.9,5.300000000000001,2.9000000000000004
2025-10-17 17:00:00,0.333333333333333,17,4,17,10,2025,4,42,0,-0.9659258262890683,-0.25881904510252063,-0.433883739117558,-0.9009688679024191,-0.8660254037844386,0.5000000000000001,5.9,0.6,3.0,2.2,1.73333333333333,2.277777777777773,3.1397688048866415,0.333333333333333,5.9,2.472222222222228,2.024123038273987,0.333333333333333,5.9,-5.566666666666667,-0.266666666666667
2025-10-27 08:00:00,8.2,8,0,27,10,2025,4,44,0,0.8660254037844387,-0.4999999999999998,0.0,1.0,-0.8660254037844386,0.5000000000000001,0.333333333333333,5.9,0.6,2.93333333333333,4.8,4.8111111111111065,4.04479546706154,0.333333333333333,8.2,3.3500000000000063,3.113108485813161,0.333333333333333,8.2,7.866666666666666,2.299999999999999
2025-10-28 09:00:00,25.3,9,1,28,10,2025,4,44,0,0.7071067811865476,-0.7071067811865475,0.7818314824680298,0.6234898018587336,-0.8660254037844386,0.5000000000000001,8.2,0.333333333333333,5.9,2.06666666666667,1.73333333333333,11.277777777777773,12.764722799502525,0.333333333333333,25.3,7.2222222222222285,9.366409644555764,0.333333333333333,25.3,17.1,24.96666666666667
2025-10-30 15:00:00,0.666666666666667,15,3,30,10,2025,4,44,0,-0.7071067811865471,-0.7071067811865479,0.43388373911755823,-0.900968867902419,-0.8660254037844386,0.5000000000000001,25.3,8.2,0.333333333333333,3.0,3.6,11.388888888888884,12.622481413613903,0.666666666666667,25.3,6.833333333333339,9.621734655340239,0.333333333333333,25.3,-24.633333333333333,-7.533333333333332
2025-10-30 19:00:00,0.8,19,3,30,10,2025,4,44,0,-0.9659258262890684,0.2588190451025203,0.43388373911755823,-0.900968867902419,-0.8660254037844386,0.5000000000000001,0.666666666666667,25.3,8.2,0.6,16.9,8.922222222222219,14.183728288011563,0.666666666666667,25.3,6.866666666666672,9.59613348061475,0.333333333333333,25.3,0.13333333333333308,-24.5
2025-11-02 07:00:00,6.2,7,6,2,11,2025,4,44,1,0.9659258262890683,-0.25881904510252063,-0.7818314824680299,0.6234898018587334,-0.5000000000000004,0.8660254037844384,0.8,0.666666666666667,25.3,5.9,1.06666666666667,2.555555555555551,3.156885478745945,0.666666666666667,6.2,6.916666666666672,9.590869500612307,0.333333333333333,25.3,5.4,5.533333333333333
2025-11-09 07:00:00,1.8,7,6,9,11,2025,4,45,1,0.9659258262890683,-0.25881904510252063,-0.7818314824680299,0.6234898018587334,-0.5000000000000004,0.8660254037844384,6.2,0.8,0.666666666666667,0.333333333333333,2.2,2.9333333333333287,2.8728615235204824,0.8,6.2,7.161111111111118,9.406437905714983,0.666666666666667,25.3,-4.4,1.0
2025-11-11 07:00:00,0.6,7,1,11,11,2025,4,46,0,0.9659258262890683,-0.25881904510252063,0.7818314824680298,0.6234898018587336,-0.5000000000000004,0.8660254037844384,1.8,6.2,0.8,8.2,2.93333333333333,2.866666666666662,2.9484459183312866,0.6,6.2,5.89444444444445,9.744204355334306,0.6,25.3,-1.2000000000000002,-5.6000000000000005
2025-11-11 08:00:00,1.1,8,1,11,11,2025,4,46,0,0.8660254037844387,-0.4999999999999998,0.7818314824680298,0.6234898018587336,-0.5000000000000004,0.8660254037844384,0.6,1.8,6.2,25.3,2.06666666666667,1.1666666666666619,0.6027713773267342,0.6,1.8,1.8611111111111172,2.170347301102941,0.6,6.2,0.5000000000000001,-0.7
2025-11-17 15:00:00,2.23333333333333,15,0,17,11,2025,4,47,0,-0.7071067811865471,-0.7071067811865479,0.0,1.0,-0.5000000000000004,0.8660254037844384,1.1,0.6,1.8,0.666666666666667,3.0,1.3111111111111053,0.8368813358902245,0.6,2.23333333333333,2.1222222222222276,2.090684807176917,0.6,6.2,1.1333333333333298,1.6333333333333298
2025-11-21 10:00:00,18.3,10,4,21,11,2025,4,47,0,0.49999999999999994,-0.8660254037844387,-0.433883739117558,-0.9009688679024191,-0.5000000000000004,0.8660254037844384,2.23333333333333,1.1,0.6,0.8,0.6,7.211111111111105,9.619963809895282,1.1,18.3,5.038888888888894,6.793899769209992,0.6,18.3,16.06666666666667,17.2
2025-11-25 05:00:00,1.2,5,1,25,11,2025,4,48,0,0.9659258262890683,0.25881904510252074,0.7818314824680298,0.6234898018587336,-0.5000000000000004,0.8660254037844384,18.3,2.23333333333333,1.1,6.2,5.9,7.244444444444437,9.58832237286154,1.2,18.3,4.205555555555561,6.9283128190430325,0.6,18.3,-17.1,-1.0333333333333299
2025-11-27 09:00:00,5.9,9,3,27,11,2025,4,48,0,0.7071067811865476,-0.7071067811865475,0.43388373911755823,-0.900968867902419,-0.5000000000000004,0.8660254037844384,1.2,18.3,2.23333333333333,1.8,0.333333333333333,8.466666666666663,8.834213792597765,1.2,18.3,4.888888888888895,6.845295762351805,0.6,18.3,4.7,-12.4
2025-11-28 08:00:00,2.23333333333333,8,4,28,11,2025,4,48,0,0.8660254037844387,-0.4999999999999998,-0.433883739117558,-0.9009688679024191,-0.5000000000000004,0.8660254037844384,5.9,1.2,18.3,0.6,8.2,3.1111111111111054,2.46989278519563,1.2,5.9,5.161111111111116,6.670879224632024,1.1,18.3,-3.6666666666666705,1.0333333333333299
2025-12-02 08:00:00,26.3,8,1,2,12,2025,4,49,0,0.8660254037844387,-0.4999999999999998,0.7818314824680298,0.6234898018587336,-2.4492935982947064e-16,1.0,2.23333333333333,5.9,1.2,1.1,25.3,11.477777777777773,12.966680948292291,2.23333333333333,26.3,9.361111111111116,10.45966680299269,1.2,26.3,24.06666666666667,20.4
2025-12-02 09:00:00,10.8666666666667,9,1,2,12,2025,4,49,0,0.7071067811865476,-0.7071067811865475,0.7818314824680298,0.6234898018587336,-2.4492935982947064e-16,1.0,26.3,2.23333333333333,5.9,2.23333333333333,0.666666666666667,13.13333333333334,12.1923928924734,2.23333333333333,26.3,10.800000000000011,9.859637135536081,1.2,26.3,-15.433333333333302,8.633333333333368
2025-12-02 16:00:00,2.0,16,1,2,12,2025,4,49,0,-0.8660254037844385,-0.5000000000000004,0.7818314824680298,0.6234898018587336,-2.4492935982947064e-16,1.0,10.8666666666667,26.3,2.23333333333333,18.3,0.8,13.055555555555562,12.296988490110795,2.0,26.3,8.083333333333345,9.622583390706923,1.2,26.3,-8.8666666666667,-24.3
2025-12-03 15:00:00,1.2,15,2,3,12,2025,4,49,0,-0.7071067811865471,-0.7071067811865479,0.9749279121818236,-0.22252093395631434,-2.4492935982947064e-16,1.0,2.0,10.8666666666667,26.3,1.2,6.2,4.688888888888894,5.365044613392797,1.2,10.8666666666667,8.083333333333345,9.622583390706923,1.2,26.3,-0.8,-9.6666666666667
2025-12-05 09:00:00,1.66666666666667,9,4,5,12,2025,4,49,0,0.7071067811865476,-0.7071067811865475,-0.433883739117558,-0.9009688679024191,-2.4492935982947064e-16,1.0,1.2,2.0,10.8666666666667,5.9,1.8,1.6222222222222185,0.4018475848783047,1.2,2.0,7.377777777777788,9.963838320349828,1.2,26.3,0.4666666666666701,-0.33333333333332993
2025-12-05 12:00:00,0.533333333333333,12,4,5,12,2025,4,49,0,1.2246467991473532e-16,-1.0,-0.433883739117558,-0.9009688679024191,-2.4492935982947064e-16,1.0,1.66666666666667,1.2,2.0,2.23333333333333,0.6,1.1333333333333295,0.5696002496799588,0.533333333333333,1.66666666666667,7.0944444444444565,10.161592540687733,0.533333333333333,26.3,-1.133333333333337,-0.666666666666667
2025-12-05 13:00:00,1.13333333333333,13,4,5,12,2025,4,49,0,-0.2588190451025208,-0.9659258262890683,-0.433883739117558,-0.9009688679024191,-2.4492935982947064e-16,1.0,0.533333333333333,1.66666666666667,1.2,26.3,1.1,1.1111111111111063,0.5669933698664452,0.533333333333333,1.66666666666667,2.9000000000000106,3.934745509206379,0.533333333333333,10.8666666666667,0.599999999999997,-0.5333333333333401
2025-12-05 16:00:00,0.933333333333333,16,4,5,12,2025,4,49,0,-0.8660254037844385,-0.5000000000000004,-0.433883739117558,-0.9009688679024191,-2.4492935982947064e-16,1.0,1.13333333333333,0.533333333333333,1.66666666666667,10.8666666666667,2.23333333333333,0.8666666666666606,0.3055050463156816,0.533333333333333,1.13333333333333,1.2444444444444496,0.522671201791889,0.533333333333333,2.0,-0.19999999999999696,0.4
2025-12-07 17:00:00,1.66666666666667,17,6,7,12,2025,4,49,1,-0.9659258262890683,-0.25881904510252063,-0.7818314824680299,0.6234898018587334,-2.4492935982947064e-16,1.0,0.933333333333333,1.13333333333333,0.533333333333333,2.0,18.3,1.2444444444444396,0.379082713526659,0.933333333333333,1.66666666666667,1.1888888888888947,0.4369930925773933,0.533333333333333,1.66666666666667,0.7333333333333371,0.5333333333333401
2025-12-08 10:00:00,2.2,10,0,8,12,2025,4,50,0,0.49999999999999994,-0.8660254037844387,0.0,1.0,-2.4492935982947064e-16,1.0,1.66666666666667,0.933333333333333,1.13333333333333,1.2,1.2,1.5999999999999963,0.635959467604256,0.933333333333333,2.2,1.3555555555555614,0.601725912747216,0.533333333333333,2.2,0.5333333333333301,1.266666666666667
2025-12-08 12:00:00,3.53333333333333,12,0,8,12,2025,4,50,0,1.2246467991473532e-16,-1.0,0.0,1.0,-2.4492935982947064e-16,1.0,2.2,1.66666666666667,0.933333333333333,1.66666666666667,5.9,2.466666666666662,0.9614803401190879,1.66666666666667,3.53333333333333,1.6666666666666714,1.0840254199549537,0.533333333333333,3.53333333333333,1.33333333333333,1.86666666666666
2025-12-11 08:00:00,1.4,8,3,11,12,2025,4,50,0,0.8660254037844387,-0.4999999999999998,0.43388373911755823,-0.900968867902419,-2.4492935982947064e-16,1.0,3.53333333333333,2.2,1.66666666666667,0.533333333333333,2.23333333333333,2.3777777777777724,1.077720502483159,1.4,3.53333333333333,1.811111111111116,0.9525793444143194,0.933333333333333,3.53333333333333,-2.13333333333333,-0.8000000000000003
2025-12-11 10:00:00,4.6,10,3,11,12,2025,4,50,0,0.49999999999999994,-0.8660254037844387,0.43388373911755823,-0.900968867902419,-2.4492935982947064e-16,1.0,1.4,3.53333333333333,2.2,1.13333333333333,26.3,3.177777777777772,1.6293602470926805,1.4,4.6,2.388888888888894,1.4037515871819848,0.933333333333333,4.6,3.1999999999999997,1.0666666666666695
2025-12-16 16:00:00,0.366666666666667,16,1,16,12,2025,4,51,0,-0.8660254037844385,-0.5000000000000004,0.7818314824680298,0.6234898018587336,-2.4492935982947064e-16,1.0,4.6,1.4,3.53333333333333,0.933333333333333,10.8666666666667,2.122222222222218,2.2071432852156527,0.366666666666667,4.6,2.29444444444445,1.5342630031909075,0.366666666666667,4.6,-4.2333333333333325,-1.033333333333333
2025-12-17 17:00:00,5.0,17,2,17,12,2025,4,51,0,-0.9659258262890683,-0.25881904510252063,0.9749279121818236,-0.22252093395631434,-2.4492935982947064e-16,1.0,0.366666666666667,4.6,1.4,1.66666666666667,2.0,3.3222222222222175,2.567388066006499,0.366666666666667,5.0,2.850000000000005,1.8354230514448748,0.366666666666667,5.0,4.633333333333333,0.40000000000000036
2025-12-19 08:00:00,1.26666666666667,8,4,19,12,2025,4,51,0,0.8660254037844387,-0.4999999999999998,-0.433883739117558,-0.9009688679024191,-2.4492935982947064e-16,1.0,5.0,0.366666666666667,4.6,2.2,1.2,2.2111111111111077,2.4568121470549986,0.366666666666667,5.0,2.69444444444445,1.9382026802238874,0.366666666666667,5.0,-3.73333333333333,0.900000000000003
2025-12-19 10:00:00,24.5,10,4,19,12,2025,4,51,0,0.49999999999999994,-0.8660254037844387,-0.433883739117558,-0.9009688679024191,-2.4492935982947064e-16,1.0,1.26666666666667,5.0,0.366666666666667,3.53333333333333,1.66666666666667,10.255555555555551,12.476481579058415,1.26666666666667,24.5,6.188888888888894,9.168367518973076,0.366666666666667,24.5,23.23333333333333,19.5
2025-12-20 16:00:00,1.26666666666667,16,5,20,12,2025,4,51,1,-0.8660254037844385,-0.5000000000000004,-0.9749279121818236,-0.2225209339563146,-2.4492935982947064e-16,1.0,24.5,1.26666666666667,5.0,1.4,0.533333333333333,9.011111111111108,13.41377125417198,1.26666666666667,24.5,6.166666666666674,9.182447023170397,0.366666666666667,24.5,-23.23333333333333,0.0
2025-12-21 08:00:00,1.0,8,6,21,12,2025,4,51,1,0.8660254037844387,-0.4999999999999998,-0.7818314824680299,0.6234898018587334,-2.4492935982947064e-16,1.0,1.26666666666667,24.5,1.26666666666667,4.6,1.13333333333333,8.922222222222219,13.491410161585758,1.0,24.5,5.5666666666666735,9.419837224354296,0.366666666666667,24.5,-0.26666666666666994,-23.5
2025-12-22 17:00:00,1.13333333333333,17,0,22,12,2025,4,52,0,-0.9659258262890683,-0.25881904510252063,0.0,1.0,-2.4492935982947064e-16,1.0,1.0,1.26666666666667,24.5,0.366666666666667,0.933333333333333,1.1333333333333286,0.13333333329966404,1.0,1.26666666666667,5.69444444444445,9.340055119196416,1.0,24.5,0.13333333333332997,-0.13333333333333997
2025-12-23 13:00:00,2.4,13,1,23,12,2025,4,52,0,-0.2588190451025208,-0.9659258262890683,0.7818314824680298,0.6234898018587336,-2.4492935982947064e-16,1.0,1.13333333333333,1.0,1.26666666666667,5.0,1.66666666666667,1.511111111111105,0.7726817178036983,1.0,2.4,5.261111111111117,9.438512516202755,1.0,24.5,1.26666666666667,1.4
2025-12-24 17:00:00,5.5,17,2,24,12,2025,4,52,0,-0.9659258262890683,-0.25881904510252063,0.9749279121818236,-0.22252093395631434,-2.4492935982947064e-16,1.0,2.4,1.13333333333333,1.0,1.26666666666667,2.2,3.0111111111111053,2.2465611580876534,1.13333333333333,5.5,5.966666666666672,9.23625705816171,1.0,24.5,3.1,4.36666666666667
2025-12-27 10:00:00,1.73333333333333,10,5,27,12,2025,4,52,1,0.49999999999999994,-0.8660254037844387,-0.9749279121818236,-0.2225209339563146,-2.4492935982947064e-16,1.0,5.5,2.4,1.13333333333333,24.5,3.53333333333333,3.211111111111105,2.0100672551836363,1.73333333333333,5.5,2.172222222222227,1.7083346883456005,1.0,5.5,-3.76666666666667,-0.6666666666666698
2025-12-29 08:00:00,0.6,8,0,29,12,2025,4,1,0,0.8660254037844387,-0.4999999999999998,0.0,1.0,-2.4492935982947064e-16,1.0,1.73333333333333,5.5,2.4,1.26666666666667,1.4,2.611111111111105,2.565223259359983,0.6,5.5,2.0611111111111153,1.7983222633778444,0.6,5.5,-1.1333333333333302,-4.9
2025-12-30 18:00:00,2.66666666666667,18,1,30,12,2025,4,1,0,-1.0,-1.8369701987210297e-16,0.7818314824680298,0.6234898018587336,-2.4492935982947064e-16,1.0,0.6,1.73333333333333,5.5,1.0,4.6,1.6666666666666616,1.0349449797463433,0.6,2.66666666666667,2.338888888888894,1.7290224170079396,0.6,5.5,2.06666666666667,0.93333333333334
2025-12-31 10:00:00,16.6,10,2,31,12,2025,4,1,0,0.49999999999999994,-0.8660254037844387,0.9749279121818236,-0.22252093395631434,-2.4492935982947064e-16,1.0,2.66666666666667,0.6,1.73333333333333,1.13333333333333,0.366666666666667,6.622222222222219,8.702575182944763,0.6,16.6,4.916666666666672,5.94985527368316,0.6,16.6,13.933333333333332,16.0
