Energy_Meter_ID,Year,Month_Num,Present_Reading,Previous_Reading,Difference,Meter_Constant,Net_Energy_MU,Consumption_Ratio,Meter_Status_OK,meter_mean_diff,meter_std_diff,meter_mean_net,meter_std_net,meter_record_count,Diff_Zscore,Net_Energy_Zscore,Diff_Deviation_Ratio
2208926,2020,0,94681.1,88517.0,6164.10000000001,2000.0,12328200.0,0.0696374707683271,1,5373.7642857142855,944.0044907770816,10747528.57142857,1888008.981554164,14,0.8372160535329017,0.8372160535328905,1.1470730147927717
GECO2400,2020,0,12700.5,10247.0,2453.5,3000.0,7360500.0,0.2394359324680394,1,2296.385714285715,336.18099259211584,6889157.142857144,1008542.9777763454,14,0.4673502939677191,0.4673502939677216,1.0684180731211157
KAU09330,2020,2,342281.8,338102.0,4179.8,1500.0,7269900.0,0.0123625414815647,0,4179.8,12.654643598964242,7269900.0,399980.85516549455,1,-0.104794986695801,-0.0703827710098905,1.0
Q0245915,2020,0,8.335,0.0,8.335,120000.0,0.0,0.0,1,60.67209302325582,17.88446336883331,7430185.7142857155,1932169.929421755,43,-2.92639996760887,0.0,0.1373778220706044
KAU09419,2020,0,15752.2,15641.6,110.6,1000.0,166640.0,0.007070887888707,1,110.6,0.0,166640.0,0.0,1,0.0,0.0,1.0
Q0245881,2020,1,2.802,174.56099999999998,2.802,20000.0,91109.9999999999,0.027971711537113,0,5.491263888888889,3.54975705176635,110582.81690140846,71206.78268622402,72,-0.7575909702188542,-0.2583014736455318,0.5102650422008695
KAU09417,2020,0,29129.2,28928.8,200.4,1000.0,231200.0,0.006927352672769,1,200.4,0.0,231200.0,0.0,1,0.0,0.0,1.0
Q0245703,2020,1,1.54,159.877,1.54,20000.0,117980.0,0.040775439921744996,0,7.250782608695652,4.617262983933441,147553.7777777778,91751.76558343042,46,-1.2368328658270713,-0.24308826795814464,0.2123908663532572
KAU09420,2020,0,24762.7,24616.2,150.5,2000.0,303132.0,0.0061138599783882,1,150.5,0.0,303132.0,0.0,1,0.0,0.0,1.0
Q02445763,2020,2,1.066,668.31,1.066,40000.0,487160.0,0.032708966527735,0,1.066,12.654643598964242,653498.6274509804,399980.85516549455,1,-0.104794986695801,-0.0703827710098905,1.0
KAU09802,2020,0,23762.7,23466.0,296.7,2000.0,596272.0,0.0126438251086678,1,296.7,0.0,596272.0,0.0,1,0.0,0.0,1.0
Q02457456,2020,2,1.436,668.31,1.436,40000.0,487160.0,0.032708966527735,0,1.436,12.654643598964242,653498.6274509804,399980.85516549455,1,-0.104794986695801,-0.0703827710098905,1.0
KEB07712,2020,0,14227.5,13383.7,846.8,1000.0,960540.0,0.0632709938208417,1,846.8,0.0,960540.0,0.0,1,0.0,0.0,1.0
Q0245885,2020,11,5.687,704.171,5.687,20000.0,5620.000000001255,0.0002943578208504,0,10.859778378378376,18.73837633034432,344557.15068493143,1059402.593219086,74,-0.2760526465679818,-0.3184126156043597,0.5236755117694405
KEB07709,2020,0,23959.84,23737.49,222.349999999999,2000.0,491779.999999997,0.0093670392278205,1,222.349999999999,0.0,491779.999999997,0.0,1,0.0,0.0,1.0
Q0245949,2020,1,2.354,1378.9070000000002,2.354,20000.0,718930.0000000005,0.022293132276331902,0,37.31822222222222,12.470915139988511,764864.2253521127,242559.7629313648,72,-2.8036613055049964,-0.1570508846633824,0.0630791034466331
KA02541,2020,0,67899.0,67333.7,565.3,2000.0,1391320.0,0.0083954988363924,1,565.3,0.0,1391320.0,0.0,1,0.0,0.0,1.0
Q0246113,2020,2,6.518,668.31,6.518,40000.0,487160.0,0.032708966527735,0,6.518,12.654643598964242,653498.6274509804,399980.85516549455,1,-0.104794986695801,-0.0703827710098905,1.0
KA900304,2020,0,28242.65,27770.56,472.09,1000.0,536610.0,0.0169996571909244,1,472.09,0.0,536610.0,0.0,1,0.0,0.0,1.0
Q0245739,2020,1,6.452,1417.3625,6.452,10000.0,406314.99999999953,0.022295298102554748,0,39.94781944444444,11.267900132210784,415160.42253521126,104383.1187971452,72,-2.9726762796461257,-0.0409090216580442,0.1615106929421471
Q0245930,2020,0,34151.2,32875.9,1275.3,1000.0,1365480.0,0.0387913334691977,1,77.40174999999999,143.8936639763133,2267442.5,526540.6872759613,72,8.324885313902278,-1.712996776500349,16.47637165826354
KA904069,2020,0,12012.4,11578.6,433.799999999999,2000.0,867599.999999999,0.0374656694246281,1,433.799999999999,0.0,867599.999999999,0.0,1,0.0,0.0,1.0
Q0245713,2020,1,3.725,743.7985,3.725,40000.0,149000.0,0.042786482498630304,0,32.79048611111111,15.874084052531863,1311619.4444444445,634963.3621012745,72,-1.8310024071263036,-1.8310024071263036,0.1136000237196172
KEB16422,2020,0,8587839.0,8551134.0,36705.0,120.0,4917000.0,0.0042924131466072,1,36705.0,0.0,4917000.0,0.0,1,0.0,0.0,1.0
Q0245916,2020,1,4.27,1358.623,4.27,120000.0,5239920.000000015,0.036565118505569,0,44.12260294117647,12.08437567798017,5366090.149253732,1335301.248486868,68,-3.297861966820084,-0.06415791893463445,0.09677579551897
KEB07711,2020,0,1153.78,1153.78,0.0,20000.0,0.0,0.0,1,0.1834782608695662,0.7445452523857999,3669.5652173913177,14890.905047715944,46,-0.2464299655147,-0.2464299655147003,0.0
KEB07710,2020,0,4632.23,4621.9,10.3299999999999,20000.0,234799.999999999,0.0022350115753261,1,10.3299999999999,0.0,234799.999999999,0.0,1,0.0,0.0,1.0
Q0245899,2020,1,1.41,287.75149999999996,1.41,20000.0,194040.0,0.0312934814341945,0,9.431333333333336,3.55236493731814,190886.19718309864,68898.3537511435,72,-2.258026265564102,0.04577471949899835,0.1495016611295681
KAU09418,2020,0,5572.57,5560.29,12.2799999999997,10000.0,131199.999999997,0.0022085179010446,1,12.2799999999997,0.0,131199.999999997,0.0,1,0.0,0.0,1.0
Q0245701,2020,1,2.1,292.34000000000003,2.1,10000.0,851570.0000000005,0.0761170790163744,0,30.7575,17.940807879931587,587681.0256410255,399980.85516549455,40,-1.597336094995811,0.6597540131009254,0.0682760302365276
Q0245773,2020,0,20933.96,20538.2,395.759999999998,4000.0,1782519.99999999,0.0192694588620228,1,29.999624999999973,45.97636836445583,1004875.5555555556,577514.2749601826,72,7.955399436958707,1.346537182129481,13.19216490206122
KAU09422,2020,0,25272.33,24921.88,350.450000000001,4000.0,1479880.0,0.0140619407524633,1,350.450000000001,0.0,1479880.0,0.0,1,0.0,0.0,1.0
Q0245716,2020,1,1.952,316.152,1.952,40000.0,994600.0,0.043745533350204896,0,21.62518055555556,14.921138887475545,876090.704225352,593584.408110889,72,-1.3184771419873829,0.19965028419767544,0.0902651422948941
KA900305,2020,0,7609.86,7503.92,105.94,10000.0,1059400.0,0.0141179543491934,1,105.94,0.0,1059400.0,0.0,1,0.0,0.0,1.0
Q0245809,2020,1,9.317,756.954,9.317,20000.0,1245740.0,0.0294562046525544,0,23.615661971830985,5.396258698510247,487234.3661971831,137110.4789652949,71,-2.6497361914428668,5.532076319234566,0.3945263110182309
13193134,2020,0,271.6,265.2,6.40000000000003,1000.0,19200.0,0.024132730015083,1,1150.2500000000002,210.83145770809924,13802040.000000006,2535279.5498053106,60,-5.42542375997649,-5.436418244709314,0.005564007824386
2208926,2020,0,100746.5,94681.1,6065.39999999999,2000.0,12130800.0,0.0640613596588969,1,5373.7642857142855,944.0044907770816,10747528.57142857,1888008.981554164,14,0.7326614661720161,0.7326614661720269,1.1287060015126382
GECO2400,2020,0,15090.2,12700.5,2389.7,3000.0,7169100.0,0.1881579465375378,1,2296.385714285715,336.18099259211584,6889157.142857144,1008542.9777763454,14,0.277571569394174,0.2775715693941765,1.0406352840177415
GECO2421,2020,0,30708.0,29032.0,1676.0,3000.0,5028000.0,0.0577294020391292,1,1269.6999999999998,422.7545249117192,3809099.999999999,1268263.574735157,13,0.9610778266296378,0.9610778266296386,1.3199968496495238
Q0245915,2020,0,67.358,8.335,59.023,120000.0,7082760.0,7.081343731253749,1,60.67209302325582,17.88446336883331,7430185.7142857155,1932169.929421755,43,-0.0922081355893315,-0.1798111589438152,0.972819579132968
Q0245881,2020,0,9.705,2.802,6.903,20000.0,138060.0,2.463597430406852,1,5.491263888888889,3.54975705176635,110582.81690140846,71206.78268622402,72,0.3976993609770096,0.3858787332053889,1.2570876467925065
Q0245703,2020,0,14.197,1.54,12.657,20000.0,253140.0,8.21883116883117,1,7.250782608695652,4.617262983933441,147553.7777777778,91751.76558343042,46,1.1708705807133382,1.1507813669940992,1.7456046723592056
Q0245763,2020,0,9.897,1.066,8.831,40000.0,353240.0,8.284240150093808,1,5.324028169014084,2.556519765908508,212961.12676056335,102260.7906363403,71,1.3717757545831637,1.3717757545831637,1.6587064755585892
Q0245756,2020,0,17.443,1.436,16.007,40000.0,640280.0,11.146935933147631,1,4.927042253521127,4.819802463162096,197081.69014084508,192792.09852648395,71,2.29884063323411,2.298840633234108,3.248805099765594
Q0245885,2020,0,53.156,5.687,47.469,20000.0,949380.0,8.346931598382275,1,10.859778378378376,18.73837633034432,344557.15068493143,1059402.593219086,74,1.953702977047048,0.5709093532396048,4.371083676487352
Q0245809,2020,0,23.158,2.354,20.804,20000.0,416080.0,8.837723024638912,1,23.615661971830985,5.396258698510247,487234.3661971831,137110.4789652949,71,-0.5210391363570478,-0.5189564410696393,0.8809407936485216
Q0245113,2020,0,35.449,6.518,28.931,40000.0,1157240.0,4.438631482049709,1,24.286676056338035,20.28085999217323,965589.014084507,813747.7718576561,71,0.2290003454219544,0.2355164493759343,1.191229295144732
Q0245739,2020,0,59.582,6.452,53.13,10000.0,531300.0,8.234655920644762,1,39.94781944444444,11.267900132210784,415160.42253521126,104383.1187971452,72,1.1698879472558117,1.1126279689965068,1.3299849838834898
Q0245930,2020,0,84.376,9.018,75.358,20000.0,1507160.0,8.356398314482147,1,77.40174999999999,143.8936639763133,2267442.5,526540.6872759613,72,-0.0142031966072975,-1.4439197546789655,0.9735955582399624
Q0245713,2020,0,31.695,3.725,27.97,40000.0,1118800.0,7.508724832214765,1,32.79048611111111,15.874084052531863,1311619.4444444445,634963.3621012745,72,-0.3036701894206146,-0.3036701894206144,0.852991319043676
Q0245916,2020,0,46.054,4.27,41.784,120000.0,5014080.0,9.785480093676815,1,44.12260294117647,12.08437567798017,5366090.149253732,1335301.248486868,68,-0.1935228598890556,-0.2636185277686373,0.9469976206006192
KEB07711,2020,0,1153.84,1153.78,0.0599999999999454,20000.0,1199.99999999891,5.200298150422559e-05,1,0.1834782608695662,0.7445452523857999,3669.5652173913177,14890.905047715944,46,-0.1658438630478813,-0.1658438630478813,0.3270142180091792
Q0245899,2020,0,29.79,1.41,28.38,20000.0,567600.0,20.127659574468087,1,9.431333333333336,3.55236493731814,190886.19718309864,68898.3537511435,72,5.334099114538602,5.467674948774072,3.009118541033434
Q0245701,2020,0,17.704,2.1,15.604,10000.0,156040.0,7.43047619047619,1,30.7575,17.940807879931587,587681.0256410255,399980.85516549455,40,-0.8446386640676621,-1.0791542146746782,0.5073234170527513
Q0245773,2020,0,48.006,4.987,43.019,40000.0,1720760.0,8.626228193302586,1,29.999624999999973,45.97636836445583,1004875.5555555556,577514.2749601826,72,0.2831753673277348,1.239596102613744,1.4339845914740612
Q0245716,2020,0,35.683,1.952,33.731,40000.0,1349240.0,17.280225409836067,1,21.62518055555556,14.921138887475545,876090.704225352,593584.408110889,72,0.8113200698510881,0.7971053304457042,1.559802005506698
Q0245949,2020,0,68.41,9.317,59.093,20000.0,1181860.0,6.342492218525277,1,37.31822222222222,12.470915139988511,764864.2253521127,242559.7629313648,72,1.7460448999413078,1.7191465295333477,1.5834891503703885
Q0245847,2020,0,0.472,0.064,0.408,20000.0,8160.0,6.374999999999999,1,54.00253333333333,32.792040365511475,1376707.7333333334,738008.7368551424,75,-1.6343762918058786,-1.8543787695049392,0.0075552011140218
0.01597222222222222,2020,2,272.0,27.2,15.02,10.0,62.0,0.5522058823529412,0,15.02,12.654643598964242,62.0,399980.85516549455,1,-0.104794986695801,-0.0703827710098905,1.0
2208926,2020,0,6339.524,746.5,5593.024,2000.0,11186048.0,7.492329537843269,1,5373.7642857142855,944.0044907770816,10747528.57142857,1888008.981554164,14,0.2322655415603219,0.2322655415603215,1.0408018853503862
GECO2400,2020,0,17946.1,15090.2,2855.9,3000.0,8567699.99999999,0.1892552782600628,1,2296.385714285715,336.18099259211584,6889157.142857144,1008542.9777763454,14,1.6643245693344022,1.6643245693343975,1.2436499592527384
GECO2421,2020,0,31605.2,30708.0,897.200000000001,3000.0,2691600.0,0.0292171421128045,1,1269.6999999999998,422.7545249117192,3809099.999999999,1268263.574735157,13,-0.8811259916798888,-0.8811259916798913,0.7066236118768221
Q0245915,2020,0,137.865,67.358,70.507,120000.0,8460840.0,1.0467502004216278,1,60.67209302325582,17.88446336883331,7430185.7142857155,1932169.929421755,43,0.5499134513525952,0.5334180343147824,1.1620993522174097
Q0245881,2020,0,35.498,9.705,25.793,20000.0,515860.0,2.65770221535291,1,5.491263888888889,3.54975705176635,110582.81690140846,71206.78268622402,72,5.719190303744596,5.691553076965493,4.697097156847619
Q0245703,2020,0,31.842,14.197,17.645,20000.0,352900.0,1.2428682115939989,1,7.250782608695652,4.617262983933441,147553.7777777778,91751.76558343042,46,2.2511642562862053,2.2380628962992506,2.4335304135085867
Q0245763,2020,0,19.174,9.897,9.277,40000.0,371080.0,0.937354753965848,1,5.324028169014084,2.556519765908508,212961.12676056335,102260.7906363403,71,1.5462316715478832,1.5462316715478837,1.74247763263017
Q0245756,2020,0,34.031,17.443,16.588,40000.0,663520.0,0.9509832024307744,1,4.927042253521127,4.819802463162096,197081.69014084508,192792.09852648395,71,2.419384992560161,2.41938499256016,3.366725744668687
Q0245885,2020,0,106.294,53.156,53.138,20000.0,1062760.0,0.9996613740687786,1,10.859778378378376,18.73837633034432,344557.15068493143,1059402.593219086,74,2.256237193462576,0.6779319343864804,4.893101695868564
Q0245739,2020,0,121.124,59.582,61.542,10000.0,615420.0,1.032895841025813,1,39.94781944444444,11.267900132210784,415160.42253521126,104383.1187971452,72,1.916433434995198,1.918505403675156,1.5405596815011806
Q0245809,2020,0,47.944,23.158,24.786,20000.0,495720.0,1.070299680455998,1,23.615661971830985,5.396258698510247,487234.3661971831,137110.4789652949,71,0.2168795259004379,0.0618890245796951,1.049557705795629
Q0245113,2020,0,77.975,35.449,42.526,40000.0,1701040.0,1.199638917882028,1,24.286676056338035,20.28085999217323,965589.014084507,813747.7718576561,71,0.8993368107023504,0.903782488075606,1.751001244524036
Q0245930,2020,0,166.123,84.376,81.747,20000.0,1634940.0,0.96884185076325,1,77.40174999999999,143.8936639763133,2267442.5,526540.6872759613,72,0.0301976465114912,-1.2012414525309112,1.0561389115879165
Q0245713,2020,0,57.303,31.695,25.608,40000.0,1024320.0,0.8079507808802651,1,32.79048611111111,15.874084052531863,1311619.4444444445,634963.3621012745,72,-0.4524661761486342,-0.4524661761486341,0.7809582301777066
Q0245916,2020,0,68.423,46.054,22.369,120000.0,2684280.0,0.4857124245450992,1,44.12260294117647,12.08437567798017,5366090.149253732,1335301.248486868,68,-1.8001428887067217,-2.0083933511577974,0.5069737166191665
KEB07711,2020,0,1153.92,1153.84,0.0800000000001546,20000.0,1600.00000000309,6.933370311321726e-05,1,0.1834782608695662,0.7445452523857999,3669.5652173913177,14890.905047715944,46,-0.1389818288919697,-0.1389818288919698,0.4360189573468116
Q0245899,2020,0,39.47,29.79,9.68,20000.0,193600.0,0.3249412554548506,1,9.431333333333336,3.55236493731814,190886.19718309864,68898.3537511435,72,0.0700003155797377,0.0393885001476732,1.0263660139959
Q0245701,2020,0,32.588,17.704,14.884,10000.0,148840.0,0.8407139629462268,1,30.7575,17.940807879931587,587681.0256410255,399980.85516549455,40,-0.8847706360958216,-1.097155076233467,0.4839144924002276
Q0245949,2020,0,117.438,68.41,49.028,20000.0,980560.0,0.7166788481216196,1,37.31822222222222,12.470915139988511,764864.2253521127,242559.7629313648,72,0.93896700012254,0.8892479611670838,1.3137817688111857
Q0245773,2020,0,50.464,46.006,4.458,40000.0,178320.0,0.0969004042950919,1,29.999624999999973,45.97636836445583,1004875.5555555556,577514.2749601826,72,-0.5555381146577492,-1.4312296533493365,0.1486018575232191
Q0245716,2020,0,66.181,35.683,30.498,40000.0,1219920.0,0.8546927108146737,1,21.62518055555556,14.921138887475545,876090.704225352,593584.408110889,72,0.594647601054909,0.5792424650588469,1.4103003635807794
Q0245847,2020,0,0.733,0.472,0.261,20000.0,5220.0,0.5529661016949153,1,54.00253333333333,32.792040365511475,1376707.7333333334,738008.7368551424,75,-1.638859086970848,-1.8583624621811643,0.0048331065949992
2208926,2020,0,9579.3,6339.524,3239.776,2000.0,6479552.0,0.5110440468401097,1,5373.7642857142855,944.0044907770816,10747528.57142857,1888008.981554164,14,-2.2605700572013574,-2.260570057201356,0.60288762732163
GECO2400,2020,0,19795.6,17946.1,1849.5,3000.0,5548500.0,0.10305860326199,1,2296.385714285715,336.18099259211584,6889157.142857144,1008542.9777763454,14,-1.329300954346089,-1.3293009543460903,0.8053960571581427
GECO2421,2020,0,31915.9,31605.2,310.700000000001,3000.0,932100.000000002,0.0098306607773404,1,1269.6999999999998,422.7545249117192,3809099.999999999,1268263.574735157,13,-2.2684559087812484,-2.26845590878125,0.2447034732614011
Q0245915,2020,0,183.57,137.865,45.705,120000.0,5484600.0,0.3315199651833315,1,60.67209302325582,17.88446336883331,7430185.7142857155,1932169.929421755,43,-0.8368768307210437,-1.006943377318772,0.7533117405803211
Q0245881,2020,0,40.936,35.498,5.438,20000.0,108760.0,0.1531917291114992,1,5.491263888888889,3.54975705176635,110582.81690140846,71206.78268622402,72,-0.0150049392429222,-0.0255989223588542,0.9903002496389468
Q0245703,2020,0,43.052,31.842,11.21,20000.0,224200.0,0.3520507505809937,1,7.250782608695652,4.617262983933441,147553.7777777778,91751.76558343042,46,0.8574814571058926,0.8353650933564579,1.5460400076753336
Q0245763,2020,0,27.091,19.174,7.917,40000.0,316680.0,0.4129028893293001,1,5.324028169014084,2.556519765908508,212961.12676056335,102260.7906363403,71,1.014258471834836,1.014258471834836,1.48703195187378
Q0245756,2020,0,47.351,34.031,13.32,40000.0,532800.0,0.3914078340336752,1,4.927042253521127,4.819802463162096,197081.69014084508,192792.09852648395,71,1.7413489060239538,1.7413489060239526,2.7034474872791723
Q0245885,2020,0,151.053,106.294,44.759,20000.0,895180.0,0.4210867969970083,1,10.859778378378376,18.73837633034432,344557.15068493143,1059402.593219086,74,1.8090799877215789,0.5197484439243759,4.121538989148652
Q0245739,2020,0,176.796,121.124,55.672,10000.0,556720.0,0.4596281496648063,1,39.94781944444444,11.267900132210784,415160.42253521126,104383.1187971452,72,1.3954845508974565,1.3561539365372968,1.3936179940290163
Q0245809,2020,0,71.672,47.944,23.728,20000.0,474560.0,0.494910729184048,1,23.615661971830985,5.396258698510247,487234.3661971831,137110.4789652949,71,0.0208177617948579,-0.0924390775441109,1.0047569290373064
Q0245113,2020,0,98.842,77.975,20.867,20000.0,417340.0,0.2676114139147162,1,24.286676056338035,20.28085999217323,965589.014084507,813747.7718576561,71,-0.1686159293865128,-0.6737333520839537,0.8591953856342721
Q0245930,2020,0,218.552,166.123,52.429,20000.0,1048580.0,0.3156034986124739,1,77.40174999999999,143.8936639763133,2267442.5,526540.6872759613,72,-0.1735500320855741,-2.314849601282932,0.6773619459508345
Q0245713,2020,0,68.712,57.303,11.409,40000.0,456360.0,0.1990995235851526,1,32.79048611111111,15.874084052531863,1311619.4444444445,634963.3621012745,72,-1.3469429820551335,-1.3469429820551335,0.3479362874139899
Q0245916,2020,0,76.138,68.423,7.715,120000.0,925800.0,0.1127544831416336,1,44.12260294117647,12.08437567798017,5366090.149253732,1335301.248486868,68,-3.01278311030312,-3.325309666478155,0.1748536914353287
KEB07711,2020,0,1158.95,1153.92,5.02999999999997,20000.0,100599.999999999,0.0043590543538546,1,0.1834782608695662,0.7445452523857999,3669.5652173913177,14890.905047715944,46,6.509371624626368,6.5093716246263655,27.41469194312764
Q0245899,2020,0,43.559,39.47,4.089,20000.0,81780.0,0.1035976691157841,1,9.431333333333336,3.55236493731814,190886.19718309864,68898.3537511435,72,-1.5038807745260914,-1.5835820631822837,0.4335548172757475
Q0245701,2020,0,44.183,32.588,11.595,10000.0,115950.0,0.3558058180925494,1,30.7575,17.940807879931587,587681.0256410255,399980.85516549455,40,-1.0680957138744565,-1.1793840118818784,0.376981224091685
Q0245949,2020,0,126.117,117.438,8.679,20000.0,173580.0,0.0739028253205947,1,37.31822222222222,12.470915139988511,764864.2253521127,242559.7629313648,72,-2.296481204525989,-2.437684709971553,0.232567348688755
Q0245773,2020,0,56.347,50.464,5.883,40000.0,235320.0,0.1165781547241598,1,29.999624999999973,45.97636836445583,1004875.5555555556,577514.2749601826,72,-0.5245439311088445,-1.3325307943403015,0.1961024512806412
Q0245716,2020,0,73.284,66.181,7.10300000000001,40000.0,284120.0,0.1073268762938005,1,21.62518055555556,14.921138887475545,876090.704225352,593584.408110889,72,-0.9732622063953258,-0.997281424741811,0.3284596853077018
Q0245847,2020,0,0.947,0.733,0.214,20000.0,4280.0,0.2919508867667121,1,54.00253333333333,32.792040365511475,1376707.7333333334,738008.7368551424,75,-1.64029236161543,-1.8596361598395488,0.0039627770549035
2208926,2020,0,14358.6,9579.3,4779.3,2000.0,9558600.0,0.4989195452694874,1,5373.7642857142855,944.0044907770816,10747528.57142857,1888008.981554164,14,-0.6297261205028132,-0.6297261205028131,0.8893765609901014
GECO2400,2020,0,22173.9,19795.6,2378.3,3000.0,7134900.00000001,0.1201428600295015,1,2296.385714285715,336.18099259211584,6889157.142857144,1008542.9777763454,14,0.2436612643763316,0.2436612643763432,1.0356709611998978
GECO2421,2020,0,32728.2,31915.9,812.299999999999,3000.0,2436900.0,0.0254512641034719,1,1269.6999999999998,422.7545249117192,3809099.999999999,1268263.574735157,13,-1.0819517546157935,-1.0819517546157915,0.6397574230133096
Q0245915,2020,0,242.553,183.57,58.983,120000.0,7077960.0,0.3213106716783788,1,60.67209302325582,17.88446336883331,7430185.7142857155,1932169.929421755,43,-0.0944447137395998,-0.1822954124905188,0.9721602974433668
Q0245881,2020,0,44.754,40.936,3.818,20000.0,76360.0,0.0932675395739691,1,5.491263888888889,3.54975705176635,110582.81690140846,71206.78268622402,72,-0.4713741995543827,-0.4806117564981538,0.6952861995442255
Q0245703,2020,0,50.731,43.052,7.679,20000.0,153580.0,0.1783656972962928,1,7.250782608695652,4.617262983933441,147553.7777777778,91751.76558343042,46,0.0927426903761826,0.0656796322545151,1.059058092679651
Q0245763,2020,0,32.0,27.091,4.909,40000.0,196360.0,0.1812040899191613,1,5.324028169014084,2.556519765908508,212961.12676056335,102260.7906363403,71,-0.1623410757657865,-0.1623410757657867,0.9220462109067052
Q0245756,2020,0,57.288,47.351,9.937,40000.0,397480.0,0.2098582923275115,1,4.927042253521127,4.819802463162096,197081.69014084508,192792.09852648395,71,1.039452920481729,1.0394529204817289,2.0168286547367216
Q0245885,2020,0,199.025,151.053,47.972,20000.0,959440.0,0.3175838943946826,1,10.859778378378376,18.73837633034432,344557.15068493143,1059402.593219086,74,1.9805462846598565,0.580405271094055,4.417401380447265
Q0245739,2020,0,228.752,176.796,51.956,10000.0,519560.0,0.2938754270458608,1,39.94781944444444,11.267900132210784,415160.42253521126,104383.1187971452,72,1.0656981704362631,1.000157675568935,1.300596646389057
Q0245809,2020,0,96.163,71.672,24.491,20000.0,489820.0,0.341709454180154,1,23.615661971830985,5.396258698510247,487234.3661971831,137110.4789652949,71,0.1622120207859327,0.018858032021545,1.0370659958299338
Q0245113,2020,0,142.949,98.842,44.107,40000.0,1764280.0,0.4462374294328322,1,24.286676056338035,20.28085999217323,965589.014084507,813747.7718576561,71,0.9772920848184448,0.9814969865812464,1.816098666515112
Q0245930,2020,0,316.222,218.552,97.67,20000.0,1953400.0,0.4468959332332809,1,77.40174999999999,143.8936639763133,2267442.5,526540.6872759613,72,0.1408557502805434,-0.596425893741825,1.2618577745335218
Q0245713,2020,0,82.51,68.712,13.798,40000.0,551920.0,0.2008091745255559,1,32.79048611111111,15.874084052531863,1311619.4444444445,634963.3621012745,72,-1.1964461097887324,-1.1964461097887324,0.4207927858478599
Q0245916,2020,0,96.387,76.138,20.249,120000.0,2429880.0,0.2659512989571567,1,44.12260294117647,12.08437567798017,5366090.149253732,1335301.248486868,68,-1.9755760311786996,-2.198912157523237,0.458925780670638
KEB07711,2020,0,1159.0,1158.95,0.0499999999999545,20000.0,999.999999999091,4.314249967639199e-05,1,0.1834782608695662,0.7445452523857999,3669.5652173913177,14890.905047715944,46,-0.1792748801256845,-0.1792748801256845,0.2725118483409826
Q0245899,2020,0,51.999,43.559,8.44,20000.0,168800.0,0.1937601873321242,1,9.431333333333336,3.55236493731814,190886.19718309864,68898.3537511435,72,-0.2790629202870533,-0.3205620451088366,0.8948893758394004
Q0245701,2020,0,56.751,44.183,12.568,10000.0,125680.0,0.2844532965167598,1,30.7575,17.940807879931587,587681.0256410255,399980.85516549455,40,-1.013861812786402,-1.155057847580904,0.4086157847679427
Q0245949,2020,0,158.986,126.117,32.869,20000.0,657380.0,0.2606230722265832,1,37.31822222222222,12.470915139988511,764864.2253521127,242559.7629313648,72,-0.3567679013351314,-0.4431247130733988,0.8807761474882692
Q0245773,2020,0,78.965,56.347,22.618,40000.0,904720.0,0.4014055761619962,1,29.999624999999973,45.97636836445583,1004875.5555555556,577514.2749601826,72,-0.1605525895713564,-0.1734252466096372,0.7539427576178042
Q0245716,2020,0,86.925,73.284,13.641,40000.0,545640.0,0.1861388570492876,1,21.62518055555556,14.921138887475545,876090.704225352,593584.408110889,72,-0.5350918998721532,-0.556703814503867,0.6307924211294318
Q0245847,2020,0,1.177,0.947,0.23,20000.0,4600.0,0.2428722280887011,1,54.00253333333333,32.792040365511475,1376707.7333333334,738008.7368551424,75,-1.6398044383321684,-1.8592025606366949,0.0042590594515319
0.2319444444444445,2020,2,212.0,21.2,23.05,12.0,138.0,1.0872641509433962,0,23.05,12.654643598964242,138.0,399980.85516549455,1,-0.104794986695801,-0.0703827710098905,1.0
2208926,2020,0,19529.6,14358.6,5171.0,2000.0,10342000.0,0.3601326034571615,1,5373.7642857142855,944.0044907770816,10747528.57142857,1888008.981554164,14,-0.2147916537424253,-0.2147916537424252,0.9622677373004026
GECO2400,2020,0,24441.8,22173.9,2267.9,3000.0,6803699.99999999,0.1022779033007274,1,2296.385714285715,336.18099259211584,6889157.142857144,1008542.9777763454,14,-0.0847332684280467,-0.0847332684280559,0.9875954139113012
GECO2421,2020,0,33911.5,32728.2,1183.3,3000.0,3549900.0,0.036155364486895,1,1269.6999999999998,422.7545249117192,3809099.999999999,1268263.574735157,13,-0.2043739212916577,-0.2043739212916574,0.9319524297078052
Q0245915,2020,0,298.8,242.553,56.247,120000.0,6749640.0,0.2318957093913495,1,60.67209302325582,17.88446336883331,7430185.7142857155,1932169.929421755,43,-0.247426659217927,-0.3522183550850437,0.9270654298746598
Q0245881,2020,0,46.583,44.754,1.829,20000.0,36580.0,0.0408678553872279,1,5.491263888888889,3.54975705176635,110582.81690140846,71206.78268622402,72,-1.031694235825676,-1.0392664028580718,0.3330745047057068
Q0245703,2020,0,53.677,50.731,2.946,20000.0,58920.0,0.0580710019514695,1,7.250782608695652,4.617262983933441,147553.7777777778,91751.76558343042,46,-0.9323234616860424,-0.966017135628661,0.4063009690108414
Q0245763,2020,0,34.468,32.0,2.468,40000.0,98720.0000000001,0.077125,1,5.324028169014084,2.556519765908508,212961.12676056335,102260.7906363403,71,-1.1171547378978075,-1.117154737897807,0.4635587794902727
Q0245756,2020,0,61.888,57.288,4.6,40000.0,184000.0,0.0802960480379835,1,4.927042253521127,4.819802463162096,197081.69014084508,192792.09852648395,71,-0.0678538707801246,-0.0678538707801245,0.9336230061174318
Q0245885,2020,0,242.021,199.025,42.996,20000.0,859920.0,0.2160331616631076,1,10.859778378378376,18.73837633034432,344557.15068493143,1059402.593219086,74,1.714994995034937,0.4864655350229926,3.959196818012812
Q0245739,2020,0,275.96,228.752,47.208,10000.0,472080.0,0.206371966146744,1,39.94781944444444,11.267900132210784,415160.42253521126,104383.1187971452,72,0.6443241837759432,0.5452948534274439,1.1817415983280968
Q0245809,2020,0,116.694,96.163,20.531,20000.0,410620.0,0.2135020746024978,1,23.615661971830985,5.396258698510247,487234.3661971831,137110.4789652949,71,-0.5716297427850472,-0.5587783426573512,0.8693806688328108
Q0245113,2020,0,192.644,142.949,49.695,40000.0,1987800.0,0.3476414665370166,1,24.286676056338035,20.28085999217323,965589.014084507,813747.7718576561,71,1.252822806994749,1.256176694139449,2.046183672262192
Q0245930,2020,0,416.507,316.222,100.285,20000.0,2005700.0,0.3171347977054095,1,77.40174999999999,143.8936639763133,2267442.5,526540.6872759613,72,0.1590288923615627,-0.4970983369853431,1.295642540381839
Q0245713,2020,0,98.019,82.51,15.509,40000.0,620360.0,0.187965095139983,1,32.79048611111111,15.874084052531863,1311619.4444444445,634963.3621012745,72,-1.0886603632639056,-1.0886603632639054,0.4729725551322263
Q0245916,2020,0,125.871,96.387,29.484,120000.0,3538080.0,0.305891873385415,1,44.12260294117647,12.08437567798017,5366090.149253732,1335301.248486868,68,-1.21136609215572,-1.3689870741341623,0.6682289356162325
KEB07711,2020,0,1154.01,1153.0,1.00999999999999,20000.0,20199.9999999998,0.0008759757155247,1,0.1834782608695662,0.7445452523857999,3669.5652173913177,14890.905047715944,46,1.1101027593446344,1.1101027593446389,5.504739336492805
Q0245899,2020,0,59.595,51.999,7.596,20000.0,151920.0,0.1460797323025442,1,9.431333333333336,3.55236493731814,190886.19718309864,68898.3537511435,72,-0.516651122764127,-0.5655606420414933,0.8054004382554604
Q0245701,2020,0,68.852,56.751,12.101,10000.0,121010.0,0.2132297228242674,1,30.7575,17.940807879931587,587681.0256410255,399980.85516549455,40,-1.0398918557546666,-1.1667334063975074,0.3934324961391531
Q0245949,2020,0,215.675,158.986,56.689,20000.0,1133780.0,0.3565659869422465,1,37.31822222222222,12.470915139988511,764864.2253521127,242559.7629313648,72,1.55327636828067,1.5209273384402031,1.5190702188981255
Q0245773,2020,0,112.151,78.965,33.186,40000.0,1327440.0,0.420262141455075,1,29.999624999999973,45.97636836445583,1004875.5555555556,577514.2749601826,72,0.0693046256881698,0.5585393442728045,1.1062138276728468
Q0245716,2020,0,105.829,86.925,18.904,40000.0,756160.0,0.2174748346275525,1,21.62518055555556,14.921138887475545,876090.704225352,593584.408110889,72,-0.1823708348321622,-0.2020449031116522,0.8741661116509625
Q0245847,2020,0,1.442,1.177,0.265,20000.0,5300.0,0.2251486830926083,1,54.00253333333333,32.792040365511475,1376707.7333333334,738008.7368551424,75,-1.6387371061500329,-1.8582540623804509,0.0049071771941563
0.3159722222222222,2020,2,214.0,21.4,23.06,11.0,52.0,1.077570093457944,0,23.06,12.654643598964242,52.0,399980.85516549455,1,-0.104794986695801,-0.0703827710098905,1.0
2208926,2020,0,24774.6,19529.6,5245.0,2000.0,10490000.0,0.2685666885138457,1,5373.7642857142855,944.0044907770816,10747528.57142857,1888008.981554164,14,-0.136402196146641,-0.1364021961466409,0.9760383450281592
GECO2400,2020,0,26467.4,24441.8,2025.6,3000.0,6076800.00000001,0.0828744200508964,1,2296.385714285715,336.18099259211584,6889157.142857144,1008542.9777763454,14,-0.8054759794651924,-0.8054759794651822,0.88208178068642
GECO2421,2020,0,35386.9,33911.5,1475.4,3000.0,4426200.0,0.0435073647582678,1,1269.6999999999998,422.7545249117192,3809099.999999999,1268263.574735157,13,0.4865707825196078,0.4865707825196082,1.1620067732535246
Q0245915,2020,0,349.085,298.8,50.285,120000.0,6034200.0,0.1682898259705488,1,60.67209302325582,17.88446336883331,7430185.7142857155,1932169.929421755,43,-0.5807886325153643,-0.7224963462212122,0.8287994940396335
Q0245881,2020,0,49.178,46.583,2.595,20000.0,51900.0,0.0557070175815211,1,5.491263888888889,3.54975705176635,110582.81690140846,71206.78268622402,72,-0.8159048201475408,-0.8241183590613411,0.4725688024665441
Q0245703,2020,0,55.623,53.677,1.946,20000.0,38920.0,0.0362538890027386,1,7.250782608695652,4.617262983933441,147553.7777777778,91751.76558343042,46,-1.148901985257187,-1.1839965921854276,0.2683848220282068
Q0245763,2020,0,35.83,34.468,1.36199999999999,40000.0,54479.9999999998,0.0395149123824994,1,5.324028169014084,2.556519765908508,212961.12676056335,102260.7906363403,71,-1.5497741194291574,-1.549774119429156,0.2558213361692653
Q0245756,2020,0,64.816,61.888,2.928,40000.0,117120.0,0.0473112719751809,1,4.927042253521127,4.819802463162096,197081.69014084508,192792.09852648395,71,-0.4147560545893469,-0.4147560545893466,0.5942713395460523
Q0245885,2020,0,285.006,242.021,42.985,20000.0,859700.0,0.1776085546295569,1,10.859778378378376,18.73837633034432,344557.15068493143,1059402.593219086,74,1.7144079644509584,0.4862578708154401,3.958183905997784
Q0245739,2020,0,325.763,275.96,49.803,10000.0,498030.0,0.1804718075083345,1,39.94781944444444,11.267900132210784,415160.42253521126,104383.1187971452,72,0.8746244144801405,0.7938982703308073,1.2467013392122988
Q0245809,2020,0,137.575,116.694,20.881,20000.0,417620.0,0.1789380773647317,1,23.615661971830985,5.396258698510247,487234.3661971831,137110.4789652949,71,-0.5067699909542784,-0.5077246226731053,0.8842013416734658
Q0245113,2020,0,228.465,192.644,35.821,40000.0,1432840.0,0.1859440210959074,1,24.286676056338035,20.28085999217323,965589.014084507,813747.7718576561,71,0.568729528635042,0.5741963321740761,1.4749239425315217
Q0245930,2020,0,509.751,416.507,93.244,20000.0,1864880.0,0.223871387515696,1,77.40174999999999,143.8936639763133,2267442.5,526540.6872759613,72,0.1100969254810819,-0.7645420567262183,1.204675604879735
Q0245713,2020,0,108.306,98.019,10.287,40000.0,411480.0,0.1049490404921494,1,32.79048611111111,15.874084052531863,1311619.4444444445,634963.3621012745,72,-1.417624225538977,-1.4176242255389768,0.3137190453701214
Q0245916,2020,0,162.661,125.871,36.79,120000.0,4414800.0,0.2922833694814532,1,44.12260294117647,12.08437567798017,5366090.149253732,1335301.248486868,68,-0.606783762485781,-0.7124161310653391,0.8338130016728121
KEB07711,2020,0,1154.02,1154.01,0.0099999999999909,20000.0,199.999999999818,8.665436174721969e-06,1,0.1834782608695662,0.7445452523857999,3669.5652173913177,14890.905047715944,46,-0.2329989484368969,-0.2329989484368972,0.0545023696681965
Q0245899,2020,0,65.783,59.595,6.188,20000.0,123760.0,0.1038342142797214,1,9.431333333333336,3.55236493731814,190886.19718309864,68898.3537511435,72,-0.9130067970386768,-0.9742786805263044,0.6561108362196931
Q0245701,2020,0,80.485,68.852,11.633,10000.0,116330.0,0.1689566025678266,1,30.7575,17.940807879931587,587681.0256410255,399980.85516549455,40,-1.06597763757297,-1.1784339664107202,0.3782166951150125
Q0245949,2020,0,278.243,215.675,62.568,20000.0,1251360.0,0.2901031644835979,1,37.31822222222222,12.470915139988511,764864.2253521127,242559.7629313648,72,2.024693255815149,2.005673854428804,1.6766071981516328
Q0245773,2020,0,154.405,112.151,42.254,40000.0,1690160.0,0.3767599040579219,1,29.999624999999973,45.97636836445583,1004875.5555555556,577514.2749601826,72,0.266536384580428,1.1866103993562622,1.4084842727200768
Q0245716,2020,0,135.856,105.829,30.027,40000.0,1201080.0,0.2837313023840346,1,21.62518055555556,14.921138887475545,876090.704225352,593584.408110889,72,0.5630816459658274,0.5475030868970128,1.3885201986110585
Q0245847,2020,0,1.634,1.442,0.192,20000.0,3840.0,0.1331484049930651,1,54.00253333333333,32.792040365511475,1376707.7333333334,738008.7368551424,75,-1.6409632561299154,-1.860232358743474,0.0035553887595396
0.009722222222222222,2020,2,1284.0,21.4,2020.0,11.0,261.0,94.39252336448598,0,2020.0,12.654643598964242,261.0,399980.85516549455,1,-0.104794986695801,-0.0703827710098905,1.0
2208926,2020,0,30380.2,24774.6,5605.6,2000.0,11211200.0,0.2262639961896458,1,5373.7642857142855,944.0044907770816,10747528.57142857,1888008.981554164,14,0.2455875120836271,0.2455875120836267,1.0431421443069304
GECO2400,2020,0,28585.3,26467.4,2117.9,3000.0,6353699.99999999,0.0800191934228522,1,2296.385714285715,336.18099259211584,6889157.142857144,1008542.9777763454,14,-0.5309214923470388,-0.5309214923470489,0.922275376834404
GECO2421,2020,0,37032.9,35386.9,1646.0,3000.0,4938000.0,0.0465143880927687,1,1269.6999999999998,422.7545249117192,3809099.999999999,1268263.574735157,13,0.8901146595144788,0.8901146595144795,1.2963692210758448
Q0245915,2020,0,401.634,349.085,52.549,120000.0,6305880.0,0.15053353767707,1,60.67209302325582,17.88446336883331,7430185.7142857155,1932169.929421755,43,-0.4541983092101985,-0.5818875954777896,0.866114837671049
Q0245881,2020,0,53.785,49.178,4.607,20000.0,92140.0,0.0936801008581073,1,5.491263888888889,3.54975705176635,110582.81690140846,71206.78268622402,72,-0.2491054672175046,-0.2590036539451246,0.8389689683866546
Q0245703,2020,0,63.755,55.623,8.132,20000.0,162640.0,0.1461985150027866,1,7.250782608695652,4.617262983933441,147553.7777777778,91751.76558343042,46,0.1908527615539107,0.1644243260747304,1.1215341072627842
Q0245763,2020,0,41.738,35.83,5.908,40000.0,236320.0,0.164889757186715,1,5.324028169014084,2.556519765908508,212961.12676056335,102260.7906363403,71,0.2284245319646066,0.2284245319646062,1.109686089638789
Q0245756,2020,0,73.181,64.816,8.36499999999999,40000.0,334600.0,0.1290576400888667,1,4.927042253521127,4.819802463162096,197081.69014084508,192792.09852648395,71,0.7132984749386065,0.7132984749386083,1.6977731404722407
Q0245885,2020,0,331.202,285.006,46.196,20000.0,923920.000000001,0.1620878156951082,1,10.859778378378376,18.73837633034432,344557.15068493143,1059402.593219086,74,1.8857675285557849,0.5468769408564743,4.253862131475483
Q0245739,2020,0,377.844,325.763,52.081,10000.0,520810.0,0.1598738960532657,1,39.94781944444444,11.267900132210784,415160.42253521126,104383.1187971452,72,1.0767916304894518,1.012132791990099,1.3037257283198953
Q0245809,2020,0,158.875,137.575,21.3,20000.0,426000.0,0.1548246411048519,1,23.615661971830985,5.396258698510247,487234.3661971831,137110.4789652949,71,-0.4291236023340156,-0.4466060264633937,0.9019438043027068
Q0245113,2020,0,257.491,228.465,29.026,40000.0,1161040.0,0.1270479066815485,1,24.286676056338035,20.28085999217323,965589.014084507,813747.7718576561,71,0.2336845649292466,0.2401862010255458,1.1951409049417925
Q0245930,2020,0,566.58,516.65,49.9300000000001,40000.0,1997200.0,0.0966418271557149,1,77.40174999999999,143.8936639763133,2267442.5,526540.6872759613,72,-0.1909170233132856,-0.5132414389438537,0.6450758542281034
Q0245713,2020,0,119.159,108.306,10.853,40000.0,434120.0,0.1002068214134027,1,32.79048611111111,15.874084052531863,1311619.4444444445,634963.3621012745,72,-1.3819686249936511,-1.3819686249936511,0.3309801496453706
Q0245916,2020,0,203.71,162.661,41.049,120000.0,4925880.0,0.252359201037741,1,44.12260294117647,12.08437567798017,5366090.149253732,1335301.248486868,68,-0.2543451993781611,-0.3296710384660894,0.9303394918637472
KEB07711,2020,0,1154.09,1154.02,0.0699999999999363,20000.0,1399.99999999873,6.0657527599119855e-05,1,0.1834782608695662,0.7445452523857999,3669.5652173913177,14890.905047715944,46,-0.1524128459700783,-0.152412845970078,0.3815165876773757
Q0245899,2020,0,72.063,65.783,6.28,20000.0,125600.0,0.0954653937947494,1,9.431333333333336,3.55236493731814,190886.19718309864,68898.3537511435,72,-0.8871085569582374,-0.9475726723298536,0.6658655545345302
Q0245701,2020,0,92.632,80.485,12.147,10000.0,121470.0,0.1509225321488476,1,30.7575,17.940807879931587,587681.0256410255,399980.85516549455,40,-1.0373278686528675,-1.1655833513534737,0.3949280663252865
Q0245949,2020,0,343.004,278.243,64.761,20000.0,1295220.0,0.2327497906506183,1,37.31822222222222,12.470915139988511,764864.2253521127,242559.7629313648,72,2.200542419680281,2.186495271262109,1.7353720553557392
Q0245773,2020,0,201.051,154.405,46.646,40000.0,1865840.0,0.3021016158803147,1,29.999624999999973,45.97636836445583,1004875.5555555556,577514.2749601826,72,0.3620637208237892,1.4908106721756873,1.5548861027429524
Q0245716,2020,0,172.932,135.856,37.076,40000.0,1483040.0,0.2729066069956424,1,21.62518055555556,14.921138887475545,876090.704225352,593584.408110889,72,1.0354986680952016,1.0225155638880297,1.7144827949413397
Q0245847,2020,0,1.854,1.634,0.22,20000.0,4400.0,0.1346389228886169,1,54.00253333333333,32.792040365511475,1376707.7333333334,738008.7368551424,75,-1.640109390384207,-1.8594735601384789,0.0040738829536392
0,2020,12,256.0,25.6,26.08,10.0,44.0,1.0187499999999998,0,124.9524761904762,473.5156850711432,42.16047619047619,114.3483941579356,35,-0.2088050708935252,0.016087010430449,0.2087193531102491
2208926,2020,0,36060.0,30380.2,5679.8,2000.0,11359600.0,0.1869572945536895,1,5373.7642857142855,944.0044907770816,10747528.57142857,1888008.981554164,14,0.3241888330783188,0.3241888330783185,1.0569499698934108
GECO2400,2020,0,30866.9,28585.3,2281.6,3000.0,6844800.00000001,0.0798172487257436,1,2296.385714285715,336.18099259211584,6889157.142857144,1008542.9777763454,14,-0.043981410643446,-0.0439814106434342,0.9935613106309912
GECO2421,2020,0,38527.7,37032.9,1494.8,3000.0,4484399.99999999,0.0403641086709385,1,1269.6999999999998,422.7545249117192,3809099.999999999,1268263.574735157,13,0.5324602972540771,0.5324602972540696,1.1772859730645036
Q0245915,2020,0,458.205,401.634,56.571,120000.0,6788520.0,0.140852119093503,1,60.67209302325582,17.88446336883331,7430185.7142857155,1932169.929421755,43,-0.2293103762007568,-0.3320959013567446,0.9324056115604276
Q0245881,2020,0,55.279,53.785,1.49400000000001,20000.0,29880.0000000001,0.0277772613182115,1,5.491263888888889,3.54975705176635,110582.81690140846,71206.78268622402,72,-1.126066891507364,-1.13335856300416,0.2720685128651335
Q0245703,2020,0,66.096,63.755,2.341,20000.0,46820.0,0.0367186887302956,1,7.250782608695652,4.617262983933441,147553.7777777778,91751.76558343042,46,-1.0633534684465848,-1.0978947068455047,0.3228617000863475
Q0245763,2020,0,44.207,41.738,2.469,40000.0,98760.0,0.0591547271071924,1,5.324028169014084,2.556519765908508,212961.12676056335,102260.7906363403,71,-1.1167635811333128,-1.1167635811333132,0.4637466071967112
Q0245756,2020,0,75.51,73.181,2.32900000000001,40000.0,93160.0000000003,0.0318252005301924,1,4.927042253521127,4.819802463162096,197081.69014084508,192792.09852648395,71,-0.5390350068032946,-0.5390350068032949,0.4726973872277191
Q0245885,2020,0,374.642,331.202,43.44,20000.0,868800.0,0.1311586282691529,1,10.859778378378376,18.73837633034432,344557.15068493143,1059402.593219086,74,1.738689684060954,0.4948476175823881,4.000081630255758
Q0245739,2020,0,425.956,377.844,48.112,10000.0,481120.0,0.1273329733964281,1,39.94781944444444,11.267900132210784,415160.42253521126,104383.1187971452,72,0.7245520868806042,0.6318988953853015,1.204371118851919
Q0245809,2020,0,178.09,158.875,19.215,20000.0,384300.0,0.1209441384736428,1,23.615661971830985,5.396258698510247,487234.3661971831,137110.4789652949,71,-0.8155024096687362,-0.7507403297981157,0.8136549389519488
Q0245113,2020,0,309.022,257.491,51.531,40000.0,2061240.0,0.2001273830930013,1,24.286676056338035,20.28085999217323,965589.014084507,813747.7718576561,71,1.343351512419891,1.3464257891782572,2.1217806784453765
Q0245930,2020,0,619.232,566.58,52.6519999999999,40000.0,2106080.0,0.0929295068657557,1,77.40174999999999,143.8936639763133,2267442.5,526540.6872759613,72,-0.1720002765658549,-0.3064577987976635,0.6802430177612251
Q0245713,2020,0,134.112,119.159,14.953,40000.0,598120.0,0.1254877936202888,1,32.79048611111111,15.874084052531863,1311619.4444444445,634963.3621012745,72,-1.1236860062024232,-1.1236860062024232,0.4560164173636069
Q0245916,2020,0,240.925,203.71,37.215,120000.0,4465800.0,0.1826861715183349,1,44.12260294117647,12.08437567798017,5366090.149253732,1335301.248486868,68,-0.5716143825090869,-0.674222502430758,0.8434452529832484
KEB07711,2020,0,1154.15,1154.09,0.0600000000001728,20000.0,1200.00000000346,5.198901298873814e-05,1,0.1834782608695662,0.7445452523857999,3669.5652173913177,14890.905047715944,46,-0.1658438630475759,-0.1658438630475757,0.3270142180104186
Q0245899,2020,0,77.922,72.063,5.85899999999999,20000.0,117180.0,0.081303859123267,1,9.431333333333336,3.55236493731814,190886.19718309864,68898.3537511435,72,-1.0056211555872072,-1.0697816880983946,0.6212271152894595
Q0245701,2020,0,100.537,92.632,7.905,10000.0,79050.0,0.0853376802832714,1,30.7575,17.940807879931587,587681.0256410255,399980.85516549455,40,-1.2737720705187745,-1.271638427370671,0.2570104852475006
Q0245949,2020,0,409.592,343.004,66.588,20000.0,1331760.0,0.1941318468589287,1,37.31822222222222,12.470915139988511,764864.2253521127,242559.7629313648,72,2.3470432962792764,2.337138558336641,1.7843293714122384
Q0245773,2020,0,246.597,201.051,45.546,40000.0,1821840.0,0.2265395347449154,1,29.999624999999973,45.97636836445583,1004875.5555555556,577514.2749601826,72,0.3381383861544592,1.4146220792564324,1.518218977737223
Q0245716,2020,0,200.181,172.932,27.249,40000.0,1089960.0,0.1575706057872458,1,21.62518055555556,14.921138887475545,876090.704225352,593584.408110889,72,0.3769028280518818,0.3603014042354941,1.260058843439329
Q0245847,2020,0,2.08,1.854,0.226,20000.0,4520.0,0.1218985976267529,1,54.00253333333333,32.792040365511475,1376707.7333333334,738008.7368551424,75,-1.6399264191529836,-1.8593109604374085,0.0041849888523748
0,2020,12,1331.0,22.1833333333333,19.09,10.0,412.0,0.8605559729526684,0,124.9524761904762,473.5156850711432,42.16047619047619,114.3483941579356,35,-0.2235669894959676,3.2343219730633845,0.1527780847728012
2208926,2020,0,41794.3,36060.0,5734.3,2000.0,11468600.0,0.1590210759844703,1,5373.7642857142855,944.0044907770816,10747528.57142857,1888008.981554164,14,0.3819216092806194,0.3819216092806191,1.06709183639561
GECO2400,2020,0,33225.2,30866.9,2358.3,3000.0,7074899.99999999,0.0764022302207218,1,2296.385714285715,336.18099259211584,6889157.142857144,1008542.9777763454,14,0.1841695011871327,0.1841695011871238,1.026961622922978
GECO2421,2020,0,40000.6,38527.7,1472.9,3000.0,4418700.0,0.0382296373777827,1,1269.6999999999998,422.7545249117192,3809099.999999999,1268263.574735157,13,0.4806571852600113,0.4806571852600116,1.1600378042057182
Q0245915,2020,0,516.72,458.205,58.515,120000.0,7021800.00000001,0.1277048482666055,1,60.67209302325582,17.88446336883331,7430185.7142857155,1932169.929421755,43,-0.1206126780977346,-0.2113611789869454,0.9644467016750354
Q0245881,2020,0,56.709,55.279,1.43,20000.0,28600.0,0.025868774760759,1,5.491263888888889,3.54975705176635,110582.81690140846,71206.78268622402,72,-1.144096294383869,-1.151334378673862,0.2604136368120069
Q0245703,2020,0,68.821,66.096,2.72499999999999,20000.0,54499.9999999999,0.0412279109174532,1,7.250782608695652,4.617262983933441,147553.7777777778,91751.76558343042,46,-0.9801873153952676,-1.0141905955277075,0.3758215005276777
Q0245763,2020,0,46.637,44.207,2.43,40000.0,97200.0,0.0549686701201167,1,5.324028169014084,2.556519765908508,212961.12676056335,102260.7906363403,71,-1.1320186949486133,-1.1320186949486135,0.4564213266456089
Q0245756,2020,0,77.381,75.51,1.871,40000.0,74839.9999999998,0.0247781750761488,1,4.927042253521127,4.819802463162096,197081.69014084508,192792.09852648395,71,-0.6340596480620431,-0.6340596480620437,0.3797410096621119
Q0245885,2020,0,418.905,374.642,44.263,20000.0,885260.0,0.1181474581066725,1,10.859778378378376,18.73837633034432,344557.15068493143,1059402.593219086,74,1.7826102450258476,0.5103846760201864,4.075865865561938
Q0245739,2020,0,477.573,425.956,51.617,10000.0,516170.0,0.1211791828263952,1,39.94781944444444,11.267900132210784,415160.42253521126,104383.1187971452,72,1.035612706772015,0.9676811598347383,1.2921105761926237
Q0245809,2020,0,199.716,178.09,21.626,20000.0,432520.0,0.1214329833230389,1,23.615661971830985,5.396258698510247,487234.3661971831,137110.4789652949,71,-0.3687113763430712,-0.3990531329923533,0.915748202434288
Q0245113,2020,0,363.405,309.022,54.383,40000.0,2175320.0,0.1759842341321977,1,24.286676056338035,20.28085999217323,965589.014084507,813747.7718576561,71,1.4839767127861794,1.4866166492276478,2.239211322037122
Q0245930,2020,0,672.05,619.232,52.818,40000.0,2112720.0,0.0852959795359413,1,77.40174999999999,143.8936639763133,2267442.5,526540.6872759613,72,-0.1708466468964664,-0.2938471873853683,0.6823876721133566
Q0245713,2020,0,149.693,134.112,15.581,40000.0,623240.000000001,0.1161790145549988,1,32.79048611111111,15.874084052531863,1311619.4444444445,634963.3621012745,72,-1.0841246684948889,-1.084124668494887,0.4751683139799612
Q0245916,2020,0,277.371,240.925,36.446,120000.0,4373520.0,0.1512752931410189,1,44.12260294117647,12.08437567798017,5366090.149253732,1335301.248486868,68,-0.6352502723963285,-0.7433305034189766,0.8260165441415415
KEB07711,2020,0,1154.21,1154.15,0.0599999999999454,20000.0,1199.99999999891,5.198631027158116e-05,1,0.1834782608695662,0.7445452523857999,3669.5652173913177,14890.905047715944,46,-0.1658438630478813,-0.1658438630478813,0.3270142180091792
Q0245899,2020,0,85.448,77.922,7.526,20000.0,150520.0,0.0965837632504299,1,9.431333333333336,3.55236493731814,190886.19718309864,68898.3537511435,72,-0.5363563054340266,-0.5858804308866188,0.7979783699724322
Q0245701,2020,0,108.114,100.537,7.577,10000.0,75770.0,0.075365288401285,1,30.7575,17.940807879931587,587681.0256410255,399980.85516549455,40,-1.2920544133316028,-1.2798388198585633,0.246346419572462
Q0245949,2020,0,466.221,409.592,56.629,20000.0,1132580.0,0.138257094865134,1,37.31822222222222,12.470915139988511,764864.2253521127,242559.7629313648,72,1.548465173646877,1.5159801040535192,1.5174624252673703
Q0245773,2020,0,291.515,246.597,44.918,40000.0,1796720.0,0.1821514454758168,1,29.999624999999973,45.97636836445583,1004875.5555555556,577514.2749601826,72,0.3244791950886962,1.3711253189352577,1.497285382733952
Q0245716,2020,0,229.968,200.181,29.787,40000.0,1191480.0,0.1488003356961949,1,21.62518055555556,14.921138887475545,876090.704225352,593584.408110889,72,0.5469970828631107,0.5313301553495814,1.3774220253780796
Q0245847,2020,0,2.324,2.08,0.244,20000.0,4880.0,0.1173076923076923,1,54.00253333333333,32.792040365511475,1376707.7333333334,738008.7368551424,75,-1.639377505459314,-1.8588231613341968,0.0045183065485816
0,2020,12,1325.0,22.0833333333333,2020.0,13.0,324.0,91.47169811320768,0,124.9524761904762,473.5156850711432,42.16047619047619,114.3483941579356,35,4.002079727358563,2.4647440472163784,16.166146214827577
2208926,2020,0,47439.15,41794.3,5644.85,2000.0,11289700.0,0.1350626760108436,1,5373.7642857142855,944.0044907770816,10747528.57142857,1888008.981554164,14,0.287165704119229,0.2871657041192285,1.05044614908145
GECO2400,2020,0,35684.8,33225.2,2459.60000000001,3000.0,7378800.00000002,0.0740281473098735,1,2296.385714285715,336.18099259211584,6889157.142857144,1008542.9777763454,14,0.4854952817404543,0.4854952817404467,1.0710744212955805
GECO2421,2020,0,41325.5,40000.6,1324.9,3000.0,3974700.0,0.0331220031699524,1,1269.6999999999998,422.7545249117192,3809099.999999999,1268263.574735157,13,0.1305722274918933,0.1305722274918934,1.0434748365755693
Q0245915,2020,0,577.71,516.72,60.99,120000.0,7318800.0,0.1180329772410589,1,60.67209302325582,17.88446336883331,7430185.7142857155,1932169.929421755,43,0.0177755949500944,-0.0576479907846667,1.0052397562190962
Q0245881,2020,0,60.69,56.709,3.98099999999999,20000.0,79619.9999999999,0.0702004972755645,1,5.491263888888889,3.54975705176635,110582.81690140846,71206.78268622402,72,-0.4254555641032941,-0.4348296009643863,0.724969711992026
Q0245703,2020,0,74.693,68.821,5.872,20000.0,117440.0,0.0853227939146481,1,7.250782608695652,4.617262983933441,147553.7777777778,91751.76558343042,46,-0.2986147017168749,-0.328209245743562,0.8098436150820301
Q0245763,2020,0,50.716,46.637,4.079,40000.0,163160.0,0.0874627441730814,1,5.324028169014084,2.556519765908508,212961.12676056335,102260.7906363403,71,-0.4870011902965435,-0.4870011902965437,0.7661492145627319
Q0245756,2020,0,83.104,77.381,5.723,40000.0,228920.0,0.0739587237177084,1,4.927042253521127,4.819802463162096,197081.69014084508,192792.09852648395,71,0.1651432299481987,0.1651432299481987,1.1615487965239266
Q0245885,2020,0,463.401,418.905,44.496,20000.0,889920.000000001,0.1062197873026103,1,10.859778378378376,18.73837633034432,344557.15068493143,1059402.593219086,74,1.7950446201228347,0.5147833815074377,4.097321183698439
Q0245739,2020,0,528.431,477.573,50.8580000000001,10000.0,508580.000000001,0.1064926199764226,1,39.94781944444444,11.267900132210784,415160.42253521126,104383.1187971452,72,0.968253217329062,0.8949682529254405,1.273110790708576
Q0245809,2020,0,220.747,199.716,21.031,20000.0,420620.0,0.1053045324360592,1,23.615661971830985,5.396258698510247,487234.3661971831,137110.4789652949,71,-0.4789729544553779,-0.4858444569655713,0.8905530586051749
Q0245113,2020,0,420.593,363.405,57.188,40000.0,2287520.0,0.1573671248331751,1,24.286676056338035,20.28085999217323,965589.014084507,813747.7718576561,71,1.6222844571857018,1.6244972110924936,2.354706748150321
Q0245930,2020,0,720.843,672.05,48.793,40000.0,1951720.0,0.0726032289264191,1,77.40174999999999,143.8936639763133,2267442.5,526540.6872759613,72,-0.1988186915909609,-0.5996165303642129,0.6303862638764628
Q0245713,2020,0,165.896,149.693,16.203,40000.0,648119.999999999,0.1082415343402831,1,32.79048611111111,15.874084052531863,1311619.4444444445,634963.3621012745,72,-1.0449413053514391,-1.0449413053514407,0.4941372306923375
Q0245916,2020,0,310.205,277.371,32.834,120000.0,3940080.0,0.1183757494474909,1,44.12260294117647,12.08437567798017,5366090.149253732,1335301.248486868,68,-0.9341486264570752,-1.0679314131321698,0.7441537400631997
KEB07711,2020,0,1154.22,1154.21,0.0099999999999909,20000.0,199.999999999818,8.663934639269197e-06,1,0.1834782608695662,0.7445452523857999,3669.5652173913177,14890.905047715944,46,-0.2329989484368969,-0.2329989484368972,0.0545023696681965
Q0245899,2020,0,92.313,85.448,6.86500000000001,20000.0,137300.0,0.080341260181631,1,9.431333333333336,3.55236493731814,190886.19718309864,68898.3537511435,72,-0.7224295303597889,-0.7777572941241616,0.7278928394712669
Q0245701,2020,0,115.783,108.114,7.669,10000.0,76690.0,0.0709343840760678,1,30.7575,17.940807879931587,587681.0256410255,399980.85516549455,40,-1.2869264391280044,-1.277538709770496,0.2493375599447289
Q0245949,2020,0,520.332,466.221,54.111,20000.0,1082220.0,0.1160629830059135,1,37.31822222222222,12.470915139988511,764864.2253521127,242559.7629313648,72,1.3465553721820327,1.3083611676256748,1.4499886858966726
Q0245773,2020,0,332.954,291.515,41.439,40000.0,1657560.0,0.1421504896832067,1,29.999624999999973,45.97636836445583,1004875.5555555556,577514.2749601826,72,0.248809886620879,1.130161578238814,1.381317266465832
Q0245716,2020,0,254.008,229.968,24.04,40000.0,961600.000000001,0.1045362833089821,1,21.62518055555556,14.921138887475545,876090.704225352,593584.408110889,72,0.1618388155659744,0.1440558320033817,1.1116670188367084
Q0245847,2020,0,2.639,2.324,0.315,20000.0,6300.0,0.1355421686746988,1,54.00253333333333,32.792040365511475,1376707.7333333334,738008.7368551424,75,-1.6372123458898389,-1.856899064871531,0.0058330596836197
Q0245675,2020,0,0.0,0.0,0.0,20000.0,0.0,0.0,1,4.502444444444445,6.186569902144633,171208.25396825396,235012.7058921989,63,-0.7277771876276109,-0.7285063729566509,0.0
0.09236111111111112,2020,2,1484.0,24.7,2020.0,15.0,354.0,81.78137651821862,0,2020.0,12.654643598964242,354.0,399980.85516549455,1,-0.104794986695801,-0.0703827710098905,1.0
2208926,2020,0,53829.2,47439.15,6390.05,2000.0,12780100.0,0.1346999261158768,1,5373.7642857142855,944.0044907770816,10747528.57142857,1888008.981554164,14,1.0765687284486676,1.076568728448667,1.1891198906858322
GECO2400,2020,0,38212.7,35684.8,2527.89999999999,3000.0,7583699.99999998,0.0708396852441372,1,2296.385714285715,336.18099259211584,6889157.142857144,1008542.9777763454,14,0.6886596530315098,0.6886596530315228,1.1008168115112522
GECO2421,2020,0,43047.0,41325.5,1721.5,3000.0,5164500.0,0.0416570882384968,1,1269.6999999999998,422.7545249117192,3809099.999999999,1268263.574735157,13,1.0687052967542956,1.0687052967542965,1.3558320863196032
Q0245915,2020,0,640.384,577.71,62.674,120000.0,7520880.0,0.1084869571238164,1,60.67209302325582,17.88446336883331,7430185.7142857155,1932169.929421755,43,0.1119355350763747,0.0469390835315539,1.0329955153512973
Q0245881,2020,0,65.521,60.69,4.831,20000.0,96620.0000000001,0.0796012522656121,1,5.491263888888889,3.54975705176635,110582.81690140846,71206.78268622402,72,-0.1860025571497471,-0.1960882991011706,0.8797610345725914
Q0245703,2020,0,82.936,74.693,8.24300000000001,20000.0,164860.0,0.1103584003855784,1,7.250782608695652,4.617262983933441,147553.7777777778,91751.76558343042,46,0.2148929776703098,0.1886200457525315,1.1368427995778578
Q0245763,2020,0,56.154,50.716,5.438,40000.0,217520.0,0.1072245445224386,1,5.324028169014084,2.556519765908508,212961.12676056335,102260.7906363403,71,0.044580852652009,0.0445808526520089,1.0214070676126834
Q0245756,2020,0,92.826,83.104,9.72199999999999,40000.0,388880.0,0.1169859453215247,1,4.927042253521127,4.819802463162096,197081.69014084508,192792.09852648395,71,0.9948452832096084,0.9948452832096096,1.9731919272768832
Q0245885,2020,0,509.651,463.401,46.25,20000.0,925000.0,0.0998055679638153,1,10.859778378378376,18.73837633034432,344557.15068493143,1059402.593219086,74,1.8886493150589492,0.5478963833299133,4.258834608640165
Q0245739,2020,0,580.746,528.431,52.3149999999999,10000.0,523149.999999999,0.0990006263826306,1,39.94781944444444,11.267900132210784,415160.42253521126,104383.1187971452,72,1.0975585877090115,1.0345502099305084,1.309583369694422
Q0245809,2020,0,241.734,220.747,20.987,20000.0,419740.0,0.095072639718773,1,23.615661971830985,5.396258698510247,487234.3661971831,137110.4789652949,71,-0.4871267518283889,-0.4922626389064479,0.8886898883052068
Q0245113,2020,0,473.614,420.593,53.021,40000.0,2120840.0,0.126062487963423,1,24.286676056338035,20.28085999217323,965589.014084507,813747.7718576561,71,1.416819797323737,1.419667157156375,2.1831311899992687
Q0245930,2020,0,770.858,720.843,50.015,40000.0,2000600.0,0.0693840406302065,1,77.40174999999999,143.8936639763133,2267442.5,526540.6872759613,72,-0.1903263093259491,-0.5067841981604494,0.6461740206132291
Q0245713,2020,0,181.93,165.896,16.034,40000.0,641360.000000001,0.0966509138255292,1,32.79048611111111,15.874084052531863,1311619.4444444445,634963.3621012745,72,-1.0555875889064923,-1.0555875889064903,0.4889832967302931
Q0245916,2020,0,352.834,310.205,42.629,120000.0,5115480.0,0.1374220273689979,1,44.12260294117647,12.08437567798017,5366090.149253732,1335301.248486868,68,-0.1235978573471588,-0.1876806073069407,0.9661488026178392
KEB07711,2020,0,1154.22,1154.22,0.0,20000.0,0.0,0.0,1,0.1834782608695662,0.7445452523857999,3669.5652173913177,14890.905047715944,46,-0.2464299655147,-0.2464299655147003,0.0
Q0245899,2020,0,100.135,92.313,7.822,20000.0,156440.0,0.0847334611593166,1,9.431333333333336,3.55236493731814,190886.19718309864,68898.3537511435,72,-0.4530315330013086,-0.4999567523415165,0.8293631158549515
Q0245701,2020,0,123.64,115.783,7.857,10000.0,78570.0,0.0678597030652168,1,30.7575,17.940807879931587,587681.0256410255,399980.85516549455,40,-1.2764475353206517,-1.2728384848079233,0.2554498902706656
Q0245949,2020,0,587.33,520.332,66.998,20000.0,1339960.0,0.1287600993212026,1,37.31822222222222,12.470915139988511,764864.2253521127,242559.7629313648,72,2.379919792943529,2.3709446599789827,1.7953159612224
Q0245773,2020,0,382.607,332.954,49.653,40000.0,1986120.0,0.1491287084702391,1,29.999624999999973,45.97636836445583,1004875.5555555556,577514.2749601826,72,0.4274668856880392,1.6990825802740503,1.655120689008614
Q0245716,2020,0,281.983,254.008,27.975,40000.0,1119000.0,0.1101343264779062,1,21.62518055555556,14.921138887475545,876090.704225352,593584.408110889,72,0.4255586314376,0.4092245221664742,1.2936308174690898
Q0245847,2020,0,2.961,2.639,0.322,20000.0,6440.0,0.1220159151193634,1,54.00253333333333,32.792040365511475,1376707.7333333334,738008.7368551424,75,-1.6369988794534116,-1.8567093652202815,0.0059626832321446
Q0245675,2020,0,20.414,0.0,20.414,20000.0,408280.0,0.0,1,4.502444444444445,6.186569902144633,171208.25396825396,235012.7058921989,63,2.57195114695781,1.0087613992261832,4.533981540891367
0.01111111111111111,2020,2,1614.0,26.9,2020.0,10.0,888.0,75.09293680297398,0,2020.0,12.654643598964242,888.0,399980.85516549455,1,-0.104794986695801,-0.0703827710098905,1.0
2208926,2021,0,60157.5,53829.2,6328.3,2000.0,12656600.0,0.1175625868487735,1,5373.7642857142855,944.0044907770816,10747528.57142857,1888008.981554164,14,1.0111559040359692,1.0111559040359686,1.1776288768049
GECO2400,2021,0,40871.3,38212.7,2658.60000000001,3000.0,7975800.00000002,0.0695737281061011,1,2296.385714285715,336.18099259211584,6889157.142857144,1008542.9777763454,14,1.0774383254729838,1.0774383254729774,1.1577323371509305
GECO2421,2021,0,44624.4,43047.0,1577.4,3000.0,4732200.0,0.0366436685483309,1,1269.6999999999998,422.7545249117192,3809099.999999999,1268263.574735157,13,0.7278455507111486,0.7278455507111491,1.2423407104040327
Q0245915,2021,0,706.327,640.384,65.943,120000.0,7913160.0,0.102974153008195,1,60.67209302325582,17.88446336883331,7430185.7142857155,1932169.929421755,43,0.2947198844070224,0.249964704635904,1.0868753114339376
Q0245881,2021,0,70.415,65.521,4.89400000000001,20000.0,97880.0000000001,0.074693609682392,1,5.491263888888889,3.54975705176635,110582.81690140846,71206.78268622402,72,-0.1682548636931876,-0.1783933555513089,0.8912338031873879
Q0245703,2021,0,92.509,82.936,9.57299999999999,20000.0,191460.0,0.1154263528503905,1,7.250782608695652,4.617262983933441,147553.7777777778,91751.76558343042,46,0.5029424140199273,0.478532722973031,1.3202712750647592
Q0245763,2021,0,61.793,56.154,5.639,40000.0,225560.0,0.1004202728211703,1,5.324028169014084,2.556519765908508,212961.12676056335,102260.7906363403,71,0.1232033623154817,0.1232033623154814,1.0591604366068266
Q0245756,2021,0,104.989,92.826,12.163,40000.0,486520.0,0.13103009932562,1,4.927042253521127,4.819802463162096,197081.69014084508,192792.09852648395,71,1.5012975742851555,1.5012975742851549,2.4686210050883317
Q0245885,2021,0,557.204,509.651,47.5529999999999,20000.0,951059.999999999,0.0933050263807976,1,10.859778378378376,18.73837633034432,344557.15068493143,1059402.593219086,74,1.9581857560519644,0.5724951526427327,4.378818640965737
Q0245739,2021,0,635.129,580.746,54.383,10000.0,543830.0,0.0936433483829419,1,39.94781944444444,11.267900132210784,415160.42253521126,104383.1187971452,72,1.281088790828975,1.2326665360022542,1.3613509011582126
Q0245809,2021,0,263.287,241.734,21.553,20000.0,431059.999999999,0.0891599857694821,1,23.615661971830985,5.396258698510247,487234.3661971831,137110.4789652949,71,-0.382239267439203,-0.4097014803033604,0.912657033527523
Q0245113,2021,0,531.489,473.614,57.8750000000001,40000.0,2315000.0,0.1221986681136961,1,24.286676056338035,20.28085999217323,965589.014084507,813747.7718576561,71,1.6561587603594934,1.6582668888112633,2.382993863209066
Q0245930,2021,0,818.579,770.858,47.721,40000.0,1908840.0,0.061906343321338,1,77.40174999999999,143.8936639763133,2267442.5,526540.6872759613,72,-0.2062686374077306,-0.6810537317737339,0.6165364478193323
Q0245713,2021,0,200.307,181.93,18.377,40000.0,735079.999999999,0.1010113780025284,1,32.79048611111111,15.874084052531863,1311619.4444444445,634963.3621012745,72,-0.9079885216314076,-0.907988521631409,0.5604369492336658
Q0245916,2021,0,391.954,352.834,39.12,120000.0,4694400.0,0.1108736686373762,1,44.12260294117647,12.08437567798017,5366090.149253732,1335301.248486868,68,-0.4139728087312016,-0.5030251787863413,0.8866204029747325
KEB07711,2021,0,1154.22,1154.22,0.0,20000.0,0.0,0.0,1,0.1834782608695662,0.7445452523857999,3669.5652173913177,14890.905047715944,46,-0.2464299655147,-0.2464299655147003,0.0
Q0245899,2021,0,106.94,100.135,6.80499999999999,20000.0,136100.0,0.0679582563539221,1,9.431333333333336,3.55236493731814,190886.19718309864,68898.3537511435,72,-0.7393196869339941,-0.795174255991412,0.7215310666572406
Q0245701,2021,0,131.974,123.64,8.33399999999999,10000.0,83339.9999999999,0.0674053704302813,1,30.7575,17.940807879931587,587681.0256410255,399980.85516549455,40,-1.2498601038519963,-1.260912914025226,0.2709583028529624
Q0245949,2021,0,660.646,587.33,73.3159999999999,20000.0,1466320.0,0.1248293123116474,1,37.31822222222222,12.470915139988511,764864.2253521127,242559.7629313648,72,2.886538587881919,2.8918884408968224,1.964616630540931
Q0245773,2021,0,419.491,382.607,36.884,40000.0,1475360.0,0.0964017908715731,1,29.999624999999973,45.97636836445583,1004875.5555555556,577514.2749601826,72,0.1497372507856082,0.8146715411958996,1.2294820351921076
Q0245716,2021,0,302.191,281.983,20.208,40000.0,808319.999999999,0.0716638946319458,1,21.62518055555556,14.921138887475545,876090.704225352,593584.408110889,72,-0.0949780419740684,-0.1141719750372766,0.9344661862168138
Q0245847,2021,0,3.27,2.961,0.309,20000.0,6180.0,0.1043566362715299,1,54.00253333333333,32.792040365511475,1376707.7333333334,738008.7368551424,75,-1.6373953171210622,-1.857061664572601,0.0057219537848841
Q0245675,2021,0,28.002,20.414,7.588,20000.0,151760.0,0.3717056921720387,1,4.502444444444445,6.186569902144633,171208.25396825396,235012.7058921989,63,0.4987506169591517,-0.0827540532092547,1.6853067469522724
Q0245675,2021,0,41.872,28.002,13.87,40000.0,554800.0,0.4953217627312334,1,4.502444444444445,6.186569902144633,171208.25396825396,235012.7058921989,63,1.5141759818002225,1.6322170521610049,3.080548837668426
0.00625,2021,2,1542.0,25.7,2021.0,10.0,244.0,78.63813229571984,0,2021.0,12.654643598964242,244.0,399980.85516549455,1,-0.104794986695801,-0.0703827710098905,1.0
2208926,2021,0,63749.7,60157.5,3592.2,2000.0,7184399.99999999,0.0597132527116319,1,5373.7642857142855,944.0044907770816,10747528.57142857,1888008.981554164,14,-1.8872413247184288,-1.8872413247184332,0.6684699605357777
13193134,2021,0,458.6,8.7,449.9,12000.0,5398800.0,51.71264367816092,1,1150.2500000000002,210.83145770809924,13802040.000000006,2535279.5498053106,60,-3.3218477337933607,-3.314522061539647,0.3911323625298847
GECO2400,2021,0,42396.4,40871.3,1525.1,3000.0,4575300.0,0.0373146927061287,1,2296.385714285715,336.18099259211584,6889157.142857144,1008542.9777763454,14,-2.294257353274896,-2.294257353274899,0.6641305903065062
13190208,2021,0,361.8,5.6,356.2,9000.0,3205800.0,63.60714285714286,1,940.471186440678,103.35158616277336,8464240.677966101,930164.2754649604,59,-5.653238698441274,-5.653238698441272,0.3787463190106653
GECO2421,2021,0,45538.1,44624.4,913.699999999997,3000.0,2741099.99999999,0.0204753453267718,1,1269.6999999999998,422.7545249117192,3809099.999999999,1268263.574735157,13,-0.8420962497665607,-0.8420962497665615,0.7196188075923424
14192934,2021,0,9602.8,9358.4,244.4,9000.0,2199600.0,0.0261155753120191,1,621.3745762711865,136.1921912582771,5592371.186440678,1225729.7213244932,59,-2.767960283099387,-2.7679602830993884,0.3933215315416067
Q0245915,2021,0,771.293,706.327,64.966,120000.0,7795920.0,0.0919772286773689,1,60.67209302325582,17.88446336883331,7430185.7142857155,1932169.929421755,43,0.2400914630867276,0.1892868117576691,1.0707723561654334
Q0245881,2021,0,76.409,70.415,5.994,20000.0,119880.0,0.0851239082581836,1,5.491263888888889,3.54975705176635,110582.81690140846,71206.78268622402,72,0.1416254982466901,0.1305659762716708,1.0915519853504685
Q0245703,2021,0,102.826,92.509,10.317,20000.0,206340.0,0.1115242841237068,1,7.250782608695652,4.617262983933441,147553.7777777778,91751.76558343042,46,0.6640768355568608,0.6407094386512654,1.4228808884198407
Q0245763,2021,0,69.074,61.793,7.281,40000.0,291240.0,0.1178288802938844,1,5.324028169014084,2.556519765908508,212961.12676056335,102260.7906363403,71,0.7654827696160873,0.7654827696160873,1.36757353057888
Q0245756,2021,0,119.314,104.989,14.325,40000.0,573000.0,0.1364428654430464,1,4.927042253521127,4.819802463162096,197081.69014084508,192792.09852648395,71,1.9498636755982768,1.949863675598276,2.907423817963524
Q0245885,2021,0,602.792,557.204,45.5880000000001,20000.0,911760.000000002,0.0818156366429532,1,10.859778378378376,18.73837633034432,344557.15068493143,1059402.593219086,74,1.8533207471868296,0.5353987737481138,4.197875721917584
Q0245739,2021,0,685.882,635.129,50.7529999999999,10000.0,507529.999999999,0.0799097506175909,1,39.94781944444444,11.267900132210784,415160.42253521126,104383.1187971452,72,0.958934710884366,0.8849091551316438,1.2704823618866672
Q0245809,2021,0,283.404,263.287,20.117,20000.0,402340.0,0.0764071146695431,1,23.615661971830985,5.396258698510247,487234.3661971831,137110.4789652949,71,-0.6483495635220128,-0.6191676000101448,0.8518499301012935
Q0245113,2021,0,569.887,531.489,38.3979999999999,40000.0,1535920.0,0.0722460859961351,1,24.286676056338035,20.28085999217323,965589.014084507,813747.7718576561,71,0.6957951462170584,0.7008694900798542,1.5810315051317725
Q0245930,2021,0,861.126,818.579,42.547,40000.0,1701880.0,0.0519766571094543,1,77.40174999999999,143.8936639763133,2267442.5,526540.6872759613,72,-0.242225745295759,-1.074109776636477,0.5496904139764281
Q0245713,2021,0,223.131,200.307,22.824,40000.0,912960.0,0.1139450942802797,1,32.79048611111111,15.874084052531863,1311619.4444444445,634963.3621012745,72,-0.627846373883946,-0.627846373883946,0.6960555547319579
20002075,2021,0,6.5,4.5,2.0,2000.0,4000.0,0.4444444444444444,1,1.057627118644068,1.1199143116590644,2162.71186440678,2283.818513313473,59,0.8414687369785293,0.8044807960364567,1.8910256410256407
20002088,2021,0,276.9,0.48,276.42,2000.0,552840.0,575.875,1,896.7833898305083,233.7418281117024,1815122.711864407,472306.7131964677,59,-2.654053811601252,-2.6725910866723783,0.3082349685939692
Q0245916,2021,0,433.602,391.954,41.648,120000.0,4997760.0,0.1062573669359159,1,44.12260294117647,12.08437567798017,5366090.149253732,1335301.248486868,68,-0.2047770614815972,-0.2758404889317033,0.9439153001812798
KEB07711,2021,0,1154.24,1154.22,0.0199999999999818,20000.0,399.999999999636,1.732771915231221e-05,1,0.1834782608695662,0.7445452523857999,3669.5652173913177,14890.905047715944,46,-0.2195679313590937,-0.219567931359094,0.109004739336393
Q0245899,2021,0,114.35,106.94,7.41,20000.0,148200.0,0.0692911913222367,1,9.431333333333336,3.55236493731814,190886.19718309864,68898.3537511435,72,-0.5690106081441456,-0.6195532238299698,0.7856789425319854
Q0245701,2021,0,139.982,131.974,8.00800000000001,10000.0,80080.0000000001,0.0606786185157683,1,30.7575,17.940807879931587,587681.0256410255,399980.85516549455,40,-1.2680309689647455,-1.269063304119899,0.2603592619686258
Q0245949,2021,0,712.726,660.646,52.08,20000.0,1041600.0,0.0788319311703998,1,37.31822222222222,12.470915139988511,764864.2253521127,242559.7629313648,72,1.1836964338281415,1.1408972836364168,1.3955648714956057
Q0245773,2021,0,455.815,419.491,36.324,40000.0,1452960.0,0.0865906539115261,1,29.999624999999973,45.97636836445583,1004875.5555555556,577514.2749601826,72,0.1375570804084947,0.7758846211642789,1.210815135189191
Q0245716,2021,0,330.113,302.191,27.922,40000.0,1116880.0,0.0923985161702367,1,21.62518055555556,14.921138887475545,876090.704225352,593584.408110889,72,0.4220066237524166,0.405652999783083,1.2911799708801404
Q0245675,2021,0,55.744,41.872,13.872,40000.0,554880.0,0.3312953763851738,1,4.502444444444445,6.186569902144633,171208.25396825396,235012.7058921989,63,1.5144992627186686,1.6325574592879142,3.080993040817333
Q0245847,2021,0,32.142,3.364,28.778,20000.0,575560.0,8.554696789536266,1,54.00253333333333,32.792040365511475,1376707.7333333334,738008.7368551424,75,-0.7692273201719662,-1.0855531829436649,0.5329009256355874
Q0245847,2021,0,3.364,3.27,0.0939999999999999,20000.0,1880.0,0.0287461773700305,1,54.00253333333333,32.792040365511475,1376707.7333333334,738008.7368551424,75,-1.6439517862398951,-1.8628881538609572,0.0017406590801912
0.03125,2021,2,1770.0,29.5,2021.0,9.0,230.0,68.50847457627118,0,2021.0,12.654643598964242,230.0,399980.85516549455,1,-0.104794986695801,-0.0703827710098905,1.0
13193134,2021,0,1743.1,458.6,1284.5,12000.0,15414000.0,2.800915830789359,1,1150.2500000000002,210.83145770809924,13802040.000000006,2535279.5498053106,60,0.6367645580948922,0.6358115420146785,1.1167137578787218
13190208,2021,0,1413.7,361.8,1051.9,9000.0,9467100.0,2.9074074074074074,1,940.471186440678,103.35158616277336,8464240.677966101,930164.2754649604,59,1.0781529117881885,1.0781529117881898,1.1184819005258813
14192934,2021,0,10266.3,9602.8,663.5,9000.0,5971500.0,0.0690944307910192,1,621.3745762711865,136.1921912582771,5592371.186440678,1225729.7213244932,59,0.3093086566830119,0.309308656683012,1.067793928714632
Q0245915,2021,0,849.521,771.293,78.228,120000.0,9387359.99999999,0.1014244910818586,1,60.67209302325582,17.88446336883331,7430185.7142857155,1932169.929421755,43,0.9816289488080644,1.012941075167236,1.2893572003526388
Q0245881,2021,0,85.303,76.409,8.89399999999999,20000.0,177880.0,0.1163999005352771,1,5.491263888888889,3.54975705176635,110582.81690140846,71206.78268622402,72,0.9585828160881906,0.945095123804985,1.6196635565076831
Q0245703,2021,0,118.161,102.826,15.335,20000.0,306700.0,0.1491354326726703,1,7.250782608695652,4.617262983933441,147553.7777777778,91751.76558343042,46,1.7508678668368625,1.73453035165312,2.114944113978701
Q0245763,2021,0,79.276,69.074,10.202,40000.0,408080.0,0.1476966731331615,1,5.324028169014084,2.556519765908508,212961.12676056335,102260.7906363403,71,1.9080516787056547,1.908051678705655,1.9162182610858032
Q0245756,2021,0,137.787,119.314,18.473,40000.0,738920.000000001,0.1548267596426236,1,4.927042253521127,4.819802463162096,197081.69014084508,192792.09852648395,71,2.81047985887618,2.8104798588761835,3.749308215653764
Q0245885,2021,0,635.025,602.792,32.2329999999999,20000.0,644659.999999999,0.0534728397191732,1,10.859778378378376,18.73837633034432,344557.15068493143,1059402.593219086,74,1.140612251820902,0.2832755472149442,2.9681084527632
Q0245739,2021,0,747.426,685.882,61.5440000000001,10000.0,615440.000000001,0.0897297202725834,1,39.94781944444444,11.267900132210784,415160.42253521126,104383.1187971452,72,1.916610930356058,1.918697005537904,1.5406097468120767
Q0245809,2021,0,308.819,283.404,25.415,20000.0,508300.0,0.0896776333432132,1,23.615661971830985,5.396258698510247,487234.3661971831,137110.4789652949,71,0.3334417656191613,0.1536398527799541,1.0761925721292624
Q0245113,2021,0,609.248,569.887,39.3610000000001,40000.0,1574440.0,0.0690680784085267,1,24.286676056338035,20.28085999217323,965589.014084507,813747.7718576561,71,0.7432783397488829,0.7482060252227586,1.6206828760219805
Q0245930,2021,0,909.722,861.126,48.596,40000.0,1943840.0,0.0564330887698199,1,77.40174999999999,143.8936639763133,2267442.5,526540.6872759613,72,-0.2001877581263187,-0.614582135473985,0.6278411017838744
Q0245713,2021,0,254.234,223.131,31.103,40000.0,1244120.0,0.1393934504842447,1,32.79048611111111,15.874084052531863,1311619.4444444445,634963.3621012745,72,-0.1063044712077077,-0.1063044712077077,0.9485373255708064
20002075,2021,0,8.7,6.5,2.2,2000.0,4400.0,0.3384615384615385,1,1.057627118644068,1.1199143116590644,2162.71186440678,2283.818513313473,59,1.0200538286394405,0.9796260615942094,2.080128205128205
Q0245885,2021,0,638.235,635.025,3.21000000000004,20000.0,64200.0000000007,0.0050549190976733,1,10.859778378378376,18.73837633034432,344557.15068493143,1059402.593219086,74,-0.4082412607964615,-0.2646370251304005,0.2955861425672454
20002088,2021,0,836.7,276.9,559.8,2000.0,1119600.0,2.021668472372698,1,896.7833898305083,233.7418281117024,1815122.711864407,472306.7131964677,59,-1.4416905718281117,-1.4726081430375244,0.6242310086784747
Q0245916,2021,0,482.951,433.602,49.349,120000.0,5921880.00000001,0.113811744410773,1,44.12260294117647,12.08437567798017,5366090.149253732,1335301.248486868,68,0.4324921036960918,0.4162280619269147,1.1184516939263822
KEB07711,2021,0,1154.32,1154.24,0.0799999999999272,20000.0,1599.99999999854,6.930967563065498e-05,1,0.1834782608695662,0.7445452523857999,3669.5652173913177,14890.905047715944,46,-0.1389818288922751,-0.1389818288922754,0.4360189573455722
Q0245899,2021,0,124.801,114.35,10.451,20000.0,209020.0,0.0913948404022737,1,9.431333333333336,3.55236493731814,190886.19718309864,68898.3537511435,72,0.2870388275582023,0.2631964601418418,1.1081147946561107
Q0245701,2021,0,145.851,139.982,5.869,10000.0,58690.0,0.0419268191624637,1,30.7575,17.940807879931587,587681.0256410255,399980.85516549455,40,-1.3872563691984034,-1.3225408636674678,0.1908152483134194
Q0245701,2021,0,166.544,145.851,20.693,10000.0,206930.0,0.1418776696765877,1,30.7575,17.940807879931587,587681.0256410255,399980.85516549455,40,-0.5609836562186283,-0.9519231251292952,0.6727789969926035
Q0245701,2021,0,178.859,166.544,12.315,20000.0,246300.0,0.0739444230953982,1,30.7575,17.940807879931587,587681.0256410255,399980.85516549455,40,-1.0279637418462968,-0.8534934140779739,0.4003901487442087
Q0245949,2021,0,756.626,712.726,43.9,20000.0,878000.0,0.0615944977452765,1,37.31822222222222,12.470915139988511,764864.2253521127,242559.7629313648,72,0.5277702320877025,0.4664243289184796,1.1763690065026322
Q0245773,2021,0,495.933,455.815,40.118,40000.0,1604720.0,0.0880137775193883,1,29.999624999999973,45.97636836445583,1004875.5555555556,577514.2749601826,72,0.2200777347134383,1.038666004378509,1.337283382708952
Q0245716,2021,0,357.458,330.113,27.345,40000.0,1093800.0,0.0828352715585269,1,21.62518055555556,14.921138887475545,876090.704225352,593584.408110889,72,0.3833366532929685,0.3667705768544667,1.2644981127325206
Q0245675,2021,0,60.619,55.744,4.875,40000.0,195000.0,0.0874533582089552,1,4.502444444444445,6.186569902144633,171208.25396825396,235012.7058921989,63,0.0602200510862092,0.1012359988853512,1.0827451754602435
Q0245847,2021,0,101.076,32.142,68.934,20000.0,1378680.0,2.1446705245473208,1,54.00253333333333,32.792040365511475,1376707.7333333334,738008.7368551424,75,0.4553381399948082,0.0026724164202594,1.2764956705734791
Q0245847,2021,0,3.364,3.364,0.0,20000.0,0.0,0.0,1,54.00253333333333,32.792040365511475,1376707.7333333334,738008.7368551424,75,-1.646818335529059,-1.8654355491777272,0.0
0,2021,12,1638.0,27.3,2021.0,10.0,478.0,74.02930402930403,0,124.9524761904762,473.5156850711432,42.16047619047619,114.3483941579356,35,4.00419158981957,3.811505417448639,16.174149257508187
13193134,2021,0,2915.9,1743.1,1172.8,12000.0,14073600.0,0.6728242785841317,1,1150.2500000000002,210.83145770809924,13802040.000000006,2535279.5498053106,60,0.1069574732591409,0.1071124484165259,1.019604433818735
13190208,2021,0,2331.2,1413.7,917.5,9000.0,8257500.0,0.6490061540638041,1,940.471186440678,103.35158616277336,8464240.677966101,930164.2754649604,59,-0.2222625437455765,-0.2222625437455742,0.9755748110395436
14192934,2021,0,10914.7,10266.3,648.400000000001,9000.0,5835600.00000001,0.0631580998022657,1,621.3745762711865,136.1921912582771,5592371.186440678,1225729.7213244932,59,0.1984359270463831,0.1984359270463842,1.0434929666594852
Q0245915,2021,0,917.774,849.521,68.253,120000.0,8190360.00000001,0.0803429226587688,1,60.67209302325582,17.88446336883331,7430185.7142857155,1932169.929421755,43,0.4238822725849963,0.393430346958041,1.1249488290083942
Q0245881,2021,0,95.246,85.303,9.943,20000.0,198860.0,0.1165609650305382,1,5.491263888888889,3.54975705176635,110582.81690140846,71206.78268622402,72,1.2540959976108614,1.2397299775161734,1.8106942593159336
Q0245703,2021,0,129.422,118.161,11.261,20000.0,225220.0,0.0953021724596101,1,7.250782608695652,4.617262983933441,147553.7777777778,91751.76558343042,46,0.8685269618080207,0.8464820456408529,1.5530737311714478
Q0245763,2021,0,86.561,79.276,7.28500000000001,40000.0,291400.0,0.091894141984964,1,5.324028169014084,2.556519765908508,212961.12676056335,102260.7906363403,71,0.7670473966740708,0.7670473966740669,1.3683248414046358
Q0245756,2021,0,148.311,137.787,10.524,40000.0,420960.0,0.076378758518583,1,4.927042253521127,4.819802463162096,197081.69014084508,192792.09852648395,71,1.1612421441037466,1.1612421441037462,2.1359670687782284
Q0245885,2021,0,642.959,638.235,4.72399999999993,20000.0,94479.9999999987,0.0074016623970793,1,10.859778378378376,18.73837633034432,344557.15068493143,1059402.593219086,74,-0.3274445058744159,-0.2360548787454368,0.4349996689992614
Q0245739,2021,0,805.112,747.426,57.6859999999999,10000.0,576859.999999999,0.0771795468715296,1,39.94781944444444,11.267900132210784,415160.42253521126,104383.1187971452,72,1.574222379274424,1.5490970123150802,1.4440337620986798
Q0245809,2021,0,333.226,308.819,24.407,20000.0,488140.0,0.079033349631985,1,23.615661971830985,5.396258698510247,487234.3661971831,137110.4789652949,71,0.1466456803465484,0.006605139225326,1.0335090343481768
Q0245113,2021,0,651.29,609.248,42.0419999999999,40000.0,1681680.0,0.0690063816376908,1,24.286676056338035,20.28085999217323,965589.014084507,813747.7718576561,71,0.8754719450020356,0.8799913323028483,1.7310726219790091
Q0245930,2021,0,958.1,909.722,48.378,40000.0,1935120.0,0.0531788832192691,1,77.40174999999999,143.8936639763133,2267442.5,526540.6872759613,72,-0.2017027657644305,-0.631143058894951,0.6250246279961371
Q0245713,2021,0,280.607,254.234,26.373,40000.0,1054920.0,0.1037351416411652,1,32.79048611111111,15.874084052531863,1311619.4444444445,634963.3621012745,72,-0.4042744192278318,-0.4042744192278318,0.8042881679348898
20002075,2021,0,11.0,8.7,2.3,2000.0,4600.0,0.264367816091954,1,1.057627118644068,1.1199143116590644,2162.71186440678,2283.818513313473,59,1.1093463744698957,1.0671986943730858,2.174679487179487
20002088,2021,0,1429.2,836.7,592.5,2000.0,1185000.0,0.7081391179634278,1,896.7833898305083,233.7418281117024,1815122.711864407,472306.7131964677,59,-1.3017926328748273,-1.33413880061089,0.6606946635262527
Q0245916,2021,0,531.199,482.951,48.2479999999999,120000.0,5789759.99999999,0.0999024745781661,1,44.12260294117647,12.08437567798017,5366090.149253732,1335301.248486868,68,0.3413827216858725,0.3172840969229609,1.093498497002168
KEB07711,2021,0,1154.39,1154.32,0.0700000000001637,20000.0,1400.00000000327,6.064176311608887e-05,1,0.1834782608695662,0.7445452523857999,3669.5652173913177,14890.905047715944,46,-0.1524128459697728,-0.1524128459697731,0.381516587678615
Q0245899,2021,0,130.982,124.801,6.181,20000.0,123620.0,0.04952684674001,1,9.431333333333336,3.55236493731814,190886.19718309864,68898.3537511435,72,-0.9149773153056668,-0.976310659410817,0.6553686293913903
Q0245701,2021,0,228.577,178.859,49.718,20000.0,994360.0,0.2779731520359613,1,30.7575,17.940807879931587,587681.0256410255,399980.85516549455,40,1.056836466166556,1.0167460994869582,1.6164512720474682
Q0245949,2021,0,791.471,756.626,34.845,20000.0,696900.000000001,0.0460531358954093,1,37.31822222222222,12.470915139988511,764864.2253521127,242559.7629313648,72,-0.1983192247288836,-0.2801957939385969,0.933726151061144
Q0245773,2021,0,521.722,495.933,25.789,40000.0,1031560.0,0.0520009759382819,1,29.999624999999973,45.97636836445583,1004875.5555555556,577514.2749601826,72,-0.0915823748109516,0.0462056880694148,0.8596440788843202
Q0245716,2021,0,388.71,357.458,31.252,40000.0,1250080.0,0.0874284531329554,1,21.62518055555556,14.921138887475545,876090.704225352,593584.408110889,72,0.6451799368026103,0.630052425003694,1.4451671244877209
Q0245675,2021,0,60.619,60.619,0.0,40000.0,0.0,0.0,1,4.502444444444445,6.186569902144633,171208.25396825396,235012.7058921989,63,-0.7277771876276109,-0.7285063729566509,0.0
Q0245847,2021,0,181.604,101.076,80.528,20000.0,1610560.0,0.7967074280739247,1,54.00253333333333,32.792040365511475,1376707.7333333334,738008.7368551424,75,0.8088995491285265,0.3168692387886561,1.4911893022302658
Q0245847,2021,0,3.364,3.364,0.0,20000.0,0.0,0.0,1,54.00253333333333,32.792040365511475,1376707.7333333334,738008.7368551424,75,-1.646818335529059,-1.8654355491777272,0.0
0.01527777777777778,2021,2,1710.0,28.5,2021.0,10.0,258.0,70.91228070175438,0,2021.0,12.654643598964242,258.0,399980.85516549455,1,-0.104794986695801,-0.0703827710098905,1.0
13193134,2021,0,3830.9,2915.9,915.0,12000.0,10980000.0,0.3137967694365376,1,1150.2500000000002,210.83145770809924,13802040.000000006,2535279.5498053106,60,-1.1158202032910525,-1.1131080200669452,0.7954792436426862
13190208,2021,0,3090.0,2331.2,758.8,9000.0,6829200.0,0.3254975978037062,1,940.471186440678,103.35158616277336,8464240.677966101,930164.2754649604,59,-1.7577977579807582,-1.757797757980755,0.8068296093916139
14192934,2021,0,11377.6,10914.7,462.9,9000.0,4166100.0,0.0424106938349198,1,621.3745762711865,136.1921912582771,5592371.186440678,1225729.7213244932,59,-1.1636098575626317,-1.163609857562632,0.74496128048531
Q0245915,2021,0,974.218,917.774,56.444,120000.0,6773280.0,0.0615009795439836,1,60.67209302325582,17.88446336883331,7430185.7142857155,1932169.929421755,43,-0.2364115118278573,-0.3399834063675285,0.9303123921959446
Q0245881,2021,0,99.295,95.246,4.04900000000001,20000.0,80980.0000000001,0.0425109715893581,1,5.491263888888889,3.54975705176635,110582.81690140846,71206.78268622402,72,-0.4062993235470049,-0.4157302968153263,0.7373530177984747
Q0245703,2021,0,135.345,129.422,5.923,20000.0,118460.0,0.0457650167668557,1,7.250782608695652,4.617262983933441,147553.7777777778,91751.76558343042,46,-0.2875691970147465,-0.3170922934591669,0.8168773385781445
Q0245763,2021,0,90.768,86.561,4.20699999999999,40000.0,168280.0,0.048601564214831,1,5.324028169014084,2.556519765908508,212961.12676056335,102260.7906363403,71,-0.4369331244412016,-0.436933124441198,0.7901911609868609
Q0245756,2021,0,156.506,148.311,8.19499999999999,40000.0,327800.0,0.0552555103802144,1,4.927042253521127,4.819802463162096,197081.69014084508,192792.09852648395,71,0.6780273198862334,0.6780273198862352,1.6632696815505097
Q0245885,2021,0,648.615,642.959,5.65600000000006,20000.0,113120.000000001,0.0087968284136314,1,10.859778378378376,18.73837633034432,344557.15068493143,1059402.593219086,74,-0.2777070054864619,-0.2184600567964334,0.5208209415452764
Q0245739,2021,0,861.475,805.112,56.3630000000001,10000.0,563630.000000001,0.0700064090461949,1,39.94781944444444,11.267900132210784,415160.42253521126,104383.1187971452,72,1.4568091980714923,1.4223523801135012,1.4109155589426927
Q0245809,2021,0,358.335,333.226,25.109,20000.0,502180.0,0.0753512631067203,1,23.615661971830985,5.396258698510247,487234.3661971831,137110.4789652949,71,0.2767358111614043,0.1090043147365849,1.063235069588576
Q0245113,2021,0,689.78,651.29,38.49,40000.0,1539600.0,0.0590980976216432,1,24.286676056338035,20.28085999217323,965589.014084507,813747.7718576561,71,0.7003314430030728,0.7053917758878991,1.5848195904089295
Q0245930,2021,0,1007.1,958.1,49.0,40000.0,1960000.0,0.0511428869637824,1,77.40174999999999,143.8936639763133,2267442.5,526540.6872759613,72,-0.1973801292923869,-0.5838912498681581,0.6330606220143602
Q0245713,2021,0,290.204,280.607,9.59699999999998,40000.0,383879.999999999,0.0342008574269351,1,32.79048611111111,15.874084052531863,1311619.4444444445,634963.3621012745,72,-1.4610913004087216,-1.4610913004087216,0.2926763564126615
20002075,2021,0,12.5,11.0,1.5,2000.0,3000.0,0.1363636363636363,1,1.057627118644068,1.1199143116590644,2162.71186440678,2283.818513313473,59,0.395006007826252,0.3666176321420752,1.4182692307692304
20002088,2021,0,1922.2,1429.2,493.0,2000.0,986000.0,0.3449482227819759,1,896.7833898305083,233.7418281117024,1815122.711864407,472306.7131964677,59,-1.727475963940631,-1.7554751789426986,0.5497425639129833
Q0245916,2021,0,565.62,531.199,34.421,120000.0,4130520.00000001,0.0647986912625965,1,44.12260294117647,12.08437567798017,5366090.149253732,1335301.248486868,68,-0.8028220240499865,-0.9253119104425618,0.7801216996624046
KEB07711,2021,0,1154.47,1154.39,0.0799999999999272,20000.0,1599.99999999854,6.930066961765712e-05,1,0.1834782608695662,0.7445452523857999,3669.5652173913177,14890.905047715944,46,-0.1389818288922751,-0.1389818288922754,0.4360189573455722
Q0245899,2021,0,136.76,130.982,5.77799999999999,20000.0,115560.0,0.0441129315478461,1,9.431333333333336,3.55236493731814,190886.19718309864,68898.3537511435,72,-1.0284228669623767,-1.0932945866191826,0.6126387219905268
Q0245701,2021,0,271.551,228.577,42.974,20000.0,859480.0,0.1880066673374836,1,30.7575,17.940807879931587,587681.0256410255,399980.85516549455,40,0.6809336615027941,0.6795299596189822,1.397187677802162
Q0245949,2021,0,810.552,791.471,19.081,20000.0,381620.0,0.0241082743398052,1,37.31822222222222,12.470915139988511,764864.2253521127,242559.7629313648,72,-1.4623804281807515,-1.5799991751334137,0.5113051711406998
Q0245773,2021,0,536.042,521.722,14.32,40000.0,572800.000000002,0.0274475678618114,1,29.999624999999973,45.97636836445583,1004875.5555555556,577514.2749601826,72,-0.3410366141950837,-0.7481642866496131,0.4773393000745847
Q0245716,2021,0,405.712,388.71,17.002,40000.0,680080.0,0.0437395487638599,1,21.62518055555556,14.921138887475545,876090.704225352,593584.408110889,72,-0.3098409974211919,-0.3302153856250462,0.7862130887796055
Q0245675,2021,0,63.131,60.619,2.512,40000.0,100480.0,0.0414391527408898,1,4.502444444444445,6.186569902144633,171208.25396825396,235012.7058921989,63,-0.3217363540585614,-0.3009550215582695,0.5579191550268988
Q0245847,2021,0,249.238,181.604,67.634,20000.0,1352680.0,0.3724257174952093,1,54.00253333333333,32.792040365511475,1376707.7333333334,738008.7368551424,75,0.4156943732297717,-0.0325575188116636,1.2524227258474294
0.006944444444444444,2021,2,1428.0,23.8,2021.0,11.0,282.0,84.91596638655462,0,1015.5,1421.991736966147,144.03333333333333,195.114331155408,2,0.7071067811865476,0.7071067811865475,1.9901526341703597
13193134,2021,0,4854.9,3830.9,1024.0,12000.0,12288000.0,0.2673001122451643,1,1150.2500000000002,210.83145770809924,13802040.000000006,2535279.5498053106,60,-0.5988195564951987,-0.5971885822674947,0.8902412519017603
13190208,2021,0,3940.2,3090.0,850.2,9000.0,7651800.0,0.2751456310679612,1,940.471186440678,103.35158616277336,8464240.677966101,930164.2754649604,59,-0.8734378425359207,-0.8734378425359188,0.9040149366166976
14192934,2021,0,11894.8,11377.6,517.199999999999,9000.0,4654799.99999999,0.0454577415272112,1,621.3745762711865,136.1921912582771,5592371.186440678,1225729.7213244932,59,-0.7649085847633443,-0.764908584763346,0.8323481837697162
Q0245915,2021,0,1037.454,974.218,63.236,120000.0,7588320.0,0.0649094966424352,1,60.67209302325582,17.88446336883331,7430185.7142857155,1932169.929421755,43,0.1433594580876392,0.0818428458627392,1.0422584230901912
Q0245881,2021,0,102.794,99.295,3.499,20000.0,69979.9999999999,0.0352384309381137,1,5.491263888888889,3.54975705176635,110582.81690140846,71206.78268622402,72,-0.561239504516948,-0.5702099627268199,0.6371939267169318
Q0245703,2021,0,141.99,135.345,6.64500000000001,20000.0,132900.0,0.0490967527429902,1,7.250782608695652,4.617262983933441,147553.7777777778,91751.76558343042,46,-0.1311995029963782,-0.1597111258251814,0.916452796699608
Q0245763,2021,0,95.36,90.768,4.592,40000.0,183680.0,0.0505905164815794,1,5.324028169014084,2.556519765908508,212961.12676056335,102260.7906363403,71,-0.2863377701106661,-0.2863377701106662,0.8625048279656937
Q0245756,2021,0,164.152,156.506,7.64599999999999,40000.0,305839.999999999,0.0488543570214559,1,4.927042253521127,4.819802463162096,197081.69014084508,192792.09852648395,71,0.5641222368053346,0.5641222368053312,1.551843805385625
Q0245885,2021,0,653.761,648.615,5.14599999999996,20000.0,102919.999999999,0.0079338282340062,1,10.859778378378376,18.73837633034432,344557.15068493143,1059402.593219086,74,-0.3049238780163524,-0.2280881246011463,0.4738586572121539
Q0245739,2021,0,892.36,861.475,30.885,10000.0,308850.0,0.0358513015467657,1,39.94781944444444,11.267900132210784,415160.42253521126,104383.1187971452,72,-0.8043042038096495,-1.0184637493138284,0.7731335634715149
Q0245809,2021,0,381.71,358.335,23.375,20000.0,467500.0,0.0652322547336989,1,23.615661971830985,5.396258698510247,487234.3661971831,137110.4789652949,71,-0.0445979307658887,-0.1439304008425075,0.9898092218580176
Q0245113,2021,0,746.163,689.78,56.383,40000.0,2255320.0,0.0817405549595523,1,24.286676056338035,20.28085999217323,965589.014084507,813747.7718576561,71,1.5825918603081208,1.584927210272101,2.321561001975232
Q0245930,2021,0,1054.884,1007.1,47.784,40000.0,1911360.0,0.0474471254095918,1,77.40174999999999,143.8936639763133,2267442.5,526540.6872759613,72,-0.2058308140994689,-0.6762677768401519,0.6173503829047793
Q0245713,2021,0,301.971,290.204,11.767,40000.0,470680.0,0.0405473391131755,1,32.79048611111111,15.874084052531863,1311619.4444444445,634963.3621012745,72,-1.3243904997314118,-1.3243904997314115,0.3588540883513383
20002075,2021,0,14.7,12.5,2.2,2000.0,4400.0,0.176,1,1.057627118644068,1.1199143116590644,2162.71186440678,2283.818513313473,59,1.0200538286394405,0.9796260615942094,2.080128205128205
20002088,2021,0,2593.7,1922.2,671.5,2000.0,1343000.0,0.3493392987202164,1,896.7833898305083,233.7418281117024,1815122.711864407,472306.7131964677,59,-0.9638129026818776,-0.9996104198248306,0.748787285329753
14195578,2021,0,157.4,157.4,0.0,3000.0,0.0,0.0,1,0.25,0.4143267631552023,3225.0,9419.992038213197,10,-0.6033884900318467,-0.3423569772583082,0.0
13193242,2021,0,26401.1,26401.1,0.0,3000.0,0.0,0.0,1,259.66000000000025,428.2505165074397,3437565.0,10077124.369196303,10,-0.6063273481083807,-0.3411255904023502,0.0
Q0245916,2021,0,604.079,565.62,38.4589999999999,120000.0,4615079.99999999,0.0679944132102823,1,44.12260294117647,12.08437567798017,5366090.149253732,1335301.248486868,68,-0.4686715385302559,-0.5624275047333093,0.8716394191719108
KEB07711,2021,0,1154.54,1154.47,0.0699999999999363,20000.0,1399.99999999873,6.063388394669094e-05,1,0.1834782608695662,0.7445452523857999,3669.5652173913177,14890.905047715944,46,-0.1524128459700783,-0.152412845970078,0.3815165876773757
Q0245899,2021,0,143.493,136.76,6.733,20000.0,134660.0,0.0492322316466803,1,9.431333333333336,3.55236493731814,190886.19718309864,68898.3537511435,72,-0.7595878748230308,-0.8160746102321126,0.7138969392804126
Q0245701,2021,0,313.129,271.551,41.578,20000.0,831560.000000001,0.1531130432220835,1,30.7575,17.940807879931587,587681.0256410255,399980.85516549455,40,0.603122226848196,0.6097266186854596,1.3518003738925466
Q0245949,2021,0,849.835,810.552,39.283,20000.0,785660.0,0.0484645032027556,1,37.31822222222222,12.470915139988511,764864.2253521127,242559.7629313648,72,0.1575488050173351,0.0857346428631353,1.052649286616011
Q0245773,2021,0,548.441,536.042,12.399,40000.0,495960.0,0.0231306502102447,1,29.999624999999973,45.97636836445583,1004875.5555555556,577514.2749601826,72,-0.3828189486494317,-0.8812172748295153,0.4133051663145792
Q0245716,2021,0,430.402,405.712,24.69,40000.0,987600.0,0.0608559766533896,1,21.62518055555556,14.921138887475545,876090.704225352,593584.408110889,72,0.2054011739691655,0.1878575216110067,1.141724571342693
Q0245675,2021,0,65.842,63.131,2.711,40000.0,108440.0,0.0429424529945668,1,4.502444444444445,6.186569902144633,171208.25396825396,235012.7058921989,63,-0.2895699026731152,-0.2670845124307703,0.6021173683431221
Q0245847,2021,0,309.382,249.238,60.144,20000.0,1202880.0,0.2413115175053563,1,54.00253333333333,32.792040365511475,1376707.7333333334,738008.7368551424,75,0.1872852862527535,-0.2355361456478971,1.1137255289258037
0.08611111111111111,2021,2,1536.0,25.6,2021.0,11.0,180.0,78.9453125,0,2021.0,12.654643598964242,180.0,399980.85516549455,1,-0.104794986695801,-0.0703827710098905,1.0
13193134,2021,0,6084.1,4854.9,1229.2,12000.0,14750400.0,0.2531875012873592,1,1150.2500000000002,210.83145770809924,13802040.000000006,2535279.5498053106,60,0.374469734536996,0.3740652584338563,1.0686372527711363
13190208,2021,0,4835.8,3940.2,895.6,9000.0,8060400.0,0.2272981066950916,1,940.471186440678,103.35158616277336,8464240.677966101,930164.2754649604,59,-0.4341605978838905,-0.4341605978838884,0.9522886111902076
14192934,2021,0,12640.5,11894.8,745.700000000001,9000.0,6711300.00000001,0.0626912600464069,1,621.3745762711865,136.1921912582771,5592371.186440678,1225729.7213244932,59,0.9128674895394092,0.912867489539411,1.2000812850678255
Q0245915,2021,0,1104.075,1037.454,66.6210000000001,120000.0,7994520.00000001,0.0642158592091795,1,60.67209302325582,17.88446336883331,7430185.7142857155,1932169.929421755,43,0.3326298840540694,0.292072802252535,1.0980501360726758
Q0245881,2021,0,104.296,102.794,1.50200000000001,20000.0,30040.0000000002,0.0146117477673795,1,5.491263888888889,3.54975705176635,110582.81690140846,71206.78268622402,72,-1.1238132161478012,-1.131111586045446,0.2735253723717741
Q0245703,2021,0,144.449,141.99,2.459,20000.0,49180.0000000001,0.0173181209944362,1,7.250782608695652,4.617262983933441,147553.7777777778,91751.76558343042,46,-1.0377972026651898,-1.0721731309718052,0.3391358054302983
Q0245763,2021,0,97.428,95.36,2.068,40000.0,82719.9999999999,0.0216862416107382,1,5.324028169014084,2.556519765908508,212961.12676056335,102260.7906363403,71,-1.2736174436957628,-1.273617443695764,0.3884276969148638
Q0245756,2021,0,167.291,164.152,3.13900000000001,40000.0,125560.0,0.0191225205906721,1,4.927042253521127,4.819802463162096,197081.69014084508,192792.09852648395,71,-0.3709783268478699,-0.3709783268478718,0.6370962209136147
Q0245885,2021,0,658.476,653.761,4.71500000000003,20000.0,94300.0000000006,0.0072121157426032,1,10.859778378378376,18.73837633034432,344557.15068493143,1059402.593219086,74,-0.327924803624938,-0.2362247858243417,0.4341709228051569
Q0245739,2021,0,910.225,892.36,17.865,10000.0,178650.0,0.0200199471065489,1,39.94781944444444,11.267900132210784,415160.42253521126,104383.1187971452,72,-1.9597990029497845,-2.265791875742265,0.4472083895554026
Q0245809,2021,0,404.919,381.71,23.209,20000.0,464180.0,0.0608027036231694,1,23.615661971830985,5.396258698510247,487234.3661971831,137110.4789652949,71,-0.0753599844913389,-0.1681444508921784,0.9827799884535924
Q0245113,2021,0,808.36,746.163,62.197,40000.0,2487880.0,0.0833557815115464,1,24.286676056338035,20.28085999217323,965589.014084507,813747.7718576561,71,1.869266094154404,1.870716011228327,2.5609515215553182
Q0245930,2021,0,1107.617,1054.884,52.7329999999999,40000.0,2109320.0,0.049989382718858,1,77.40174999999999,143.8936639763133,2267442.5,526540.6872759613,72,-0.1714373608838043,-0.3003044281687724,0.6812895057282284
Q0245713,2021,0,319.482,301.971,17.511,40000.0,700440.000000001,0.0579890121899122,1,32.79048611111111,15.874084052531863,1311619.4444444445,634963.3621012745,72,-0.9625428503809692,-0.9625428503809677,0.5340268497595212
20002075,2021,0,16.8,14.7,2.1,2000.0,4200.0,0.1428571428571428,1,1.057627118644068,1.1199143116590644,2162.71186440678,2283.818513313473,59,0.9307612828089848,0.8920534288153331,1.985576923076923
20002088,2021,0,3410.1,2593.7,816.4,2000.0,1632800.0,0.3147626942206115,1,896.7833898305083,233.7418281117024,1815122.711864407,472306.7131964677,59,-0.3438981823659482,-0.3860260859526789,0.910364765068072
14195578,2021,0,157.4,157.4,0.0,3000.0,0.0,0.0,1,0.25,0.4143267631552023,3225.0,9419.992038213197,10,-0.6033884900318467,-0.3423569772583082,0.0
13193242,2021,0,26401.1,26401.1,0.0,3000.0,0.0,0.0,1,259.66000000000025,428.2505165074397,3437565.0,10077124.369196303,10,-0.6063273481083807,-0.3411255904023502,0.0
Q0245916,2021,0,659.563,604.079,55.484,120000.0,6658080.0,0.0918489138010094,1,44.12260294117647,12.08437567798017,5366090.149253732,1335301.248486868,68,0.9401724475949528,0.9675643246872724,1.2574960746076191
KEB07711,2021,0,1154.61,1154.54,0.0699999999999363,20000.0,1399.99999999873,6.0630207701713495e-05,1,0.1834782608695662,0.7445452523857999,3669.5652173913177,14890.905047715944,46,-0.1524128459700783,-0.152412845970078,0.3815165876773757
Q0245899,2021,0,155.803,143.493,12.31,20000.0,246200.0,0.0857881569135776,1,9.431333333333336,3.55236493731814,190886.19718309864,68898.3537511435,72,0.8103521787488188,0.802831995328819,1.3052237223439598
Q0245701,2021,0,356.748,313.129,43.619,20000.0,872379.999999999,0.1393004161224287,1,30.7575,17.940807879931587,587681.0256410255,399980.85516549455,40,0.7168852197780206,0.7117815032451428,1.4181581728033812
Q0245949,2021,0,892.075,849.835,42.24,20000.0,844800.0,0.0497037660251695,1,37.31822222222222,12.470915139988511,764864.2253521127,242559.7629313648,72,0.3946605138860978,0.3295508442202185,1.1318867160517354
Q0245773,2021,0,571.428,548.441,22.987,40000.0,919479.999999999,0.0419133507524054,1,29.999624999999973,45.97636836445583,1004875.5555555556,577514.2749601826,72,-0.1525267273050085,-0.1478674368030889,0.7662429113697261
Q0245716,2021,0,461.764,430.402,31.362,40000.0,1254480.0,0.0728667617715531,1,21.62518055555556,14.921138887475545,876090.704225352,593584.408110889,72,0.6525520282246887,0.6374650186296,1.450253787219503
Q0245675,2021,0,88.196,65.842,22.354,40000.0,894160.0,0.3395097354272349,1,4.502444444444445,6.186569902144633,171208.25396825396,235012.7058921989,63,2.885533637851104,3.0762240845112707,4.96485859533093
Q0245847,2021,0,387.188,309.382,77.806,20000.0,1556120.0,0.2514884511703977,1,54.00253333333333,32.792040365511475,1376707.7333333334,738008.7368551424,75,0.7258916005635805,0.2431031744030449,1.4407842595038751
13193134,2021,0,7220.3,6084.1,1136.2,12000.0,13634400.0,0.1867490672408408,1,1150.2500000000002,210.83145770809924,13802040.000000006,2535279.5498053106,60,-0.0666409090594664,-0.0661228857436565,0.9877852640730276
13190208,2021,0,5699.6,4835.8,863.8,9000.0,7774200.0,0.1786260804830638,1,940.471186440678,103.35158616277336,8464240.677966101,930164.2754649604,59,-0.741848183345005,-0.7418481833450022,0.918475773052815
14192934,2021,0,13293.8,12640.5,653.299999999999,9000.0,5879699.99999999,0.0516830821565601,1,621.3745762711865,136.1921912582771,5592371.186440678,1225729.7213244932,59,0.234414494941701,0.2344144949416997,1.0513787093131397
Q0245915,2021,0,1168.323,1104.075,64.248,120000.0,7709760.00000001,0.0581916989334963,1,60.67209302325582,17.88446336883331,7430185.7142857155,1932169.929421755,43,0.1999448852894186,0.1446944605943451,1.058938249837096
Q0245881,2021,0,107.445,104.296,3.14899999999999,20000.0,62979.9999999997,0.0301929124798649,1,5.491263888888889,3.54975705176635,110582.81690140846,71206.78268622402,72,-0.6598378014978221,-0.6685152046704984,0.5734563233014037
Q0245703,2021,0,149.85,144.449,5.40099999999998,20000.0,108020.0,0.0373903592271319,1,7.250782608695652,4.617262983933441,147553.7777777778,91751.76558343042,46,-0.400623186318888,-0.4308775697817991,0.7448851098532066
Q0245763,2021,0,101.183,97.428,3.75500000000001,40000.0,150200.0,0.0385412817670485,1,5.324028169014084,2.556519765908508,212961.12676056335,102260.7906363403,71,-0.613735981992883,-0.6137359819928874,0.7052930376766526
Q0245756,2021,0,170.68,167.291,3.38900000000001,40000.0,135560.0,0.0202581131082963,1,4.927042253521127,4.819802463162096,197081.69014084508,192792.09852648395,71,-0.3191089811826154,-0.3191089811826174,0.6878366016808665
Q0245885,2021,0,663.218,658.476,4.74199999999996,20000.0,94839.9999999992,0.007201477350731,1,10.859778378378376,18.73837633034432,344557.15068493143,1059402.593219086,74,-0.3264839103733595,-0.235715064587623,0.4366571613874918
Q0245739,2021,0,928.376,910.225,18.151,10000.0,181510.0,0.0199412233239034,1,39.94781944444444,11.267900132210784,415160.42253521126,104383.1187971452,72,-1.9344171663480887,-2.238392809370642,0.4543677290131606
Q0245809,2021,0,427.762,404.919,22.843,20000.0,456860.0,0.0564137518861797,1,23.615661971830985,5.396258698510247,487234.3661971831,137110.4789652949,71,-0.1431847535486567,-0.2215320552185612,0.967281799140222
Q0245113,2021,0,864.187,808.36,55.827,40000.0,2233080.0,0.0690620515611856,1,24.286676056338035,20.28085999217323,965589.014084507,813747.7718576561,71,1.5551768492970206,1.557596874301743,2.2986677909524373
Q0245930,2021,0,1157.805,1107.617,50.1880000000001,40000.0,2007520.0,0.0453116916768161,1,77.40174999999999,143.8936639763133,2267442.5,526540.6872759613,72,-0.1891240326223093,-0.4936418139777562,0.648409112197077
Q0245713,2021,0,337.272,319.482,17.79,40000.0,711599.999999999,0.0556838882941761,1,32.79048611111111,15.874084052531863,1311619.4444444445,634963.3621012745,72,-0.9449670331510296,-0.9449670331510313,0.5425354152944939
20002075,2021,0,18.7,16.8,1.9,2000.0,3800.0,0.113095238095238,1,1.057627118644068,1.1199143116590644,2162.71186440678,2283.818513313473,59,0.7521761911480738,0.7169081632575804,1.7964743589743586
20002088,2021,0,4174.6,3410.1,764.5,2000.0,1529000.0,0.2241869739890326,1,896.7833898305083,233.7418281117024,1815122.711864407,472306.7131964677,59,-0.5659380304294176,-0.6057985285197229,0.8524912578326079
14195578,2021,0,157.4,157.4,0.0,3000.0,0.0,0.0,1,0.25,0.4143267631552023,3225.0,9419.992038213197,10,-0.6033884900318467,-0.3423569772583082,0.0
13193242,2021,0,26401.1,26401.1,0.0,3000.0,0.0,0.0,1,259.66000000000025,428.2505165074397,3437565.0,10077124.369196303,10,-0.6063273481083807,-0.3411255904023502,0.0
Q0245916,2021,0,708.171,659.563,48.6080000000001,120000.0,5832960.00000001,0.0736972813817635,1,44.12260294117647,12.08437567798017,5366090.149253732,1335301.248486868,68,0.3711732553132059,0.3496363470605038,1.10165758046513
KEB07711,2021,0,1154.68,1154.61,0.0700000000001637,20000.0,1400.00000000327,6.062653190268896e-05,1,0.1834782608695662,0.7445452523857999,3669.5652173913177,14890.905047715944,46,-0.1524128459697728,-0.1524128459697731,0.381516587678615
Q0245899,2021,0,163.018,155.803,7.215,20000.0,144300.0,0.0463084792975745,1,9.431333333333336,3.55236493731814,190886.19718309864,68898.3537511435,72,-0.6239036170102943,-0.6761583498985337,0.7650031808864068
Q0245701,2021,0,401.895,356.748,45.147,20000.0,902940.0,0.1265515153553769,1,30.7575,17.940807879931587,587681.0256410255,399980.85516549455,40,0.8020541826377815,0.7881851600835599,1.4678371128992929
Q0245949,2021,0,925.813,892.075,33.7379999999999,20000.0,674759.999999999,0.0378196900484823,1,37.31822222222222,12.470915139988511,764864.2253521127,242559.7629313648,72,-0.2870857657223715,-0.3714722683729279,0.904062358573706
Q0245773,2021,0,598.598,571.428,27.17,40000.0,1086800.0,0.0475475475475475,1,29.999624999999973,45.97636836445583,1004875.5555555556,577514.2749601826,72,-0.06154520464882,0.1418570033616794,0.9056779876415132
Q0245716,2021,0,495.328,461.764,33.564,40000.0,1342560.0,0.0726864805398428,1,21.62518055555556,14.921138887475545,876090.704225352,593584.408110889,72,0.8001278946921143,0.7858516655772833,1.5520795266320833
Q0245675,2021,0,88.196,88.196,0.0,40000.0,0.0,0.0,1,4.502444444444445,6.186569902144633,171208.25396825396,235012.7058921989,63,-0.7277771876276109,-0.7285063729566509,0.0
Q0245847,2021,0,466.96,387.188,79.772,20000.0,1595440.0,0.206029112472494,1,54.00253333333333,32.792040365511475,1376707.7333333334,738008.7368551424,75,0.7858451739943976,0.2963816764537839,1.4771899589895785
0.0763888888888889,2021,2,257.0,25.7,2021.0,10.0,135.0,78.63813229571984,0,2021.0,12.654643598964242,135.0,399980.85516549455,1,-0.104794986695801,-0.0703827710098905,1.0
13193134,2021,0,8355.6,7220.3,1135.3,12000.0,13623600.0,0.1572372339099483,1,1150.2500000000002,210.83145770809924,13802040.000000006,2535279.5498053106,60,-0.0709097217394326,-0.0703827710098905,0.9870028254727232
13190208,2021,0,6584.7,5699.6,885.099999999999,9000.0,7965900.0,0.1552915994104847,1,940.471186440678,103.35158616277336,8464240.677966101,930164.2754649604,59,-0.5357555553474758,-0.5357555553474638,0.9411239948240864
14192934,2021,0,13924.5,13293.8,630.700000000001,9000.0,5676300.00000001,0.0474431689960734,1,621.3745762711865,136.1921912582771,5592371.186440678,1225729.7213244932,59,0.0684725287305907,0.068472528730592,1.015007732992192
Q0245915,2021,0,1234.16,1168.323,65.837,120000.0,7900440.0,0.0563517109566446,1,60.67209302325582,17.88446336883331,7430185.7142857155,1932169.929421755,43,0.2887929523088126,0.2433814327371395,1.0851282149564951
Q0245881,2021,0,111.141,107.445,3.69600000000001,20000.0,73920.0000000002,0.0343989948345666,1,5.491263888888889,3.54975705176635,110582.81690140846,71206.78268622402,72,-0.5057427487877121,-0.514878155118518,0.6730690920679583
Q0245703,2021,0,155.725,149.85,5.875,20000.0,117500.0,0.0392058725392058,1,7.250782608695652,4.617262983933441,147553.7777777778,91751.76558343042,46,-0.2979649661461614,-0.3275553073738917,0.8102573635229781
Q0245763,2021,0,105.068,101.183,3.88499999999999,40000.0,155400.0,0.0383957779468882,1,5.324028169014084,2.556519765908508,212961.12676056335,102260.7906363403,71,-0.5628856026085556,-0.5628856026085519,0.7297106395136568
Q0245756,2021,0,174.504,170.68,3.82399999999998,40000.0,152959.999999999,0.0224044996484648,1,4.927042253521127,4.819802463162096,197081.69014084508,192792.09852648395,71,-0.2288563197250788,-0.2288563197250796,0.7761248642158783
Q0245885,2021,0,667.961,663.218,4.74300000000005,20000.0,94860.000000001,0.00715149468199,1,10.859778378378376,18.73837633034432,344557.15068493143,1059402.593219086,74,-0.3264305439566295,-0.2356961860232984,0.4367492442979571
Q0245739,2021,0,946.94,928.376,18.5640000000001,10000.0,185640.000000001,0.0199962084327902,1,39.94781944444444,11.267900132210784,415160.42253521126,104383.1187971452,72,-1.8977643743323445,-2.1988270247151065,0.4647062157126527
Q0245809,2021,0,450.133,427.762,22.371,20000.0,447420.0,0.0522977730607206,1,23.615661971830985,5.396258698510247,487234.3661971831,137110.4789652949,71,-0.2306527617318646,-0.2903816433116014,0.9472950631951104
Q0245113,2021,0,926.079,864.187,61.8919999999999,40000.0,2475680.0,0.0716187584400134,1,24.286676056338035,20.28085999217323,965589.014084507,813747.7718576561,71,1.854227284157303,1.855723650669048,2.5483931953647523
Q0245930,2021,0,1208.443,1157.805,50.6379999999999,40000.0,2025520.0,0.0437362077379177,1,77.40174999999999,143.8936639763133,2267442.5,526540.6872759613,72,-0.1859967232775846,-0.4594564215950282,0.6542229342359818
Q0245713,2021,0,355.464,337.272,18.192,40000.0,727680.0,0.0539386607841742,1,32.79048611111111,15.874084052531863,1311619.4444444445,634963.3621012745,72,-0.9196427373573532,-0.919642737357353,0.5547950688610137
20002075,2021,0,20.4,18.7,1.7,2000.0,3400.0,0.0909090909090909,1,1.057627118644068,1.1199143116590644,2162.71186440678,2283.818513313473,59,0.5735910994871629,0.5417628976998279,1.6073717948717945
20002088,2021,0,4878.5,4174.6,703.9,2000.0,1407800.0,0.1686149571216403,1,896.7833898305083,233.7418281117024,1815122.711864407,472306.7131964677,59,-0.8251984310584399,-0.8624114383378898,0.7849164112339734
14195578,2021,0,157.4,157.4,0.0,3000.0,0.0,0.0,1,0.25,0.4143267631552023,3225.0,9419.992038213197,10,-0.6033884900318467,-0.3423569772583082,0.0
13193242,2021,0,26401.1,26401.1,0.0,3000.0,0.0,0.0,1,259.66000000000025,428.2505165074397,3437565.0,10077124.369196303,10,-0.6063273481083807,-0.3411255904023502,0.0
Q0245916,2021,0,755.091,708.171,46.92,120000.0,5630400.0,0.0662551841292569,1,44.12260294117647,12.08437567798017,5366090.149253732,1335301.248486868,68,0.2314887531940005,0.1979402408600891,1.0634005446721486
KEB07711,2021,0,1154.78,1154.68,0.0999999999999091,20000.0,1999.99999999818,8.660408078420783e-05,1,0.1834782608695662,0.7445452523857999,3669.5652173913177,14890.905047715944,46,-0.1121197947366688,-0.1121197947366688,0.5450236966819659
Q0245899,2021,0,170.564,163.018,7.54599999999999,20000.0,150920.0,0.046289366818388,1,9.431333333333336,3.55236493731814,190886.19718309864,68898.3537511435,72,-0.5307262532426296,-0.5800747769308686,0.8000989609104392
Q0245701,2021,0,445.869,401.895,43.974,20000.0,879480.000000001,0.1094166386742805,1,30.7575,17.940807879931587,587681.0256410255,399980.85516549455,40,0.7366725115419047,0.7295323528378425,1.4297000731528895
Q0245949,2021,0,957.961,925.813,32.148,20000.0,642960.0,0.0347240749481806,1,37.31822222222222,12.470915139988511,764864.2253521127,242559.7629313648,72,-0.4145824235178764,-0.5025739796200532,0.861455827358693
Q0245773,2021,0,624.71,598.598,26.1120000000001,40000.0,1044480.0,0.0436219299095555,1,29.999624999999973,45.97636836445583,1004875.5555555556,577514.2749601826,72,-0.0845570265398643,0.0685774294447961,0.8704108801360059
Q0245716,2021,0,522.134,495.328,26.806,40000.0,1072240.0,0.0541176755604367,1,21.62518055555556,14.921138887475545,876090.704225352,593584.408110889,72,0.3472134053247842,0.330448868087527,1.2395734653467891
Q0245675,2021,0,95.601,88.196,7.405,40000.0,296200.0,0.0839607238423511,1,4.502444444444445,6.186569902144633,171208.25396825396,235012.7058921989,63,0.4691704129212791,0.5318510144259185,1.6446621588273034
Q0245847,2021,0,540.555,466.96,73.595,20000.0,1471900.0,0.1576045057392496,1,54.00253333333333,32.792040365511475,1376707.7333333334,738008.7368551424,75,0.5974762914500661,0.1289852842017927,1.3628064362412629
0.03472222222222222,2021,2,1548.0,25.8,2021.0,10.0,468.0,78.33333333333333,0,2021.0,12.654643598964242,468.0,399980.85516549455,1,-0.104794986695801,-0.0703827710098905,1.0
13193134,2021,0,9445.7,8355.6,1090.1,12000.0,13081200.0,0.130463401790416,1,1150.2500000000002,210.83145770809924,13802040.000000006,2535279.5498053106,60,-0.2852989807777135,-0.2843236754918645,0.9477070202129968
13190208,2021,0,7449.3,6584.7,864.6,9000.0,7781400.0,0.1313043874436193,1,940.471186440678,103.35158616277336,8464240.677966101,930164.2754649604,59,-0.7341076151573034,-0.7341076151573013,0.9193264104902338
14192934,2021,0,14515.6,13924.5,591.1,9000.0,5319900.0,0.042450357283924,1,621.3745762711865,136.1921912582771,5592371.186440678,1225729.7213244932,59,-0.2222930403827136,-0.2222930403827139,0.9512780576687552
Q0245915,2021,0,1298.473,1234.16,64.3129999999999,120000.0,7717559.99999999,0.0521107473909378,1,60.67209302325582,17.88446336883331,7430185.7142857155,1932169.929421755,43,0.2035793247835983,0.1487313726077278,1.060009582582696
Q0245881,2021,0,113.733,111.141,2.592,20000.0,51840.0,0.0233217264555834,1,5.491263888888889,3.54975705176635,110582.81690140846,71206.78268622402,72,-0.8167499484073769,-0.8249609754208583,0.4720224801515539
Q0245703,2021,0,158.755,155.725,3.03,20000.0,60600.0,0.0194573767860009,1,7.250782608695652,4.617262983933441,147553.7777777778,91751.76558343042,46,-0.9141308657060664,-0.9477068612778926,0.4178859253573826
Q0245763,2021,0,108.203,105.068,3.135,40000.0,125400.0,0.0298378193170137,1,5.324028169014084,2.556519765908508,212961.12676056335,102260.7906363403,71,-0.8562531759797176,-0.8562531759797178,0.5888398596847669
Q0245756,2021,0,176.811,174.504,2.30700000000002,40000.0,92280.0000000007,0.0132203273277404,1,4.927042253521127,4.819802463162096,197081.69014084508,192792.09852648395,71,-0.543599509221835,-0.5435995092218352,0.468232233720203
Q0245885,2021,0,672.836,667.961,4.875,20000.0,97500.0,0.0072983302917385,1,10.859778378378376,18.73837633034432,344557.15068493143,1059402.593219086,74,-0.3193861769488971,-0.2332042155326682,0.4489041884782876
Q0245739,2021,0,965.874,946.94,18.934,10000.0,189340.0,0.0199949310410374,1,39.94781944444444,11.267900132210784,415160.42253521126,104383.1187971452,72,-1.8649277325749145,-2.163380680108471,0.4739682982279314
Q0245809,2021,0,473.614,450.133,23.481,20000.0,469620.0,0.0521645824678484,1,23.615661971830985,5.396258698510247,487234.3661971831,137110.4789652949,71,-0.0249546916399985,-0.1284684170758502,0.9942977684897586
Q0245113,2021,0,990.555,926.079,64.476,40000.0,2579040.0,0.0696225699967281,1,24.286676056338035,20.28085999217323,965589.014084507,813747.7718576561,71,1.981638054755656,1.982740895538481,2.6547889818447943
Q0245930,2021,0,1259.591,1208.443,51.1479999999999,40000.0,2045920.0,0.0423255379029047,1,77.40174999999999,143.8936639763133,2267442.5,526540.6872759613,72,-0.1824524393535617,-0.4207129768946032,0.6608119325467434
Q0245713,2021,0,373.973,355.464,18.509,40000.0,740360.000000001,0.0520699705174082,1,32.79048611111111,15.874084052531863,1311619.4444444445,634963.3621012745,72,-0.8996730812215434,-0.8996730812215418,0.5644625071211797
20002075,2021,0,22.2,20.4,1.8,2000.0,3600.0,0.088235294117647,1,1.057627118644068,1.1199143116590644,2162.71186440678,2283.818513313473,59,0.6628836453176185,0.6293355304787042,1.7019230769230766
20002088,2021,0,5491.7,4878.5,613.2,2000.0,1226400.0,0.1256943732704725,1,896.7833898305083,233.7418281117024,1815122.711864407,472306.7131964677,59,-1.2132333871154084,-1.246483895772011,0.6837771606317269
14195578,2021,0,157.4,157.4,0.0,3000.0,0.0,0.0,1,0.25,0.4143267631552023,3225.0,9419.992038213197,10,-0.6033884900318467,-0.3423569772583082,0.0
13193242,2021,0,26401.1,26401.1,0.0,3000.0,0.0,0.0,1,259.66000000000025,428.2505165074397,3437565.0,10077124.369196303,10,-0.6063273481083807,-0.3411255904023502,0.0
Q0245916,2021,0,799.076,755.091,43.985,120000.0,5278200.0,0.0582512571332461,1,44.12260294117647,12.08437567798017,5366090.149253732,1335301.248486868,68,-0.0113868473509313,-0.0658204651222536,0.9968813503283132
KEB07711,2021,0,1154.86,1154.78,0.0799999999999272,20000.0,1599.99999999854,6.927726493351738e-05,1,0.1834782608695662,0.7445452523857999,3669.5652173913177,14890.905047715944,46,-0.1389818288922751,-0.1389818288922754,0.4360189573455722
Q0245899,2021,0,178.131,170.564,7.56700000000001,20000.0,151340.0,0.0443645786918693,1,9.431333333333336,3.55236493731814,190886.19718309864,68898.3537511435,72,-0.5248146984416541,-0.573978840277331,0.8023255813953498
Q0245701,2021,0,491.426,445.869,45.557,20000.0,911139.999999999,0.1021757511735509,1,30.7575,17.940807879931587,587681.0256410255,399980.85516549455,40,0.824907111153817,0.8086861413032889,1.4811671949930911
Q0245949,2021,0,987.215,957.961,29.254,20000.0,585080.0,0.0305377776339537,1,37.31822222222222,12.470915139988511,764864.2253521127,242559.7629313648,72,-0.6466423780211565,-0.741195584871118,0.783906581235262
Q0245773,2021,0,649.937,624.71,25.227,40000.0,1009080.0,0.0403819372188695,1,29.999624999999973,45.97636836445583,1004875.5555555556,577514.2749601826,72,-0.1038060457965547,0.0072802433233955,0.840910511381393
Q0245716,2021,0,547.96,522.134,25.826,40000.0,1033040.0,0.0494623985413706,1,21.62518055555556,14.921138887475545,876090.704225352,593584.408110889,72,0.2815347726553577,0.2644093976021821,1.194255924645459
Q0245675,2021,0,95.601,95.601,0.0,40000.0,0.0,0.0,1,4.502444444444445,6.186569902144633,171208.25396825396,235012.7058921989,63,-0.7277771876276109,-0.7285063729566509,0.0
Q0245847,2021,0,616.224,540.555,75.6690000000001,20000.0,1513380.0,0.1399839054305299,1,54.00253333333333,32.792040365511475,1376707.7333333334,738008.7368551424,75,0.6607233470429043,0.1851905808717991,1.401212041904209
-,2021,1,246.0,24.6,2021.0,11.0,370.0,82.15447154471545,0,2021.25,0.5,355.5,63.4008412141879,4,-0.5,0.2287035900835204,0.9998763141620284
13193134,2021,0,10482.8,9445.7,1037.1,12000.0,12445200.0,0.1097959918269688,1,1150.2500000000002,210.83145770809924,13802040.000000006,2535279.5498053106,60,-0.5366846163756974,-0.5351835856145332,0.9016300804173004
13190208,2021,0,8226.2,7449.3,776.900000000001,9000.0,6992100.0,0.1042916784127369,1,940.471186440678,103.35158616277336,8464240.677966101,930164.2754649604,59,-1.5826674027340135,-1.5826674027340208,0.8260752814132125
14192934,2021,0,15123.6,14515.6,608.0,9000.0,5472000.0,0.0418859709553859,1,621.3745762711865,136.1921912582771,5592371.186440678,1225729.7213244932,59,-0.0982036939682004,-0.0982036939682005,0.978475823147696
Q0245915,2021,0,1356.251,1298.473,57.778,120000.0,6933360.0,0.0444968821069055,1,60.67209302325582,17.88446336883331,7430185.7142857155,1932169.929421755,43,-0.1618216305164216,-0.2571335505849642,0.9522994365441372
Q0245881,2021,0,115.589,113.733,1.85599999999999,20000.0,37119.9999999999,0.0163189223884008,1,5.491263888888889,3.54975705176635,110582.81690140846,71206.78268622402,72,-1.0240880814871545,-1.0316828556224182,0.337991405540617
Q0245703,2021,0,160.999,158.755,2.244,20000.0,44880.0,0.0141349878743976,1,7.250782608695652,4.617262983933441,147553.7777777778,91751.76558343042,46,-1.0843615852329858,-1.119038714131511,0.309483833829032
Q0245763,2021,0,110.183,108.203,1.98,40000.0,79200.0000000002,0.0182989381070765,1,5.324028169014084,2.556519765908508,212961.12676056335,102260.7906363403,71,-1.308039238971313,-1.3080392389713114,0.3718988587482739
Q0245756,2021,0,178.047,176.811,1.23599999999999,40000.0,49439.9999999996,0.0069905152959939,1,4.927042253521127,4.819802463162096,197081.69014084508,192792.09852648395,71,-0.7658077860517916,-0.7658077860517912,0.2508604425132905
Q0245885,2021,0,677.131,672.836,4.29499999999996,20000.0,85899.9999999992,0.0063834277595134,1,10.859778378378376,18.73837633034432,344557.15068493143,1059402.593219086,74,-0.3503386986495531,-0.2441537828399874,0.3954961004131749
Q0245739,2021,0,985.103,965.874,19.2289999999999,10000.0,192289.999999999,0.0199083938484728,1,39.94781944444444,11.267900132210784,415160.42253521126,104383.1187971452,72,-1.8387471668493984,-2.135119405354533,0.4813529315847071
Q0245809,2021,0,494.554,473.614,20.94,20000.0,418800.0,0.0442132200483938,1,23.615661971830985,5.396258698510247,487234.3661971831,137110.4789652949,71,-0.4958364899313773,-0.4991184241614752,0.8866996836666048
Q0245113,2021,0,1044.759,990.555,54.2040000000001,40000.0,2168160.0,0.0547208383179127,1,24.286676056338035,20.28085999217323,965589.014084507,813747.7718576561,71,1.4751506570829704,1.477817854014169,2.231841025682665
Q0245930,2021,0,1305.952,1259.591,46.3610000000001,40000.0,1854440.0,0.0368063919161061,1,77.40174999999999,143.8936639763133,2267442.5,526540.6872759613,72,-0.2157200612051243,-0.7843695843082006,0.5989657856573023
Q0245713,2021,0,391.871,373.973,17.898,40000.0,715919.999999999,0.0478590700398157,1,32.79048611111111,15.874084052531863,1311619.4444444445,634963.3621012745,72,-0.9381634909975046,-0.9381634909975062,0.5458290535660962
20002075,2021,0,23.9,22.2,1.7,2000.0,3400.0,0.0765765765765765,1,1.057627118644068,1.1199143116590644,2162.71186440678,2283.818513313473,59,0.5735910994871629,0.5417628976998279,1.6073717948717945
20002088,2021,0,6118.9,5491.7,627.2,2000.0,1254400.0,0.1142087149698636,1,896.7833898305083,233.7418281117024,1815122.711864407,472306.7131964677,59,-1.1533382450558984,-1.1872003852529625,0.6993885113310814
14195578,2021,0,157.4,157.4,0.0,3000.0,0.0,0.0,1,0.25,0.4143267631552023,3225.0,9419.992038213197,10,-0.6033884900318467,-0.3423569772583082,0.0
13193242,2021,0,26401.1,26401.1,0.0,3000.0,0.0,0.0,1,259.66000000000025,428.2505165074397,3437565.0,10077124.369196303,10,-0.6063273481083807,-0.3411255904023502,0.0
Q0245916,2021,0,844.302,799.076,45.226,120000.0,5427120.0,0.0565978705404742,1,44.12260294117647,12.08437567798017,5366090.149253732,1335301.248486868,68,0.0913077421810142,0.0457049304907233,1.025007524154787
KEB07711,2021,0,1154.96,1154.86,0.100000000000136,20000.0,2000.00000000273,8.659058240837505e-05,1,0.1834782608695662,0.7445452523857999,3669.5652173913177,14890.905047715944,46,-0.1121197947363641,-0.1121197947363632,0.5450236966832025
Q0245899,2021,0,187.218,178.131,9.08699999999999,20000.0,181740.0,0.0510130185088501,1,9.431333333333336,3.55236493731814,190886.19718309864,68898.3537511435,72,-0.0969307318952704,-0.1327491396403189,0.96349049268396
Q0245701,2021,0,533.609,491.426,42.183,20000.0,843660.000000001,0.0858379491520595,1,30.7575,17.940807879931587,587681.0256410255,399980.85516549455,40,0.6368442311218578,0.6399780665828685,1.3714703730797366
Q0245949,2021,0,1020.335,987.215,33.12,20000.0,662400.0,0.0335489229803031,1,37.31822222222222,12.470915139988511,764864.2253521127,242559.7629313648,72,-0.336641070450431,-0.4224287825557702,0.8875020841769288
Q0245773,2021,0,672.695,649.937,22.758,40000.0,910320.000000002,0.0350157015218398,1,29.999624999999973,45.97636836445583,1004875.5555555556,577514.2749601826,72,-0.1575075469770781,-0.1637285166017286,0.7586094826185333
Q0245716,2021,0,572.323,547.96,24.3629999999999,40000.0,974519.999999998,0.044461274545587,1,21.62518055555556,14.921138887475545,876090.704225352,593584.408110889,72,0.1834859567417073,0.1658219023776281,1.1266033103127544
Q0245675,2021,0,102.461,95.601,6.86,40000.0,274400.0,0.0717565715839792,1,4.502444444444445,6.186569902144633,171208.25396825396,235012.7058921989,63,0.3810763626445546,0.4390900723430691,1.5236168007502096
Q0245847,2021,0,691.742,616.224,75.5179999999999,20000.0,1510360.0,0.1225495923560262,1,54.00253333333333,32.792040365511475,1376707.7333333334,738008.7368551424,75,0.6561185710571134,0.1810984883948604,1.3984158767860255
-,2021,1,261.0,26.1,2021.0,11.0,410.0,77.43295019157088,0,2021.25,0.5,355.5,63.4008412141879,4,-0.5,0.8596100454863356,0.9998763141620284
13193134,2021,0,11612.2,10482.8,1129.4,12000.0,13552800.0,0.1077383905063532,1,1150.2500000000002,210.83145770809924,13802040.000000006,2535279.5498053106,60,-0.0988941604192075,-0.09830868553298,0.9818735057596174
13190208,2021,0,9039.7,8226.2,813.5,9000.0,7321500.0,0.098891347159077,1,940.471186440678,103.35158616277336,8464240.677966101,930164.2754649604,59,-1.2285364081467034,-1.2285364081467012,0.8649919441751158
14192934,2021,0,15818.3,15123.6,694.699999999999,9000.0,6252299.99999999,0.0459348303314025,1,621.3745762711865,136.1921912582771,5592371.186440678,1225729.7213244932,59,0.5383966808328755,0.5383966808328746,1.1180051880603676
Q0245915,2021,0,1416.736,1356.251,60.4850000000001,120000.0,7258200.00000001,0.0445972021403118,1,60.67209302325582,17.88446336883331,7430185.7142857155,1932169.929421755,43,-0.0104612041970328,-0.0890116918117941,0.9969163248878852
Q0245881,2021,0,119.344,115.589,3.755,20000.0,75099.9999999999,0.0324857901703449,1,5.491263888888889,3.54975705176635,110582.81690140846,71206.78268622402,72,-0.4891218930109395,-0.4983067000480169,0.6838134309294308
Q0245703,2021,0,166.671,160.999,5.672,20000.0,113440.0,0.0352300324846738,1,7.250782608695652,4.617262983933441,147553.7777777778,91751.76558343042,46,-0.3419304064311038,-0.3718051370549153,0.7822603856855032
Q0245763,2021,0,114.587,110.183,4.404,40000.0,176160.0,0.0399698683099933,1,5.324028169014084,2.556519765908508,212961.12676056335,102260.7906363403,71,-0.3598752418357048,-0.3598752418357051,0.8271932191552516
Q0245756,2021,0,184.386,178.047,6.339,40000.0,253560.0,0.0356029587693137,1,4.927042253521127,4.819802463162096,197081.69014084508,192792.09852648395,71,0.2929492976673861,0.2929492976673858,1.286573094734435
Q0245885,2021,0,681.97,677.131,4.83900000000006,20000.0,96780.0000000011,0.007146327667763,1,10.859778378378376,18.73837633034432,344557.15068493143,1059402.593219086,74,-0.3213073679510035,-0.2338838438482939,0.4455892037018381
Q0245739,2021,0,1010.09,985.103,24.9870000000001,10000.0,249870.000000001,0.0253648603242504,1,39.94781944444444,11.267900132210784,415160.42253521126,104383.1187971452,72,-1.327738022959296,-1.5834976425300185,0.6254909616468454
Q0245809,2021,0,515.707,494.554,21.153,20000.0,423060.0,0.0427718712213428,1,23.615661971830985,5.396258698510247,487234.3661971831,137110.4789652949,71,-0.4563646981029387,-0.468048588856777,0.8957191217096317
Q0245113,2021,0,1092.301,1044.759,47.5419999999999,40000.0,1901680.0,0.045505231350005,1,24.286676056338035,20.28085999217323,965589.014084507,813747.7718576561,71,1.1466636006873745,1.150345375175095,1.957534241808812
Q0245930,2021,0,1335.774,1305.952,29.8219999999999,40000.0,1192880.0,0.0228354487760652,1,77.40174999999999,143.8936639763133,2267442.5,526540.6872759613,72,-0.3306591039882918,-2.0407967056813963,0.3852884463206568
Q0245713,2021,0,409.509,391.871,17.638,40000.0,705520.000000001,0.0450097098279791,1,32.79048611111111,15.874084052531863,1311619.4444444445,634963.3621012745,72,-0.9545423887745093,-0.9545423887745076,0.5378999243937204
20002075,2021,0,25.7,23.9,1.8,2000.0,3600.0,0.0753138075313807,1,1.057627118644068,1.1199143116590644,2162.71186440678,2283.818513313473,59,0.6628836453176185,0.6293355304787042,1.7019230769230766
20002088,2021,0,6784.0,6118.9,665.1,2000.0,1330200.0,0.1086960074523198,1,896.7833898305083,233.7418281117024,1815122.711864407,472306.7131964677,59,-0.9911935390519392,-1.026711453204967,0.741650667867191
14195578,2021,0,157.8,157.4,0.400000000000006,1500.0,600.000000000009,0.0025412960609911,1,0.25,0.4143267631552023,3225.0,9419.992038213197,10,0.3620330940191223,-0.2786626559079243,1.6000000000000236
13193242,2021,0,26872.3,26401.1,471.200000000001,1500.0,706800.000000001,0.0178477411926018,1,259.66000000000025,428.2505165074397,3437565.0,10077124.369196303,10,0.4939632104245829,-0.2709865334546615,1.8146807363475332
Q0245916,2021,0,895.987,844.302,51.6849999999999,120000.0,6202199.99999999,0.061216247266973,1,44.12260294117647,12.08437567798017,5366090.149253732,1335301.248486868,68,0.6257995663444522,0.626158218374856,1.171395079952683
KEB07711,2021,0,1155.04,1154.96,0.0799999999999272,20000.0,1599.99999999854,6.92664681027284e-05,1,0.1834782608695662,0.7445452523857999,3669.5652173913177,14890.905047715944,46,-0.1389818288922751,-0.1389818288922754,0.4360189573455722
Q0245899,2021,0,196.942,187.218,9.72400000000002,20000.0,194480.0,0.0519394502665343,1,9.431333333333336,3.55236493731814,190886.19718309864,68898.3537511435,72,0.082386430400823,0.0521609388503235,1.0310313140595198
Q0245701,2021,0,577.555,533.609,43.9459999999999,20000.0,878919.999999998,0.0823561821483518,1,30.7575,17.940807879931587,587681.0256410255,399980.85516549455,40,0.7351118237408041,0.728132285827707,1.4287897260830658
Q0245949,2021,0,1060.211,1020.335,39.876,20000.0,797520.0,0.0390812821279285,1,37.31822222222222,12.470915139988511,764864.2253521127,242559.7629313648,72,0.2050994453146552,0.1346298093848635,1.0685396469999762
Q0245773,2021,0,697.007,672.695,24.3119999999999,40000.0,972479.999999996,0.0361411932599467,1,29.999624999999973,45.97636836445583,1004875.5555555556,577514.2749601826,72,-0.1237075741805904,-0.0560948135139915,0.810410130126624
Q0245716,2021,0,597.363,572.323,25.0400000000001,40000.0,1001600.0,0.0437515179365499,1,21.62518055555556,14.921138887475545,876090.704225352,593584.408110889,72,0.2288578284939672,0.2114430467843442,1.157909407307458
Q0245675,2021,0,120.609,102.461,18.148,40000.0,725920.0,0.1771210509364538,1,4.502444444444445,6.186569902144633,171208.25396825396,235012.7058921989,63,2.205673866357704,2.3603478966205094,4.03069937318
Q0245847,2021,0,769.623,691.742,77.8810000000001,20000.0,1557620.0,0.1125867736815172,1,54.00253333333333,32.792040365511475,1376707.7333333334,738008.7368551424,75,0.7281787409538742,0.2451356706664251,1.442173083238072
-,2021,1,258.0,25.8,2021.0,11.0,264.0,78.33333333333333,0,2021.25,0.5,355.5,63.4008412141879,4,-0.5,-1.4431985167339396,0.9998763141620284
13193134,2022,1,12790.6,11612.2,1178.4,12000.0,14140800.0,0.1014794784795301,1,1150.2500000000002,210.83145770809924,13802040.000000006,2535279.5498053106,60,0.1335189743789285,0.1336184011842041,1.0244729406650728
13190208,2022,1,9947.0,9039.7,907.299999999999,9000.0,8165699.99999999,0.1003683750566942,1,940.471186440678,103.35158616277336,8464240.677966101,930164.2754649604,59,-0.3209547881387732,-0.3209547881387726,0.9647291837124544
14192934,2022,1,16484.4,15818.3,666.100000000002,9000.0,5994900.00000002,0.0421094555040682,1,621.3745762711865,136.1921912582771,5592371.186440678,1225729.7213244932,59,0.3283993253621822,0.3283993253621839,1.07197820032678
Q0245915,2022,1,1484.217,1416.736,67.481,120000.0,8097720.0,0.0476313159261852,1,60.67209302325582,17.88446336883331,7430185.7142857155,1932169.929421755,43,0.3807163142848246,0.3454842535066567,1.1122246923990953
Q0245881,2022,1,126.3,119.344,6.956,20000.0,139120.0,0.0582852929347097,1,5.491263888888889,3.54975705176635,110582.81690140846,71206.78268622402,72,0.4126299602341131,0.4007649555568598,1.2667393410240004
Q0245703,2022,1,178.614,166.671,11.943,20000.0,238860.0,0.0716561369404395,1,7.250782608695652,4.617262983933441,147553.7777777778,91751.76558343042,46,1.016233514883541,0.9951440350125678,1.6471325434136044
Q0245763,2022,1,123.468,114.587,8.881,40000.0,355240.0,0.0775044289491827,1,5.324028169014084,2.556519765908508,212961.12676056335,102260.7906363403,71,1.391333592807908,1.391333592807908,1.6680978608805157
Q0245756,2022,1,197.498,184.386,13.112,40000.0,524480.0,0.0711116896076708,1,4.927042253521127,4.819802463162096,197081.69014084508,192792.09852648395,71,1.6981936104304616,1.698193610430461,2.6612314904808185
Q0245885,2022,1,687.199,681.97,5.22899999999993,40000.0,209159.999999997,0.0076674927049575,1,10.859778378378376,18.73837633034432,344557.15068493143,1059402.593219086,74,-0.300494465428157,-0.1278051909175703,0.4815015387800892
Q0245739,2022,1,1043.129,1010.09,33.0389999999999,10000.0,330389.999999999,0.032708966527735,1,39.94781944444444,11.267900132210784,415160.42253521126,104383.1187971452,72,-0.6131417001731106,-0.8121085431443409,0.8270539033037171
Q0245809,2022,1,539.017,515.707,23.3100000000001,20000.0,466200.000000001,0.0452000845441308,1,23.615661971830985,5.396258698510247,487234.3661971831,137110.4789652949,71,-0.0566433132487268,-0.1534118059824316,0.9870568111876143
Q0245113,2022,1,1114.436,1092.301,22.135,40000.0,885400.0,0.0202645607758301,1,24.286676056338035,20.28085999217323,965589.014084507,813747.7718576561,71,-0.1060939258576019,-0.0985428370531182,0.911405082715034
Q0245930,2022,1,1371.932,1335.774,36.1580000000001,40000.0,1446320.00000001,0.0270689502865006,1,77.40174999999999,143.8936639763133,2267442.5,526540.6872759613,72,-0.2866265884145471,-1.5594663809325673,0.4671470606284755
Q0245713,2022,1,426.767,409.509,17.258,40000.0,690319.999999999,0.042143151920959,1,32.79048611111111,15.874084052531863,1311619.4444444445,634963.3621012745,72,-0.9784807778332084,-0.97848077783321,0.5263111971417862
20002075,2022,1,27.1,25.7,1.4,4000.0,5600.00000000001,0.0544747081712062,1,1.057627118644068,1.1199143116590644,2162.71186440678,2283.818513313473,59,0.3057134619957964,1.5050618582674715,1.3237179487179485
20002088,2022,1,7419.9,6784.0,635.9,4000.0,2543600.0,0.0937352594339622,1,896.7833898305083,233.7418281117024,1815122.711864407,472306.7131964677,59,-1.116117692490346,1.5423818205026547,0.7090898506942516
14195578,2022,1,158.8,157.8,1.0,30000.0,30000.0,0.0063371356147021,1,0.25,0.4143267631552023,3225.0,9419.992038213197,10,1.8101654700955396,2.842359090260838,3.999999999999999
13193242,2022,1,27941.8,26872.3,1069.5,30000.0,32085000.0,0.0397993472832619,1,259.66000000000025,428.2505165074397,3437565.0,10077124.369196303,10,1.8910426696144589,2.842818442091408,4.118847723946695
Q0245916,2022,1,945.537,895.987,49.5500000000001,120000.0,5946000.00000001,0.0553021416605375,1,44.12260294117647,12.08437567798017,5366090.149253732,1335301.248486868,68,0.4491251516380187,0.4342914015870343,1.1230071821932026
KEB07711,2022,1,1155.13,1155.04,0.0900000000001455,20000.0,1800.00000000291,7.791937941555748e-05,1,0.1834782608695662,0.7445452523857999,3669.5652173913177,14890.905047715944,46,-0.1255508118141666,-0.1255508118141665,0.4905213270150081
Q0245899,2022,1,205.094,196.942,8.15199999999999,20000.0,163040.0,0.0413928974012653,1,9.431333333333336,3.55236493731814,190886.19718309864,68898.3537511435,72,-0.3601356718432137,-0.4041634620716389,0.8643528663320834
Q0245701,2022,1,621.951,577.555,44.3960000000001,20000.0,887920.000000001,0.0768688696314638,1,30.7575,17.940807879931587,587681.0256410255,399980.85516549455,40,0.7601943062584151,0.7506333627762004,1.4434203039908995
Q0245949,2022,1,1090.921,1060.211,30.71,40000.0,1228400.0,0.0289659322531081,1,37.31822222222222,12.470915139988511,764864.2253521127,242559.7629313648,72,-0.5298907215744476,1.9110167698302476,0.8229223733415908
Q0245773,2022,1,719.692,697.007,22.6850000000001,40000.0,907400.000000002,0.0325463015436001,1,29.999624999999973,45.97636836445583,1004875.5555555556,577514.2749601826,72,-0.1590953191869495,-0.1687846686772791,0.7561761188681566
Q0245716,2022,1,621.959,597.363,24.5959999999999,40000.0,983839.999999996,0.0411742943570323,1,21.62518055555556,14.921138887475545,876090.704225352,593584.408110889,72,0.1991013867539281,0.1815231234215894,1.137377786826438
Q0245675,2022,1,132.492,120.609,11.883,40000.0,475320.0,0.0985249856975847,1,4.502444444444445,6.186569902144633,171208.25396825396,235012.7058921989,63,1.19299638932343,1.2940225715763771,2.639233009229553
Q0245847,2022,1,861.495,769.623,91.872,20000.0,1837440.0,0.1193727318440327,1,54.00253333333333,32.792040365511475,1376707.7333333334,738008.7368551424,75,1.154837156961276,0.6242910736124523,1.7012535214397349
-,2022,1,269.0,26.9,2022.0,10.0,378.0,75.16728624535317,0,2021.25,0.5,355.5,63.4008412141879,4,1.5,0.3548848811640835,1.0003710575139146
13193134,2022,2,13936.6,12790.6,1146.0,12000.0,13752000.0,0.0895970478320016,1,1150.2500000000002,210.83145770809924,13802040.000000006,2535279.5498053106,60,-0.0201582820998394,-0.0197374684002197,0.9963051510541184
13190208,2022,2,10881.6,9947.0,934.6,9000.0,8411400.0,0.0939579772795817,1,940.471186440678,103.35158616277336,8464240.677966101,930164.2754649604,59,-0.0568078987334679,-0.0568078987334658,0.9937571862643678
14192934,2022,2,17080.0,16484.4,595.599999999999,9000.0,5360399.99999999,0.0361311300380965,1,621.3745762711865,136.1921912582771,5592371.186440678,1225729.7213244932,59,-0.1892514984380282,-0.1892514984380294,0.9585200662282348
Q0245915,2022,2,1553.72,1484.217,69.5029999999999,120000.0,8340359.99999999,0.0468280581613065,1,60.67209302325582,17.88446336883331,7430185.7142857155,1932169.929421755,43,0.4937753397808639,0.4710632702925173,1.1455513818084233
Q0245881,2022,2,133.725,126.3,7.425,20000.0,148500.0,0.0587885985748218,1,5.491263888888889,3.54975705176635,110582.81690140846,71206.78268622402,72,0.5447516781884802,0.5324939797613855,1.352147729600805
Q0245703,2022,2,192.177,178.614,13.563,20000.0,271260.0,0.0759346971681951,1,7.250782608695652,4.617262983933441,147553.7777777778,91751.76558343042,46,1.3670907230687948,1.3482707546345296,1.8705567015254727
Q0245763,2022,2,132.643,123.468,9.175,40000.0,367000.0,0.0743107525836654,1,5.324028169014084,2.556519765908508,212961.12676056335,102260.7906363403,71,1.5063336815694053,1.506333681569405,1.723319206573441
Q0245756,2022,2,211.499,197.498,14.001,40000.0,560040.0,0.0708918571327304,1,4.927042253521127,4.819802463162096,197081.69014084508,192792.09852648395,71,1.8826410036161063,1.8826410036161056,2.8416642844891657
Q0245885,2022,2,692.195,687.199,4.99600000000009,20000.0,99920.0000000019,0.0072700920694006,1,10.859778378378376,18.73837633034432,344557.15068493143,1059402.593219086,74,-0.3129288405251352,-0.2309199092495879,0.4600462206436032
Q0245739,2022,2,1076.702,1043.129,33.5730000000001,10000.0,335730.000000001,0.0321848975534187,1,39.94781944444444,11.267900132210784,415160.42253521126,104383.1187971452,72,-0.565750438825871,-0.7609508457931096,0.8404213413122631
Q0245809,2022,2,561.091,539.017,22.074,20000.0,441479.999999999,0.0409523261789516,1,23.615661971830985,5.396258698510247,487234.3661971831,137110.4789652949,71,-0.2856908939996876,-0.3337043714125258,0.9347186636703264
Q0245113,2022,2,1137.53,1114.436,23.0940000000001,40000.0,923760.000000002,0.0207225897225144,1,24.286676056338035,20.28085999217323,965589.014084507,813747.7718576561,71,-0.0588079626208262,-0.0514029230323003,0.950891754245362
Q0245930,2022,2,1411.892,1371.932,39.96,40000.0,1598400.0,0.0291268080342174,1,77.40174999999999,143.8936639763133,2267442.5,526540.6872759613,72,-0.2602042992397732,-1.270637799067849,0.5162673970549762
Q0245713,2022,2,450.811,426.767,24.044,40000.0,961759.999999999,0.0563398763259577,1,32.79048611111111,15.874084052531863,1311619.4444444445,634963.3621012745,72,-0.5509915458533856,-0.5509915458533872,0.7332614685407989
20002075,2022,2,28.8,27.1,1.7,2000.0,3400.0,0.062730627306273,1,1.057627118644068,1.1199143116590644,2162.71186440678,2283.818513313473,59,0.5735910994871629,0.5417628976998279,1.6073717948717945
20002088,2022,2,7982.4,7419.9,562.5,2000.0,1125000.0,0.0758096470302834,1,896.7833898305083,233.7418281117024,1815122.711864407,472306.7131964677,59,-1.4301393658594916,-1.4611748945802794,0.627241769170493
14195578,2022,2,159.8,158.8,1.0,1500.0,1500.0,0.0062972292191435,1,0.25,0.4143267631552023,3225.0,9419.992038213197,10,1.8101654700955396,-0.1831211738823509,3.999999999999999
13193242,2022,2,28917.8,27941.8,976.0,1500.0,1464000.0,0.0349297468309128,1,259.66000000000025,428.2505165074397,3437565.0,10077124.369196303,10,1.6727125184624387,-0.1958460496957626,3.758761457290299
Q0245916,2022,2,989.85,945.537,44.313,120000.0,5317560.0,0.0468654320243417,1,44.12260294117647,12.08437567798017,5366090.149253732,1335301.248486868,68,0.0157556388428466,-0.0363439705525062,1.0043151819278968
KEB07711,2022,2,1155.17,1155.13,0.0399999999999636,20000.0,799.999999999272,3.462813709276324e-05,1,0.1834782608695662,0.7445452523857999,3669.5652173913177,14890.905047715944,46,-0.1927058972034876,-0.1927058972034877,0.2180094786727861
Q0245899,2022,2,212.499,205.094,7.405,20000.0,148100.0,0.036105395574712,1,9.431333333333336,3.55236493731814,190886.19718309864,68898.3537511435,72,-0.5704181211919955,-0.6210046373189073,0.7851487947974835
Q0245701,2022,2,663.834,621.951,41.8829999999999,20000.0,837659.999999998,0.0673413178851708,1,30.7575,17.940807879931587,587681.0256410255,399980.85516549455,40,0.6201225761101192,0.6249773486172037,1.3617166544745152
Q0245949,2022,2,1119.555,1090.921,28.634,20000.0,572680.0,0.0262475467976141,1,37.31822222222222,12.470915139988511,764864.2253521127,242559.7629313648,72,-0.6963580559036838,-0.7923170068668541,0.7672927137174571
Q0245773,2022,2,741.796,719.692,22.104,40000.0,884160.000000002,0.0307131383980925,1,29.999624999999973,45.97636836445583,1004875.5555555556,577514.2749601826,72,-0.171732245953207,-0.2090260982100856,0.7368092101151271
Q0245716,2022,2,647.007,621.959,25.048,40000.0,1001920.0,0.0402727510977411,1,21.62518055555556,14.921138887475545,876090.704225352,593584.408110889,72,0.2293939805973844,0.2119821445025919,1.1582793464152192
Q0245675,2022,2,135.788,132.492,3.29600000000002,40000.0,131840.000000001,0.0248769737040728,1,4.502444444444445,6.186569902144633,171208.25396825396,235012.7058921989,63,-0.1950102340274536,-0.1675154278097258,0.7320467893983558
Q0245847,2022,2,944.339,861.495,82.8440000000001,20000.0,1656880.0,0.0961630653689227,1,54.00253333333333,32.792040365511475,1376707.7333333334,738008.7368551424,75,0.8795264443807019,0.3796327234018359,1.5340761791422148
0.006944444444444444,2022,2,27.2166666666667,2022.0,10.0,364.0,6.06666666666667,0.0049455984174085,0,1015.5,1421.991736966147,144.03333333333333,195.114331155408,2,-0.7071067811865476,-0.7071067811865475,0.0098473658296405
13193134,2022,3,15165.4,13936.6,1228.8,12000.0,14745600.0,0.088170715956546,1,1150.2500000000002,210.83145770809924,13802040.000000006,2535279.5498053106,60,0.3725724844570108,0.3721719760933079,1.0682895022821124
13190208,2022,3,11909.7,10881.6,1028.1,9000.0,9252900.0,0.0944805910895456,1,940.471186440678,103.35158616277336,8464240.677966101,930164.2754649604,59,0.8478710082040826,0.8478710082040858,1.0931754367626754
14192934,2022,3,17692.9,17080.0,612.900000000001,9000.0,5516100.00000001,0.035884074941452,1,621.3745762711865,136.1921912582771,5592371.186440678,1225729.7213244932,59,-0.0622251260728608,-0.0622251260728599,0.986361565801355
Q0245915,2022,3,1630.182,1553.72,76.462,120000.0,9175440.0,0.0492122132688,1,60.67209302325582,17.88446336883331,7430185.7142857155,1932169.929421755,43,0.8828840234737352,0.903261281080278,1.2602499137567558
Q0245881,2022,3,142.365,133.725,8.64000000000001,20000.0,172800.0,0.0646102075154235,1,5.491263888888889,3.54975705176635,110582.81690140846,71206.78268622402,72,0.8870286234220783,0.8737536053658601,1.573408267171848
Q0245703,2022,3,207.698,192.177,15.521,20000.0,310420.0,0.0807640872737112,1,7.250782608695652,4.617262983933441,147553.7777777778,91751.76558343042,46,1.7911514722210953,1.7750745305726785,2.140596517317471
Q0245763,2022,3,143.313,132.643,10.67,40000.0,426799.999999999,0.0804414857926916,1,5.324028169014084,2.556519765908508,212961.12676056335,102260.7906363403,71,2.091113044489262,2.0911130444892527,2.0041216276990315
Q0245756,2022,3,226.972,211.499,15.473,40000.0,618920.000000001,0.0731587383391883,1,4.927042253521127,4.819802463162096,197081.69014084508,192792.09852648395,71,2.1880477108931253,2.1880477108931298,3.1404236464467443
Q0245885,2022,3,698.344,692.195,6.149,20000.0,122980.0,0.0088833348984029,1,10.859778378378376,18.73837633034432,344557.15068493143,1059402.593219086,74,-0.2513973620409093,-0.2091529245852137,0.5662178164006135
Q0245739,2022,3,1115.132,1076.702,38.4300000000001,10000.0,384300.000000001,0.0356923271248684,1,39.94781944444444,11.267900132210784,415160.42253521126,104383.1187971452,72,-0.1347029549991709,-0.2956457221323634,0.962004948816914
Q0245809,2022,3,586.323,561.091,25.232,20000.0,504639.999999999,0.0449695325713654,1,23.615661971830985,5.396258698510247,487234.3661971831,137110.4789652949,71,0.2995293810905024,0.1269460506167555,1.0684434774725773
Q0245113,2022,3,1163.949,1137.53,26.4190000000001,40000.0,1056760.0,0.0232248819811346,1,24.286676056338035,20.28085999217323,965589.014084507,813747.7718576561,71,0.1051397201344011,0.1120383847041008,1.08779809714247
Q0245930,2022,3,1460.448,1411.892,48.556,40000.0,1942240.0,0.0343907324356253,1,77.40174999999999,143.8936639763133,2267442.5,526540.6872759613,72,-0.2004657411791833,-0.6176208370191164,0.6273243176026382
Q0245713,2022,3,486.508,450.811,35.697,40000.0,1427880.0,0.0791839595750769,1,32.79048611111111,15.874084052531863,1311619.4444444445,634963.3621012745,72,0.1830980533598293,0.1830980533598292,1.0886389387165571
20002075,2022,3,30.6,28.8,1.8,2000.0,3600.0,0.0625,1,1.057627118644068,1.1199143116590644,2162.71186440678,2283.818513313473,59,0.6628836453176185,0.6293355304787042,1.7019230769230766
20002088,2022,3,8380.5,7982.4,398.1,2000.0,796200.000000001,0.0498722188815393,1,896.7833898305083,233.7418281117024,1815122.711864407,472306.7131964677,59,-2.1334794626154525,-2.157332689532532,0.4439199081009303
14195578,2022,3,159.9,159.8,0.0999999999999943,1500.0,149.999999999991,0.0006257822277846,1,0.25,0.4143267631552023,3225.0,9419.992038213197,10,-0.3620330940191217,-0.3264333969207134,0.3999999999999771
Q0469696,2022,3,0.131,0.0,0.131,30000.0,3930.0,0.0,1,0.1675434782608695,0.0684068568758487,5026.304347826088,2052.2057062754616,46,-0.5342078254990159,-0.5342078254990166,0.7818865966004932
13193242,2022,3,28997.7,28917.8,79.9000000000015,1500.0,119850.000000002,0.0027630041012802,1,259.66000000000025,428.2505165074397,3437565.0,10077124.369196303,10,-0.4197543098511964,-0.3292323165268824,0.3077100824154719
Q0469732,2022,3,41.359,0.0,41.359,30000.0,1240770.0,0.0,1,11.759176470588235,17.721981224124892,653498.6274509804,1177917.198062783,51,1.670232191032772,0.4985676187722304,3.5171680689924267
Q0245916,2022,3,1035.448,989.85,45.5980000000001,120000.0,5471760.00000001,0.0460655654897207,1,44.12260294117647,12.08437567798017,5366090.149253732,1335301.248486868,68,0.1220912935959166,0.0791355889661761,1.0334385770665118
KEB07711,2022,3,1155.23,1155.17,0.0599999999999454,20000.0,1199.99999999891,5.194040703960923e-05,1,0.1834782608695662,0.7445452523857999,3669.5652173913177,14890.905047715944,46,-0.1658438630478813,-0.1658438630478813,0.3270142180091792
Q0245899,2022,3,221.84,212.499,9.34100000000001,20000.0,186820.0,0.0439578539193126,1,9.431333333333336,3.55236493731814,190886.19718309864,68898.3537511435,72,-0.0254290690644869,-0.0590173344022919,0.9904219975966644
Q0245701,2022,3,714.965,663.834,51.1310000000001,20000.0,1022620.0,0.0770237740157932,1,30.7575,17.940807879931587,587681.0256410255,399980.85516549455,40,1.1355954612718249,1.087399481105204,1.6623912866780493
Q0245949,2022,3,1150.594,1119.555,31.039,20000.0,620780.0,0.0277244083586782,1,37.31822222222222,12.470915139988511,764864.2253521127,242559.7629313648,72,-0.5035093376658163,-0.594015361867265,0.8317384417502324
Q0245773,2022,3,766.659,741.796,24.8629999999999,40000.0,994519.999999998,0.0335173012526353,1,29.999624999999973,45.97636836445583,1004875.5555555556,577514.2749601826,72,-0.1117231565416806,-0.0179312546971613,0.8287770263794938
Q0245716,2022,3,672.375,647.007,25.3680000000001,40000.0,1014720.0,0.0392082311319662,1,21.62518055555556,14.921138887475545,876090.704225352,593584.408110889,72,0.2508400647343469,0.2335460532325004,1.1730769107258625
Q0245675,2022,3,135.788,135.788,0.0,40000.0,0.0,0.0,1,4.502444444444445,6.186569902144633,171208.25396825396,235012.7058921989,63,-0.7277771876276109,-0.7285063729566509,0.0
Q0245847,2022,3,1022.305,944.339,77.9659999999999,20000.0,1559320.0,0.0825614530375213,1,54.00253333333333,32.792040365511475,1376707.7333333334,738008.7368551424,75,0.7307708333961973,0.2474391664315893,1.4437470834701562
0.3263888888888889,2022,3,28.3,2022.0,10.0,288.0,4.8,0.0049455984174085,0,10.0,12.654643598964242,4.8,399980.85516549455,1,-0.104794986695801,-0.0703827710098905,1.0
13193134,2022,4,16338.1,15165.4,1172.7,12000.0,14072400.0,0.0773273372281641,1,1150.2500000000002,210.83145770809924,13802040.000000006,2535279.5498053106,60,0.1064831607391451,0.1066391278313888,1.0195174961964788
13190208,2022,4,12883.7,11909.7,974.0,9000.0,8766000.0,0.0817820767945456,1,940.471186440678,103.35158616277336,8464240.677966101,930164.2754649604,59,0.3244150845108049,0.3244150845108072,1.0356510800572376
14192934,2022,4,18284.7,17692.9,591.799999999999,9000.0,5326199.99999999,0.0334484454216097,1,621.3745762711865,136.1921912582771,5592371.186440678,1225729.7213244932,59,-0.2171532449691019,-0.2171532449691034,0.9524045923335618
Q0245915,2022,4,1702.646,1630.182,72.4639999999999,120000.0,8695679.99999999,0.0444514784238814,1,60.67209302325582,17.88446336883331,7430185.7142857155,1932169.929421755,43,0.6593380373544484,0.6549601390872503,1.194354708881136
Q0245881,2022,4,147.879,142.365,5.51399999999998,20000.0,110280.0,0.0387314297755767,1,5.491263888888889,3.54975705176635,110582.81690140846,71206.78268622402,72,0.0064049766729184,-0.0042526412510846,1.0041404149520288
Q0245703,2022,4,216.073,207.698,8.375,20000.0,167500.0,0.0403229689260368,1,7.250782608695652,4.617262983933441,147553.7777777778,91751.76558343042,46,0.2434813427816988,0.2173933340180247,1.1550477309795644
Q0245763,2022,4,150.174,143.313,6.86100000000002,40000.0,274440.000000001,0.0478742333214713,1,5.324028169014084,2.556519765908508,212961.12676056335,102260.7906363403,71,0.6011969285282425,0.6011969285282441,1.2886858938747043
Q0245756,2022,4,237.733,226.972,10.761,40000.0,430440.0,0.0474111344130553,1,4.927042253521127,4.819802463162096,197081.69014084508,192792.09852648395,71,1.210414283794408,1.2104142837944074,2.1840689497455834
Q0245885,2022,4,702.311,698.344,3.96699999999998,20000.0,79339.9999999997,0.0056805814899247,1,10.859778378378376,18.73837633034432,344557.15068493143,1059402.593219086,74,-0.367842883335439,-0.2503459519379186,0.3652929057832529
Q0245739,2022,4,1153.899,1115.132,38.7669999999998,10000.0,387669.999999998,0.0347644942482143,1,39.94781944444444,11.267900132210784,415160.42253521126,104383.1187971452,72,-0.104794986695801,-0.2633608082609338,0.9704409537024464
Q0245809,2022,4,611.055,586.323,24.732,20000.0,494639.999999999,0.0421815279291448,1,23.615661971830985,5.396258698510247,487234.3661971831,137110.4789652949,71,0.2068725927608332,0.0540121649249757,1.0472710877002134
Q0245113,2022,4,1188.436,1163.949,24.4869999999999,40000.0,979479.999999994,0.0210378633428096,1,24.286676056338035,20.28085999217323,965589.014084507,813747.7718576561,71,0.0098774876281958,0.0170703827351515,1.0082483063222472
Q0245930,2022,4,1502.36,1460.448,41.9119999999998,40000.0,1676479.99999999,0.0286980433401256,1,77.40174999999999,143.8936639763133,2267442.5,526540.6872759613,72,-0.2466387262599849,-1.1223491636654568,0.5414864650993008
Q0245713,2022,4,525.16,486.508,38.652,40000.0,1546080.0,0.0794478199741833,1,32.79048611111111,15.874084052531863,1311619.4444444445,634963.3621012745,72,0.3692505261715558,0.3692505261715558,1.1787565414256762
20002075,2022,4,32.3,30.6,1.7,2000.0,3399.99999999999,0.0555555555555555,1,1.057627118644068,1.1199143116590644,2162.71186440678,2283.818513313473,59,0.5735910994871629,0.5417628976998234,1.6073717948717945
20002088,2022,4,8987.0,8380.5,606.5,2000.0,1213000.0,0.0723703836286617,1,896.7833898305083,233.7418281117024,1815122.711864407,472306.7131964677,59,-1.241897490815317,-1.2748552900918413,0.6763060142256072
Q0469696,2022,4,0.198,0.131,0.067,30000.0,2010.0,0.5114503816793893,1,0.1675434782608695,0.0684068568758487,5026.304347826088,2052.2057062754616,46,-1.4697865514175787,-1.4697865514175792,0.3998961982613209
Q0469732,2022,4,84.34,41.359,42.981,30000.0,1289430.0,1.0392175826301409,1,11.759176470588235,17.721981224124892,653498.6274509804,1177917.198062783,51,1.761756946616644,0.5398778229869468,3.6551028983622302
Q0245916,2022,4,1079.47,1035.448,44.0219999999999,120000.0,5282639.99999999,0.0425149307352951,1,44.12260294117647,12.08437567798017,5366090.149253732,1335301.248486868,68,-0.0083250425059098,-0.0624953727470153,0.9977199227953372
KEB07711,2022,4,1155.32,1155.23,0.0899999999999181,20000.0,1799.99999999836,7.790656406076547e-05,1,0.1834782608695662,0.7445452523857999,3669.5652173913177,14890.905047715944,46,-0.125550811814472,-0.1255508118144721,0.4905213270137688
Q0245899,2022,4,228.596,221.84,6.756,20000.0,135120.0,0.0304543815362423,1,9.431333333333336,3.55236493731814,190886.19718309864,68898.3537511435,72,-0.7531133148029209,-0.809398108183,0.716335618859122
Q0245701,2022,4,764.28,714.965,49.3149999999999,20000.0,986299.999999999,0.0689754043904245,1,30.7575,17.940807879931587,587681.0256410255,399980.85516549455,40,1.0343737096007888,0.9965951350197558,1.6033487767211216
Q0245949,2022,4,1179.637,1150.594,29.0429999999999,20000.0,580859.999999998,0.025241744698825,1,37.31822222222222,12.470915139988511,764864.2253521127,242559.7629313648,72,-0.6635617458166699,-0.7585933591309655,0.7782525069671031
Q0245773,2022,4,791.419,766.659,24.76,40000.0,990400.0,0.0322959751336643,1,29.999624999999973,45.97636836445583,1004875.5555555556,577514.2749601826,72,-0.1139634378788975,-0.0250652774886881,0.8253436501289607
Q0245716,2022,4,694.216,672.375,21.841,40000.0,873640.0,0.0324833612195575,1,21.62518055555556,14.921138887475545,876090.704225352,593584.408110889,72,0.014464006137333,-0.0041286532999603,1.0099800065895403
Q0245675,2022,4,135.788,135.788,0.0,40000.0,0.0,0.0,1,4.502444444444445,6.186569902144633,171208.25396825396,235012.7058921989,63,-0.7277771876276109,-0.7285063729566509,0.0
Q0245847,2022,4,1104.049,1022.305,81.744,20000.0,1634880.0,0.0799604814610121,1,54.00253333333333,32.792040365511475,1376707.7333333334,738008.7368551424,75,0.8459817186564375,0.3498227782055934,1.513706764374017
0.02430555555555556,2022,4,27.6,2022.0,10.0,142.0,2.36666666666667,0.0049455984174085,0,14.0,3.605551275463989,2.344444444444445,1.7667714853600849,3,-1.1094003924504583,0.0125778700903672,0.7142857142857143
13193134,2022,5,17507.1,16338.1,1169.0,12000.0,14028000.0,0.0715505474932825,1,1150.2500000000002,210.83145770809924,13802040.000000006,2535279.5498053106,60,0.0889335974992857,0.0891262661813157,1.0163008041730055
13190208,2022,5,13792.5,12883.7,908.799999999999,9000.0,8179199.99999999,0.0705387427524701,1,940.471186440678,103.35158616277336,8464240.677966101,930164.2754649604,59,-0.3064412227868339,-0.3064412227868333,0.9663241289076144
14192934,2022,5,18936.8,18284.7,652.099999999999,9000.0,5868899.99999999,0.0356636969706912,1,621.3745762711865,136.1921912582771,5592371.186440678,1225729.7213244932,59,0.2256034170897826,0.2256034170897816,1.049447507030611
Q0245915,2022,5,1770.249,1702.646,67.6030000000001,120000.0,8112360.00000001,0.0397046714349313,1,60.67209302325582,17.88446336883331,7430185.7142857155,1932169.929421755,43,0.3875378776431474,0.3530612268241079,1.11423550155238
Q0245881,2022,5,148.756,147.879,0.87700000000001,20000.0,17540.0000000002,0.0059305242799857,1,5.491263888888889,3.54975705176635,110582.81690140846,71206.78268622402,72,-1.2998816036136425,-1.306656660944867,0.1597082234154774
Q0245703,2022,5,217.085,216.073,1.012,20000.0,20240.0,0.0046836023010741,1,7.250782608695652,4.617262983933441,147553.7777777778,91751.76558343042,46,-1.3511863262726356,-1.3875894046094477,0.1395711407464261
Q0245763,2022,5,151.482,150.174,1.30799999999999,40000.0,52319.9999999997,0.0087098965200366,1,5.324028169014084,2.556519765908508,212961.12676056335,102260.7906363403,71,-1.5708965847118814,-1.570896584711881,0.2456786400215851
Q0245756,2022,5,238.792,237.733,1.059,40000.0,42359.9999999999,0.0044545771937425,1,4.927042253521127,4.819802463162096,197081.69014084508,192792.09852648395,71,-0.8025312827827897,-0.80253128278279,0.2149362529300783
Q0245885,2022,5,702.492,702.311,0.180999999999926,20000.0,3619.99999999853,0.0002577205824768,1,10.859778378378376,18.73837633034432,344557.15068493143,1059402.593219086,74,-0.5698881370572958,-0.3218201964646565,0.0166670067927255
Q0245739,2022,5,1189.93,1153.899,36.0310000000002,10000.0,360310.000000002,0.0312254365416732,1,39.94781944444444,11.267900132210784,415160.42253521126,104383.1187971452,72,-0.3476086403399597,-0.5254721564873324,0.9019516084002688
Q0245809,2022,5,633.25,611.055,22.1950000000001,20000.0,443900.000000001,0.0363224259682027,1,23.615661971830985,5.396258698510247,487234.3661971831,137110.4789652949,71,-0.2632679512238894,-0.3160543710751006,0.9398423819952426
Q0245113,2022,5,1208.606,1188.436,20.1700000000001,40000.0,806800.000000003,0.0169718857389039,1,24.286676056338035,20.28085999217323,965589.014084507,813747.7718576561,71,-0.2029833082979043,-0.1951329632792899,0.8304965221758449
Q0245930,2022,5,1546.651,1502.36,44.2910000000002,40000.0,1771640.00000001,0.0294809499720441,1,77.40174999999999,143.8936639763133,2267442.5,526540.6872759613,72,-0.2301056841908635,-0.9416223892687304,0.5722222042783297
Q0245713,2022,5,563.233,525.16,38.073,40000.0,1522920.0,0.0724979054002589,1,32.79048611111111,15.874084052531863,1311619.4444444445,634963.3621012745,72,0.3327759807373799,0.3327759807373799,1.1610989806918082
20002075,2022,5,33.9,32.3,1.6,2000.0,3200.0,0.0495356037151702,1,1.057627118644068,1.1199143116590644,2162.71186440678,2283.818513313473,59,0.4842985536567075,0.4541902649209515,1.5128205128205126
20002088,2022,5,9697.6,8987.0,710.6,2000.0,1421200.0,0.0790697674418604,1,896.7833898305083,233.7418281117024,1815122.711864407,472306.7131964677,59,-0.7965343273585314,-0.8340400440180595,0.7923875576400932
Q0469696,2022,5,0.259,0.198,0.061,30000.0,1830.0,0.308080808080808,1,0.1675434782608695,0.0684068568758487,5026.304347826088,2052.2057062754616,46,-1.557497056972444,-1.5574970569724442,0.3640845984170235
Q0469732,2022,5,135.869,84.34,51.529,30000.0,1545870.0,0.6109675124496088,1,11.759176470588235,17.721981224124892,653498.6274509804,1177917.198062783,51,2.2440957941696267,0.757584127319496,4.382024551539224
Q0245916,2022,5,1127.977,1079.47,48.5070000000001,120000.0,5820840.00000001,0.044935940785756,1,44.12260294117647,12.08437567798017,5366090.149253732,1335301.248486868,68,0.3628153556010976,0.3405597435496975,1.099368504271356
KEB07711,2022,5,1155.35,1155.32,0.0299999999999727,20000.0,599.999999999454,2.596683170028451e-05,1,0.1834782608695662,0.7445452523857999,3669.5652173913177,14890.905047715944,46,-0.2061369142812907,-0.2061369142812909,0.1635071090045896
Q0245899,2022,5,235.796,228.596,7.19999999999999,20000.0,144000.0,0.0314966141139827,1,9.431333333333336,3.55236493731814,190886.19718309864,68898.3537511435,72,-0.6281261561538468,-0.6805125903653464,0.7634127376828999
Q0245701,2022,5,811.074,764.28,46.794,20000.0,935880.0,0.0612262521588946,1,30.7575,17.940807879931587,587681.0256410255,399980.85516549455,40,0.8938560686521965,0.8705391017150184,1.521385028041941
Q0245949,2022,5,1210.116,1179.637,30.479,20000.0,609580.000000001,0.0258376093662711,1,37.31822222222222,12.470915139988511,764864.2253521127,242559.7629313648,72,-0.5484138209145507,-0.6401895494763127,0.8167323678631828
Q0245773,2022,5,820.417,791.419,28.998,40000.0,1159920.0,0.0366405153275319,1,29.999624999999973,45.97636836445583,1004875.5555555556,577514.2749601826,72,-0.0217856484892426,0.2684685923220412,0.966612082651034
Q0245716,2022,5,722.743,694.216,28.527,40000.0,1141080.0,0.0410923977551655,1,21.62518055555556,14.921138887475545,876090.704225352,593584.408110889,72,0.4625531265738483,0.4464222647255664,1.319156615904941
Q0245675,2022,5,136.576,135.788,0.787999999999982,40000.0,31519.9999999993,0.0058031637552654,1,4.502444444444445,6.186569902144633,171208.25396825396,235012.7058921989,63,-0.6004045057596158,-0.5943859649542954,0.175016040669262
Q0245847,2022,5,1189.946,1104.049,85.8969999999999,20000.0,1717940.0,0.0778018004635663,1,54.00253333333333,32.792040365511475,1376707.7333333334,738008.7368551424,75,0.9726283058681244,0.4623688712964983,1.59061056394885
0.02430555555555556,2022,5,24.6,2022.0,15.0,34.0,0.566666666666667,0.0074183976261127,0,14.0,3.605551275463989,2.344444444444445,1.7667714853600849,3,0.2773500981126146,-1.006229607229285,1.0714285714285714
13193134,2022,6,18703.8,17507.1,1196.7,12000.0,14360400.0,0.0683551244923488,1,1150.2500000000002,210.83145770809924,13802040.000000006,2535279.5498053106,60,0.2203181655382322,0.2202360682642953,1.0403825255379264
13190208,2022,6,14723.4,13792.5,930.9,9000.0,8378100.0,0.0674932028276237,1,940.471186440678,103.35158616277336,8464240.677966101,930164.2754649604,59,-0.0926080266015853,-0.0926080266015828,0.9898229881163064
14192934,2022,6,19603.8,18936.8,667.0,9000.0,6003000.0,0.0352224240631997,1,621.3745762711865,136.1921912582771,5592371.186440678,1225729.7213244932,59,0.3350076337511064,0.3350076337511065,1.0734266020386731
Q0245915,2022,6,1839.5,1770.249,69.251,120000.0,8310120.0,0.0391193555256915,1,60.67209302325582,17.88446336883331,7430185.7142857155,1932169.929421755,43,0.4796848974341817,0.45541247294829,1.1413979071639389
Q0245881,2022,6,151.174,148.756,2.41800000000001,20000.0,48360.0000000001,0.0162548065288123,1,5.491263888888889,3.54975705176635,110582.81690140846,71206.78268622402,72,-0.8657673874778643,-0.8738327242728557,0.4403357858821227
Q0245703,2022,6,218.18,217.085,1.095,20000.0,21900.0,0.00504410714697,1,7.250782608695652,4.617262983933441,147553.7777777778,91751.76558343042,46,-1.3332103088162306,-1.369497109715236,0.1510181809459848
Q0245763,2022,6,153.571,151.482,2.089,40000.0,83559.9999999999,0.0137904173433147,1,5.324028169014084,2.556519765908508,212961.12676056335,102260.7906363403,71,-1.2654031516413702,-1.2654031516413715,0.3923720787500728
Q0245756,2022,6,240.275,238.792,1.483,40000.0,59320.0000000002,0.0062104258099098,1,4.927042253521127,4.819802463162096,197081.69014084508,192792.09852648395,71,-0.714560872534518,-0.7145608725345166,0.3009919387113373
Q0245885,2022,6,703.938,702.492,1.44600000000003,20000.0,28920.0000000005,0.0020583864300234,1,10.859778378378376,18.73837633034432,344557.15068493143,1059402.593219086,74,-0.5023796198998298,-0.2979388125961069,0.1331518885209471
Q0245739,2022,6,1226.558,1189.93,36.6279999999999,10000.0,366279.999999999,0.0307816426176328,1,39.94781944444444,11.267900132210784,415160.42253521126,104383.1187971452,72,-0.2946262751259568,-0.4682790004598818,0.9168961037019449
Q0245809,2022,6,656.546,633.25,23.296,20000.0,465920.000000001,0.0367879984208448,1,23.615661971830985,5.396258698510247,487234.3661971831,137110.4789652949,71,-0.0592377033219765,-0.1554539547818015,0.986463984273984
Q0245113,2022,6,1243.473,1208.606,34.867,40000.0,1394680.0,0.0288489383637016,1,24.286676056338035,20.28085999217323,965589.014084507,813747.7718576561,71,0.521690103267076,0.5273021945558719,1.435643145201043
Q0245930,2022,6,1589.805,1546.651,43.154,40000.0,1726160.0,0.0279015757271679,1,77.40174999999999,143.8936639763133,2267442.5,526540.6872759613,72,-0.2380073524685395,-1.0279974806891086,0.5575326139266878
Q0245713,2022,6,596.785,563.233,33.552,40000.0,1342080.0,0.0595703731848098,1,32.79048611111111,15.874084052531863,1311619.4444444445,634963.3621012745,72,0.0479721466995403,0.0479721466995404,1.0232236230444554
20002075,2022,6,35.3,33.9,1.4,2000.0,2800.0,0.0412979351032448,1,1.057627118644068,1.1199143116590644,2162.71186440678,2283.818513313473,59,0.3057134619957964,0.2790449993631989,1.3237179487179485
20002088,2022,6,10456.9,9697.6,759.299999999999,2000.0,1518600.0,0.0782977231479952,1,896.7833898305083,233.7418281117024,1815122.711864407,472306.7131964677,59,-0.5881847974800969,-0.6278181181410838,0.8466927561442752
Q0469696,2022,6,0.323,0.259,0.064,30000.0,1920.0,0.2471042471042471,1,0.1675434782608695,0.0684068568758487,5026.304347826088,2052.2057062754616,46,-1.5136418041950113,-1.5136418041950117,0.3819903983391722
Q0469732,2022,6,175.381,135.869,39.512,30000.0,1185360.0,0.2908095297676438,1,11.759176470588235,17.721981224124892,653498.6274509804,1177917.198062783,51,1.5660113380343677,0.4515269608285923,3.360099246645924
Q0245916,2022,6,1177.606,1127.977,49.6289999999999,120000.0,5955479.99999999,0.0439982375527159,1,44.12260294117647,12.08437567798017,5366090.149253732,1335301.248486868,68,0.4556625187395525,0.4413909231449763,1.1247976477309027
KEB07711,2022,6,1155.38,1155.35,0.0300000000002001,20000.0,600.000000004002,2.596615744164115e-05,1,0.1834782608695662,0.7445452523857999,3669.5652173913177,14890.905047715944,46,-0.2061369142809853,-0.2061369142809855,0.163507109005829
Q0245899,2022,6,242.872,235.796,7.07600000000002,20000.0,141520.0,0.0300089908225755,1,9.431333333333336,3.55236493731814,190886.19718309864,68898.3537511435,72,-0.6630324797405176,-0.7165076448909974,0.750265073867253
Q0245701,2022,6,858.583,811.074,47.509,20000.0,950180.0,0.0585754197520818,1,30.7575,17.940807879931587,587681.0256410255,399980.85516549455,40,0.9337093464301608,0.9062908128665016,1.5446313907177112
Q0245949,2022,6,1236.591,1210.116,26.4749999999999,20000.0,529499.999999998,0.0218780678877065,1,37.31822222222222,12.470915139988511,764864.2253521127,242559.7629313648,72,-0.8694808761430083,-0.9703349908810464,0.709438939570776
Q0245773,2022,6,851.212,820.417,30.795,40000.0,1231800.0,0.0375357897264439,1,29.999624999999973,45.97636836445583,1004875.5555555556,577514.2749601826,72,0.0172996482387445,0.392933048209224,1.0265128314103935
Q0245716,2022,6,754.388,722.743,31.645,40000.0,1265800.0,0.0437845817946351,1,21.62518055555556,14.921138887475545,876090.704225352,593584.408110889,72,0.6715184088833089,0.6565356004126128,1.4633403831567238
Q0245675,2022,6,136.576,136.576,0.0,40000.0,0.0,0.0,1,4.502444444444445,6.186569902144633,171208.25396825396,235012.7058921989,63,-0.7277771876276109,-0.7285063729566509,0.0
Q0245847,2022,6,1279.243,1189.946,89.297,20000.0,1785940.0,0.0750429011064367,1,54.00253333333333,32.792040365511475,1376707.7333333334,738008.7368551424,75,1.0763120035612996,0.5545087019030662,1.653570573232367
0.02430555555555556,2022,6,24.6,2022.0,17.0,246.0,4.1,0.0084075173095944,0,14.0,3.605551275463989,2.344444444444445,1.7667714853600849,3,0.8320502943378437,0.9936517371389176,1.2142857142857142
13193134,2022,7,19928.6,18703.8,1224.8,12000.0,14697600.0,0.0654840192901977,1,1150.2500000000002,210.83145770809924,13802040.000000006,2535279.5498053106,60,0.3535999836571629,0.3532391526878234,1.064811997391871
13190208,2022,7,15648.1,14723.4,924.700000000001,9000.0,8322300.00000001,0.0628047869377997,1,940.471186440678,103.35158616277336,8464240.677966101,930164.2754649604,59,-0.1525974300562585,-0.1525974300562544,0.9832305479763128
14192934,2022,7,20314.7,19603.8,710.900000000001,9000.0,6398100.00000001,0.0362633775084422,1,621.3745762711865,136.1921912582771,5592371.186440678,1225729.7213244932,59,0.6573462318337845,0.6573462318337858,1.1440764188745034
Q0245915,2022,7,1908.283,1839.5,68.7829999999999,120000.0,8253959.99999999,0.0373922261484098,1,60.67209302325582,17.88446336883331,7430185.7142857155,1932169.929421755,43,0.453516933076041,0.4263467064518528,1.1336843113956057
Q0245881,2022,7,152.474,151.174,1.29999999999998,20000.0,25999.9999999997,0.008599362324209,1,5.491263888888889,3.54975705176635,110582.81690140846,71206.78268622402,72,-1.1807185189767695,-1.1878477542529458,0.2367396698290936
Q0245703,2022,7,219.899,218.18,1.71899999999999,20000.0,34379.9999999999,0.007878815656797,1,7.250782608695652,4.617262983933441,147553.7777777778,91751.76558343042,46,-1.198065310107839,-1.233477928823815,0.2370778566631474
Q0245763,2022,7,155.352,153.571,1.78100000000001,40000.0,71240.0000000002,0.0115972416667209,1,5.324028169014084,2.556519765908508,212961.12676056335,102260.7906363403,71,-1.3858794351057917,-1.385879435105794,0.3345211451670098
Q0245756,2022,7,240.543,240.275,0.268000000000001,40000.0,10720.0,0.0011153886172094,1,4.927042253521127,4.819802463162096,197081.69014084508,192792.09852648395,71,-0.966645892467655,-0.9666458924676546,0.054393688182494
Q0245885,2022,7,704.171,703.938,0.233000000000061,20000.0,4660.00000000122,0.000330995059224,1,10.859778378378376,18.73837633034432,344557.15068493143,1059402.593219086,74,-0.5671130833875748,-0.3208385111198599,0.0214553181365063
Q0245739,2022,7,1264.114,1226.558,37.556,10000.0,375560.0,0.0306190167933354,1,39.94781944444444,11.267900132210784,415160.42253521126,104383.1187971452,72,-0.2122684276910753,-0.3793757361491511,0.9401264079564904
Q0245809,2022,7,678.626,656.546,22.0799999999999,20000.0,441599.999999999,0.0336305453083255,1,23.615661971830985,5.396258698510247,487234.3661971831,137110.4789652949,71,-0.2845790125397506,-0.3328291647842245,0.9349727323475904
Q0245113,2022,7,1268.806,1243.473,25.3330000000001,40000.0,1013320.0,0.0203727785002168,1,24.286676056338035,20.28085999217323,965589.014084507,813747.7718576561,71,0.051591695029987,0.0586557500569627,1.0430822209360762
Q0245930,2022,7,1638.232,1589.805,48.4269999999999,40000.0,1937080.0,0.030460968483556,1,77.40174999999999,143.8936639763133,2267442.5,526540.6872759613,72,-0.2013622365246721,-0.627420649502165,0.6256576886181502
Q0245713,2022,7,620.421,596.785,23.6360000000001,40000.0,945440.000000003,0.0396055530886334,1,32.79048611111111,15.874084052531863,1311619.4444444445,634963.3621012745,72,-0.5766938162111406,-0.576693816211142,0.7208188350703042
20002075,2022,7,36.0,35.3,0.700000000000003,2000.0,1400.00000000001,0.0198300283286119,1,1.057627118644068,1.1199143116590644,2162.71186440678,2283.818513313473,59,-0.3193343588173891,-0.3339634300889308,0.661858974358977
20002088,2022,7,11279.7,10456.9,822.800000000001,2000.0,1645600.0,0.0786848874905565,1,896.7833898305083,233.7418281117024,1815122.711864407,472306.7131964677,59,-0.3165175459958822,-0.3589250525725425,0.9175013825306352
Q0469696,2022,7,0.396,0.323,0.073,30000.0,2190.0,0.2260061919504643,1,0.1675434782608695,0.0684068568758487,5026.304347826088,2052.2057062754616,46,-1.3820760458627137,-1.382076045862714,0.4357077981056182
Q0469732,2022,7,212.582,175.381,37.201,40000.0,1488040.0,0.2121153374652898,1,11.759176470588235,17.721981224124892,653498.6274509804,1177917.198062783,51,1.435608310812217,0.7084889955945259,3.1635718787830283
Q0245916,2022,7,1230.506,1177.606,52.9000000000001,120000.0,6348000.00000001,0.0449216461193303,1,44.12260294117647,12.08437567798017,5366090.149253732,1335301.248486868,68,0.7263426173366633,0.7353470625890268,1.1989319866401698
KEB07711,2022,7,1155.41,1155.38,0.0299999999999727,20000.0,599.999999999454,2.596548321761905e-05,1,0.1834782608695662,0.7445452523857999,3669.5652173913177,14890.905047715944,46,-0.2061369142812907,-0.2061369142812909,0.1635071090045896
Q0245899,2022,7,250.19,242.872,7.31799999999998,20000.0,146360.0,0.0301310978622483,1,9.431333333333336,3.55236493731814,190886.19718309864,68898.3537511435,72,-0.5949088482245906,-0.6462592320264204,0.7759242242171462
Q0245701,2022,7,905.211,858.583,46.628,20000.0,932560.000000001,0.0543080866963357,1,30.7575,17.940807879931587,587681.0256410255,399980.85516549455,40,0.8846034195457043,0.8622387044406906,1.5159879704137202
Q0245949,2022,7,1262.826,1236.591,26.2350000000001,20000.0,524700.000000003,0.0212155838106537,1,37.31822222222222,12.470915139988511,764864.2253521127,242559.7629313648,72,-0.888725654678164,-0.9901239284277624,0.7030077650477602
Q0245773,2022,7,885.031,851.212,33.819,40000.0,1352760.0,0.0397304079359783,1,29.999624999999973,45.97636836445583,1004875.5555555556,577514.2749601826,72,0.083072568275157,0.6023824163799757,1.127314091426144
Q0245716,2022,7,788.27,754.388,33.8819999999999,40000.0,1355280.0,0.0449132276759438,1,21.62518055555556,14.921138887475545,876090.704225352,593584.408110889,72,0.8214399408032071,0.8072807998776298,1.5667846061657755
Q0245675,2022,7,138.72,136.576,2.14400000000001,40000.0,85760.0000000002,0.0156982193064668,1,4.502444444444445,6.186569902144633,171208.25396825396,235012.7058921989,63,-0.3812200430527518,-0.3635899329096239,0.476185775628056
Q0245847,2022,7,1369.964,1279.243,90.721,20000.0,1814420.0,0.0709177224342834,1,54.00253333333333,32.792040365511475,1376707.7333333334,738008.7368551424,75,1.1197371757716166,0.5930990309571111,1.6799397065322863
0.04513888888888889,2022,7,28.0666666666667,2022.0,10.0,319.0,5.31666666666667,0.0049455984174085,0,10.0,12.654643598964242,5.31666666666667,399980.85516549455,1,-0.104794986695801,-0.0703827710098905,1.0
13193134,2022,8,21146.0,19928.6,1217.4,12000.0,14608800.0,0.0610880844615276,1,1150.2500000000002,210.83145770809924,13802040.000000006,2535279.5498053106,60,0.3185008571774451,0.3182134293876772,1.058378613344925
13190208,2022,8,16566.2,15648.1,918.1,9000.0,8262900.0,0.0586716598181248,1,940.471186440678,103.35158616277336,8464240.677966101,930164.2754649604,59,-0.2164571176048005,-0.2164571176047984,0.9762127891176076
14192934,2022,8,21022.2,20314.7,707.5,9000.0,6367500.0,0.0348269971990725,1,621.3745762711865,136.1921912582771,5592371.186440678,1225729.7213244932,59,0.6323815112533425,0.6323815112533427,1.1386046790740048
Q0245915,2022,8,1976.564,1908.283,68.2810000000002,120000.0,8193720.00000002,0.0357813804346631,1,60.67209302325582,17.88446336883331,7430185.7142857155,1932169.929421755,43,0.4254478772901953,0.3951693244407384,1.1254103261911184
Q0245881,2022,8,154.656,152.474,2.18200000000002,20000.0,43640.0000000003,0.014310636567546,1,5.491263888888889,3.54975705176635,110582.81690140846,71206.78268622402,72,-0.9322508105849632,-0.9401185445548744,0.3973584304362268
Q0245703,2022,8,223.053,219.899,3.154,20000.0,63079.9999999999,0.0143429483535623,1,7.250782608695652,4.617262983933441,147553.7777777778,91751.76558343042,46,-0.8872751287832447,-0.9206774086648548,0.4349875275832294
Q0245763,2022,8,157.917,155.352,2.565,40000.0,102600.0,0.0165108913950254,1,5.324028169014084,2.556519765908508,212961.12676056335,102260.7906363403,71,-1.0792125317418035,-1.079212531741804,0.4817780670148093
Q0245756,2022,8,240.619,240.543,0.0759999999999934,40000.0,3039.99999999974,0.000315951825661,1,4.927042253521127,4.819802463162096,197081.69014084508,192792.09852648395,71,-1.006481549938572,-1.0064815499385713,0.0154250757532431
Q0245885,2022,8,704.171,704.171,0.0,20000.0,0.0,0.0,1,10.859778378378376,18.73837633034432,344557.15068493143,1059402.593219086,74,-0.5795474584845649,-0.3252372166071114,0.0
Q0245739,2022,8,1299.976,1264.114,35.8620000000001,10000.0,358620.000000001,0.0283692768215525,1,39.94781944444444,11.267900132210784,415160.42253521126,104383.1187971452,72,-0.3626069983318793,-0.5416625138887554,0.8977210896297732
Q0245809,2022,8,700.486,678.626,21.86,20000.0,437200.0,0.0322121463073917,1,23.615661971830985,5.396258698510247,487234.3661971831,137110.4789652949,71,-0.3253479994047863,-0.3649200744886003,0.9256568808477544
Q0245113,2022,8,1294.404,1268.806,25.598,40000.0,1023920.0,0.0201748730696418,1,24.286676056338035,20.28085999217323,965589.014084507,813747.7718576561,71,0.0646582020766392,0.0716818993953527,1.0539935535278715
Q0245930,2022,8,1688.355,1638.232,50.123,40000.0,2004920.0,0.0305957886306701,1,77.40174999999999,143.8936639763133,2267442.5,526540.6872759613,72,-0.1895757550832149,-0.4985797039885947,0.6475693379025669
Q0245713,2022,8,646.146,620.421,25.7249999999999,40000.0,1029000.0,0.0414637802395468,1,32.79048611111111,15.874084052531863,1311619.4444444445,634963.3621012745,72,-0.4450956721489885,-0.445095672148982,0.7845263383052727
20002075,2022,8,36.7,36.0,0.700000000000003,2000.0,1400.00000000001,0.0194444444444445,1,1.057627118644068,1.1199143116590644,2162.71186440678,2283.818513313473,59,-0.3193343588173891,-0.3339634300889308,0.661858974358977
20002088,2022,8,12110.1,11279.7,830.4,2000.0,1660800.0,0.0736189792281709,1,896.7833898305083,233.7418281117024,1815122.711864407,472306.7131964677,59,-0.2840030403064381,-0.3267425754336305,0.9259761157674266
Q0469696,2022,8,0.482,0.396,0.086,30000.0,2580.0,0.2171717171717171,1,0.1675434782608695,0.0684068568758487,5026.304347826088,2052.2057062754616,46,-1.1920366171605057,-1.192036617160506,0.5132995977682626
Q0469732,2022,8,248.008,212.582,35.426,40000.0,1417040.0,0.166646282375742,1,11.759176470588235,17.721981224124892,653498.6274509804,1177917.198062783,51,1.3354502089864633,0.6482131119273484,3.012625934189069
Q0245916,2022,8,1283.146,1230.506,52.6399999999999,120000.0,6316799.99999999,0.0427791493905758,1,44.12260294117647,12.08437567798017,5366090.149253732,1335301.248486868,68,0.7048272319391402,0.7119815486007971,1.1930393152502514
KEB07711,2022,8,1155.45,1155.41,0.0399999999999636,20000.0,799.999999999272,3.4619745371741286e-05,1,0.1834782608695662,0.7445452523857999,3669.5652173913177,14890.905047715944,46,-0.1927058972034876,-0.1927058972034877,0.2180094786727861
Q0245899,2022,8,256.89,250.19,6.69999999999999,20000.0,134000.0,0.0267796474679243,1,9.431333333333336,3.55236493731814,190886.19718309864,68898.3537511435,72,-0.7688774609388432,-0.8256539392591004,0.7103979642326984
Q0245701,2022,8,952.523,905.211,47.312,20000.0,946240.0,0.0522662672017905,1,30.7575,17.940807879931587,587681.0256410255,399980.85516549455,40,0.9227287929724558,0.8964403414023866,1.5382264488336177
Q0245949,2022,8,1285.681,1262.826,22.855,20000.0,457100.0,0.0180982969942018,1,37.31822222222222,12.470915139988511,764864.2253521127,242559.7629313648,72,-1.1597562857151749,-1.2688181322109813,0.6124353905152086
Q0245773,2022,8,912.862,885.031,27.831,40000.0,1113240.0,0.0314463561163394,1,29.999624999999973,45.97636836445583,1004875.5555555556,577514.2749601826,72,-0.0471682535429773,0.1876394214704317,0.9277115963949556
Q0245716,2022,8,822.226,788.27,33.956,40000.0,1358240.0,0.0430766108059421,1,21.62518055555556,14.921138887475545,876090.704225352,593584.408110889,72,0.8263993477598851,0.8122674537714212,1.5702065429126155
Q0245675,2022,8,149.15,138.72,10.43,40000.0,417200.0,0.0751874279123414,1,4.502444444444445,6.186569902144633,171208.25396825396,235012.7058921989,63,0.958132802071906,1.0467167938765969,2.316519421548788
Q0245847,2022,8,1459.765,1369.964,89.8010000000002,20000.0,1796020.0,0.0655498976615445,1,54.00253333333333,32.792040365511475,1376707.7333333334,738008.7368551424,75,1.0916815869840584,0.568167076792981,1.6629034687261623
0.4916666666666666,2022,8,26.45,20.0,10.0,473.0,7.88333333333333,0.5,0,10.0,12.654643598964242,7.88333333333333,399980.85516549455,1,-0.104794986695801,-0.0703827710098905,1.0
13193134,2022,9,22389.4,21146.0,1243.4,12000.0,14920800.0,0.0588007188120684,1,1150.2500000000002,210.83145770809924,13802040.000000006,2535279.5498053106,60,0.4418221123764561,0.441276781523326,1.080982395131493
13190208,2022,9,17524.6,16566.2,958.399999999998,9000.0,8625599.99999998,0.0578527362943824,1,940.471186440678,103.35158616277336,8464240.677966101,930164.2754649604,59,0.1734740048506169,0.1734740048506161,1.0190636500275714
14192934,2022,9,21723.9,21022.2,701.700000000001,9000.0,6315300.00000001,0.0333789993435511,1,621.3745762711865,136.1921912582771,5592371.186440678,1225729.7213244932,59,0.5897946349690787,0.5897946349690802,1.1292705347084526
Q0245915,2022,9,2047.841,1976.564,71.2769999999998,120000.0,8553239.99999998,0.0360610635425919,1,60.67209302325582,17.88446336883331,7430185.7142857155,1932169.929421755,43,0.5929675807452417,0.5812399150888158,1.1747905247422252
Q0245881,2022,9,157.757,154.656,3.101,20000.0,62020.0,0.0200509517897786,1,5.491263888888889,3.54975705176635,110582.81690140846,71206.78268622402,72,-0.6733598536551958,-0.6819970664227698,0.5647151662615619
Q0245703,2022,9,226.641,223.053,3.58799999999999,20000.0,71759.9999999999,0.01608586300117,1,7.250782608695652,4.617262983933441,147553.7777777778,91751.76558343042,46,-0.7932800495533703,-0.8260743245192179,0.4948431353736914
Q0245763,2022,9,160.734,157.917,2.81700000000001,40000.0,112680.0,0.0178384847736469,1,5.324028169014084,2.556519765908508,212961.12676056335,102260.7906363403,71,-0.980641027089088,-0.9806410270890922,0.5291106490373187
Q0245756,2022,9,240.767,240.619,0.147999999999996,40000.0,5919.99999999985,0.0006150802721314,1,4.927042253521127,4.819802463162096,197081.69014084508,192792.09852648395,71,-0.991543178386978,-0.9915431783869776,0.0300383054142122
Q0245885,2022,9,704.171,704.171,0.0,20000.0,0.0,0.0,1,10.859778378378376,18.73837633034432,344557.15068493143,1059402.593219086,74,-0.5795474584845649,-0.3252372166071114,0.0
Q0245739,2022,9,1333.219,1299.976,33.2429999999999,10000.0,332429.999999999,0.0255720105601948,1,39.94781944444444,11.267900132210784,415160.42253521126,104383.1187971452,72,-0.5950371733663067,-0.7925651531450013,0.8321605650148451
Q0245809,2022,9,722.937,700.486,22.451,20000.0,449020.0,0.0320506048657646,1,23.615661971830985,5.396258698510247,487234.3661971831,137110.4789652949,71,-0.2158276755991172,-0.2787122216009166,0.9506826455586888
Q0245113,2022,9,1321.642,1294.404,27.2380000000001,40000.0,1089520.0,0.0210428892370543,1,24.286676056338035,20.28085999217323,965589.014084507,813747.7718576561,71,0.145522623044636,0.1522965594518045,1.121520291077126
Q0245930,2022,9,1732.229,1688.355,43.874,40000.0,1754960.0,0.0259862410452778,1,77.40174999999999,143.8936639763133,2267442.5,526540.6872759613,72,-0.2330036575169778,-0.973300852876744,0.5668347291889396
Q0245713,2022,9,674.208,646.146,28.062,40000.0,1122480.0,0.0434298130763016,1,32.79048611111111,15.874084052531863,1311619.4444444445,634963.3621012745,72,-0.297874579437982,-0.297874579437982,0.8557970109046705
20002075,2022,9,37.4,36.7,0.699999999999996,2000.0,1399.99999999999,0.0190735694822887,1,1.057627118644068,1.1199143116590644,2162.71186440678,2283.818513313473,59,-0.3193343588173954,-0.3339634300889396,0.6618589743589705
20002088,2022,9,13103.7,12110.1,993.6,2000.0,1987200.0,0.0820472167859885,1,896.7833898305083,233.7418281117024,1815122.711864407,472306.7131964677,59,0.4142031871301366,0.3643337757598487,1.107959861062759
Q0469696,2022,9,0.554,0.482,0.0720000000000001,30000.0,2160.0,0.149377593360996,1,0.1675434782608695,0.0684068568758487,5026.304347826088,2052.2057062754616,46,-1.3966944634551894,-1.3966944634551914,0.4297391981315694
Q0469732,2022,9,285.403,248.008,37.395,40000.0,1495800.0,0.1507814264055998,1,11.759176470588235,17.721981224124892,653498.6274509804,1177917.198062783,51,1.446555168138525,0.715076894992516,3.180069632727382
Q0245916,2022,9,1335.347,1283.146,52.201,120000.0,6264120.0,0.0406820424176204,1,44.12260294117647,12.08437567798017,5366090.149253732,1335301.248486868,68,0.6684993312102814,0.6725297769053198,1.1830897662495914
KEB07711,2022,9,1155.52,1155.45,0.0699999999999363,20000.0,1399.99999999873,6.058245705131013e-05,1,0.1834782608695662,0.7445452523857999,3669.5652173913177,14890.905047715944,46,-0.1524128459700783,-0.152412845970078,0.3815165876773757
Q0245899,2022,9,263.785,256.89,6.89500000000004,20000.0,137900.000000001,0.0268402818326911,1,9.431333333333336,3.55236493731814,190886.19718309864,68898.3537511435,72,-0.7139844520726806,-0.769048813190522,0.7310737258782822
Q0245701,2022,9,999.606,952.523,47.083,20000.0,941659.999999999,0.0494297775486786,1,30.7575,17.940807879931587,587681.0256410255,399980.85516549455,40,0.9099645963134996,0.8849897933552656,1.530781110298301
Q0245949,2022,9,1308.146,1285.681,22.4649999999999,20000.0,449299.999999998,0.0174732301402913,1,37.31822222222222,12.470915139988511,764864.2253521127,242559.7629313648,72,-1.1910290508348371,-1.3009751557244362,0.6019847319152964
Q0245773,2022,9,944.335,912.862,31.4730000000001,40000.0,1258920.0,0.0344772813415391,1,29.999624999999973,45.97636836445583,1004875.5555555556,577514.2749601826,72,0.0320463545167518,0.4398929263903647,1.049113113913928
Q0245716,2022,9,849.877,822.226,27.651,40000.0,1106040.0,0.0336294400809509,1,21.62518055555556,14.921138887475545,876090.704225352,593584.408110889,72,0.4038444712489323,0.3873910645774417,1.2786482836045685
Q0245675,2022,9,159.48,149.15,10.33,40000.0,413199.999999999,0.0692591350988937,1,4.502444444444445,6.186569902144633,171208.25396825396,235012.7058921989,63,0.9419687561495712,1.0296964375311155,2.294309264103449
Q0245847,2022,9,1552.745,1459.765,92.9799999999998,20000.0,1859600.0,0.0636951838138329,1,54.00253333333333,32.792040365511475,1376707.7333333334,738008.7368551424,75,1.1886258443271625,0.654317818410122,1.7217710774062416
13193134,2022,10,23576.0,22389.4,1186.6,12000.0,14239200.0,0.0529982938354757,1,1150.2500000000002,210.83145770809924,13802040.000000006,2535279.5498053106,60,0.1724126010186157,0.1724306891654472,1.0316018256900672
13190208,2022,10,18483.3,17524.6,958.700000000001,9000.0,8628300.00000001,0.054705956198715,1,940.471186440678,103.35158616277336,8464240.677966101,930164.2754649604,59,0.176376717921033,0.176376717921036,1.0193826390666063
14192934,2022,10,22349.7,21723.9,625.799999999999,9000.0,5632199.99999999,0.0288069821717094,1,621.3745762711865,136.1921912582771,5592371.186440678,1225729.7213244932,59,0.0324939608352444,0.032493960835243,1.0071219903385316
Q0245915,2022,10,2119.131,2047.841,71.29,120000.0,8554800.0,0.0348122730231497,1,60.67209302325582,17.88446336883331,7430185.7142857155,1932169.929421755,43,0.5936944686440903,0.5820472974915051,1.1750047912913488
Q0245881,2022,10,168.164,157.757,10.407,20000.0,208140.0,0.0659685465621176,1,5.491263888888889,3.54975705176635,110582.81690140846,71206.78268622402,72,1.3848091684655022,1.3700546411215035,1.8951921107010885
Q0245703,2022,10,230.103,226.641,3.46200000000002,20000.0,69240.0000000003,0.0152752591102228,1,7.250782608695652,4.617262983933441,147553.7777777778,91751.76558343042,46,-0.8205689435233279,-0.8535397360453661,0.4774657008538836
Q0245763,2022,10,163.379,160.734,2.64499999999998,40000.0,105799.999999999,0.0164557592046485,1,5.324028169014084,2.556519765908508,212961.12676056335,102260.7906363403,71,-1.0479199905822203,-1.0479199905822227,0.4968042835298873
Q0245756,2022,10,240.901,240.767,0.134000000000015,40000.0,5360.00000000058,0.0005565546773437,1,4.927042253521127,4.819802463162096,197081.69014084508,192792.09852648395,71,-0.9944478617442284,-0.994447861744228,0.0271968440912499
Q0245885,2022,10,704.171,704.171,0.0,20000.0,0.0,0.0,1,10.859778378378376,18.73837633034432,344557.15068493143,1059402.593219086,74,-0.5795474584845649,-0.3252372166071114,0.0
Q0245739,2022,10,1371.13,1333.219,37.9110000000001,10000.0,379110.000000001,0.0284356883602769,1,39.94781944444444,11.267900132210784,415160.42253521126,104383.1187971452,72,-0.1807630011400103,-0.3453664055130361,0.9490130006400735
Q0245809,2022,10,735.295,722.937,12.3579999999999,20000.0,247159.999999999,0.0170941589654422,1,23.615661971830985,5.396258698510247,487234.3661971831,137110.4789652949,71,-2.086197604821838,-1.7509556381751914,0.5232967856137446
Q0245113,2022,10,1345.062,1321.642,23.4199999999998,40000.0,936799.999999994,0.0177203811622207,1,24.286676056338035,20.28085999217323,965589.014084507,813747.7718576561,71,-0.0427336935747646,-0.0353783015820643,0.9643147520752614
Q0245930,2022,10,1792.067,1732.229,59.838,40000.0,2393520.0,0.0345439315471568,1,77.40174999999999,143.8936639763133,2267442.5,526540.6872759613,72,-0.1220606211187395,0.2394449337851881,0.773083295920312
Q0245713,2022,10,699.552,674.208,25.3440000000001,40000.0,1013760.0,0.0375907731738574,1,32.79048611111111,15.874084052531863,1311619.4444444445,634963.3621012745,72,-0.4690970569683557,-0.469097056968362,0.7729071144026818
20002075,2022,10,45.3,37.4,7.9,2000.0,15800.0,0.2112299465240641,1,1.057627118644068,1.1199143116590644,2162.71186440678,2283.818513313473,59,6.109728940975402,5.971266129990159,7.469551282051281
20002088,2022,10,13974.4,13103.7,870.699999999999,2000.0,1741400.0,0.0664468814151727,1,896.7833898305083,233.7418281117024,1815122.711864407,472306.7131964677,59,-0.1115905956637096,-0.1560907558680838,0.970914503851996
Q0469696,2022,10,0.627,0.554,0.073,30000.0,2190.0,0.131768953068592,1,0.1675434782608695,0.0684068568758487,5026.304347826088,2052.2057062754616,46,-1.3820760458627137,-1.382076045862714,0.4357077981056182
Q0469732,2022,10,320.732,285.403,35.329,40000.0,1413160.0,0.1237863652449343,1,11.759176470588235,17.721981224124892,653498.6274509804,1177917.198062783,51,1.3299767803233091,0.6449191622283534,3.004377057216892
Q0245916,2022,10,1381.899,1335.347,46.5519999999999,120000.0,5586239.99999999,0.034861350645188,1,44.12260294117647,12.08437567798017,5366090.149253732,1335301.248486868,68,0.2010362077082903,0.1648690518306088,1.055060148243345
KEB07711,2022,10,1155.59,1155.52,0.0699999999999363,20000.0,1399.99999999873,6.0578787039546086e-05,1,0.1834782608695662,0.7445452523857999,3669.5652173913177,14890.905047715944,46,-0.1524128459700783,-0.152412845970078,0.3815165876773757
Q0245899,2022,10,271.295,263.785,7.50999999999999,20000.0,150200.0,0.0284701556191595,1,9.431333333333336,3.55236493731814,190886.19718309864,68898.3537511435,72,-0.5408603471871493,-0.590524954051219,0.7962818972220247
Q0245701,2022,10,1046.674,999.606,47.068,20000.0,941360.0,0.047086552101528,1,30.7575,17.940807879931587,587681.0256410255,399980.85516549455,40,0.9091285135629128,0.8842397574569854,1.5302934243680402
Q0245949,2022,10,1329.053,1308.146,20.9070000000002,20000.0,418140.000000003,0.0159821610126088,1,37.31822222222222,12.470915139988511,764864.2253521127,242559.7629313648,72,-1.31595973815897,-1.4294383419653136,0.5602356906366917
Q0245773,2022,10,969.943,944.335,25.6079999999999,40000.0,1024320.0,0.0271174953803469,1,29.999624999999973,45.97636836445583,1004875.5555555556,577514.2749601826,72,-0.0955191798792708,0.0336692014163374,0.8536106701333741
Q0245716,2022,10,873.173,849.877,23.296,40000.0,931840.000000002,0.0274110253601403,1,21.62518055555556,14.921138887475545,876090.704225352,593584.408110889,72,0.1119766699475527,0.0939197442063459,1.0772626818144742
Q0245675,2022,10,163.366,159.48,3.88600000000002,40000.0,155440.000000001,0.0243666917481817,1,4.502444444444445,6.186569902144633,171208.25396825396,235012.7058921989,63,-0.0996423630856783,-0.0670953253714117,0.8630867183258519
Q0245847,2022,10,1646.573,1552.745,93.8280000000002,20000.0,1876560.0,0.0604271789637063,1,54.00253333333333,32.792040365511475,1376707.7333333334,738008.7368551424,75,1.21448577834006,0.6772985761614072,1.7374740444275492
13193134,2022,11,24830.3,23576.0,1254.3,12000.0,15051600.0,0.0532024092297251,1,1150.2500000000002,210.83145770809924,13802040.000000006,2535279.5498053106,60,0.4935221770560408,0.4928687253032711,1.0904585959574002
13190208,2022,11,19481.2,18483.3,997.900000000001,9000.0,8981100.00000001,0.0539892768066309,1,940.471186440678,103.35158616277336,8464240.677966101,930164.2754649604,59,0.5556645591183813,0.555664559118384,1.0610638735001217
14192934,2022,11,23026.4,22349.7,676.700000000001,9000.0,6090300.00000001,0.0302778113352752,1,621.3745762711865,136.1921912582771,5592371.186440678,1225729.7213244932,59,0.4062305130541181,0.4062305130541196,1.0890371538224457
Q0245915,2022,11,2193.332,2119.131,74.201,120000.0,8904120.0,0.0350148244728617,1,60.67209302325582,17.88446336883331,7430185.7142857155,1932169.929421755,43,0.7564614435298391,0.7628388493528581,1.22298401625206
Q0245881,2022,11,172.309,168.164,4.14500000000001,20000.0,82900.0000000002,0.0246485573606717,1,5.491263888888889,3.54975705176635,110582.81690140846,71206.78268622402,72,-0.3792552192322517,-0.3887665733107738,0.7548353318781619
Q0245703,2022,11,233.99,230.103,3.887,20000.0,77740.0,0.0168924351268779,1,7.250782608695652,4.617262983933441,147553.7777777778,91751.76558343042,46,-0.728523071005596,-0.7608984670087436,0.5360800633215005
Q0245763,2022,11,166.449,163.379,3.07000000000002,40000.0,122800.000000001,0.0187906646509038,1,5.324028169014084,2.556519765908508,212961.12676056335,102260.7906363403,71,-0.8816783656718774,-0.8816783656718757,0.5766310587662667
Q0245756,2022,11,241.095,240.901,0.193999999999988,40000.0,7759.99999999954,0.0008053100651304,1,4.927042253521127,4.819802463162096,197081.69014084508,192792.09852648395,71,-0.9819992187845727,-0.9819992187845724,0.0393745354753849
Q0245885,2022,11,704.171,704.171,0.0,20000.0,0.0,0.0,1,10.859778378378376,18.73837633034432,344557.15068493143,1059402.593219086,74,-0.5795474584845649,-0.3252372166071114,0.0
Q0245739,2022,11,1401.692,1371.13,30.5619999999999,10000.0,305619.999999999,0.0222896443079794,1,39.94781944444444,11.267900132210784,415160.42253521126,104383.1187971452,72,-0.832969704587098,-1.0494074501461257,0.7650480157622264
Q0245809,2022,11,756.954,735.295,21.659,20000.0,433180.0,0.0294562046525544,1,23.615661971830985,5.396258698510247,487234.3661971831,137110.4789652949,71,-0.3625960283133135,-0.3942394965366959,0.917145580159264
Q0245113,2022,11,1367.918,1345.062,22.856,40000.0,914240.0,0.016992525251624,1,24.286676056338035,20.28085999217323,965589.014084507,813747.7718576561,71,-0.0705431651759421,-0.0631018797965927,0.9410921423327226
Q0245930,2022,11,1847.78,1792.067,55.713,40000.0,2228520.0,0.0310886813941666,1,77.40174999999999,143.8936639763133,2267442.5,526540.6872759613,72,-0.1507276234453953,-0.0739211630564849,0.7197899272303275
Q0245713,2022,11,727.885,699.552,28.333,40000.0,1133320.0,0.0405016353323269,1,32.79048611111111,15.874084052531863,1311619.4444444445,634963.3621012745,72,-0.2808027282934888,-0.2808027282934887,0.8640616032343392
20002075,2022,11,46.1,45.3,0.800000000000004,2000.0,1600.00000000001,0.0176600441501104,1,1.057627118644068,1.1199143116590644,2162.71186440678,2283.818513313473,59,-0.2300418129869327,-0.2463907973100545,0.75641025641026
20002088,2022,11,14934.3,13974.4,959.9,2000.0,1919800.0,0.0686898900847263,1,896.7833898305083,233.7418281117024,1815122.711864407,472306.7131964677,59,0.27002702374403,0.2216298968675678,1.0703811097364555
Q0469696,2022,11,0.693,0.627,0.0659999999999999,30000.0,1980.0,0.1052631578947367,1,0.1675434782608695,0.0684068568758487,5026.304347826088,2052.2057062754616,46,-1.4844049690100576,-1.4844049690100567,0.3939275982872708
Q0469732,2022,11,361.286,320.732,40.554,40000.0,1622160.0,0.1264420138932192,1,11.759176470588235,17.721981224124892,653498.6274509804,1177917.198062783,51,1.6248083758385568,0.8223509887979322,3.4487108941202367
Q0245916,2022,11,1432.244,1381.899,50.345,120000.0,6041400.0,0.0364317508008906,1,44.12260294117647,12.08437567798017,5366090.149253732,1335301.248486868,68,0.5149125800650024,0.5057359539740666,1.1410251581738986
KEB07711,2022,11,1155.65,1155.59,0.0600000000001728,20000.0,1200.00000000346,5.192152926225807e-05,1,0.1834782608695662,0.7445452523857999,3669.5652173913177,14890.905047715944,46,-0.1658438630475759,-0.1658438630475757,0.3270142180104186
Q0245899,2022,11,281.727,271.295,10.432,20000.0,208639.999999999,0.038452606940784,1,9.431333333333336,3.55236493731814,190886.19718309864,68898.3537511435,72,0.2816902779763724,0.2576810888838647,1.1061002332650032
Q0245701,2022,11,1092.392,1046.674,45.7180000000001,20000.0,914360.000000002,0.0436793118010002,1,30.7575,17.940807879931587,587681.0256410255,399980.85516549455,40,0.8338810660101195,0.8167365266115325,1.4864016906445616
Q0245949,2022,11,1361.49,1329.053,32.4369999999999,20000.0,648739.999999998,0.0244060996815024,1,37.31822222222222,12.470915139988511,764864.2253521127,242559.7629313648,72,-0.3914085026984488,-0.4787448006575328,0.8692000333468283
Q0245773,2022,11,1000.474,969.943,30.5310000000001,40000.0,1221240.0,0.0314771074176524,1,29.999624999999973,45.97636836445583,1004875.5555555556,577514.2749601826,72,0.0115575679181074,0.3746477859086028,1.0177127214090218
Q0245716,2022,11,899.79,873.173,26.617,40000.0,1064680.0,0.0304830772366988,1,21.62518055555556,14.921138887475545,876090.704225352,593584.408110889,72,0.3345468118813948,0.3177126844939247,1.2308336539258182
Q0245675,2022,11,166.299,163.366,2.93299999999999,40000.0,117320.0,0.0179535521467134,1,4.502444444444445,6.186569902144633,171208.25396825396,235012.7058921989,63,-0.2536857207255336,-0.2292993213438114,0.651423917871771
Q0245847,2022,11,1735.134,1646.573,88.5609999999999,20000.0,1771220.0,0.0537850432382894,1,54.00253333333333,32.792040365511475,1376707.7333333334,738008.7368551424,75,1.053867532531245,0.5345631385717621,1.6399415829874628
0.1055555555555556,2022,11,28.4333333333333,22.0,12.0,368.0,6.13333333333333,0.5454545454545454,0,12.0,12.654643598964242,6.13333333333333,399980.85516549455,1,-0.104794986695801,-0.0703827710098905,1.0
13193134,2022,12,26137.9,24830.3,1307.6,12000.0,15691200.0,0.0526614660314212,1,1150.2500000000002,210.83145770809924,13802040.000000006,2535279.5498053106,60,0.7463307502140131,0.7451485971813511,1.136796348619865
13190208,2022,12,20533.0,19481.2,1051.8,9000.0,9466199.99999999,0.0539905139313799,1,940.471186440678,103.35158616277336,8464240.677966101,930164.2754649604,59,1.0771853407647245,1.0771853407647172,1.1183755708462038
14192934,2022,12,23720.6,23026.4,694.199999999997,9000.0,6247799.99999997,0.0301480040301565,1,621.3745762711865,136.1921912582771,5592371.186440678,1225729.7213244932,59,0.5347253983945613,0.5347253983945593,1.117200520442644
Q0245915,2022,12,2271.527,2193.332,78.1950000000002,120000.0,9383400.00000002,0.035651237477956,1,60.67209302325582,17.88446336883331,7430185.7142857155,1932169.929421755,43,0.9797837718341053,1.010891565991221,1.2888132929587215
Q0245881,2022,12,176.813,172.309,4.50399999999999,20000.0,90079.9999999998,0.0261390873372835,1,5.491263888888889,3.54975705176635,110582.81690140846,71206.78268622402,72,-0.2781215374718782,-0.2879334822885521,0.820211902238655
Q0245703,2022,12,240.592,233.99,6.602,20000.0,132040.0,0.0282148809778195,1,7.250782608695652,4.617262983933441,147553.7777777778,91751.76558343042,46,-0.1405123795099396,-0.1690842424571224,0.9105224023793534
Q0245763,2022,12,170.729,166.449,4.28,40000.0,171200.0,0.025713581938011,1,5.324028169014084,2.556519765908508,212961.12676056335,102260.7906363403,71,-0.4083786806330708,-0.4083786806330712,0.8039025835568749
Q0245756,2022,12,241.369,241.095,0.274000000000001,40000.0,10960.0,0.0011364814699599,1,4.927042253521127,4.819802463162096,197081.69014084508,192792.09852648395,71,-0.9654010281716888,-0.9654010281716884,0.0556114573209081
Q0245885,2022,12,704.171,704.171,0.0,20000.0,0.0,0.0,1,10.859778378378376,18.73837633034432,344557.15068493143,1059402.593219086,74,-0.5795474584845649,-0.3252372166071114,0.0
Q0245739,2022,12,1433.033,1401.692,31.3409999999999,10000.0,313409.999999999,0.022359405632621,1,39.94781944444444,11.267900132210784,415160.42253521126,104383.1187971452,72,-0.763835261535626,-0.974778524609432,0.7845484543552103
Q0245809,2022,12,779.307,756.954,22.3530000000001,20000.0,447060.000000001,0.0295301960224797,1,23.615661971830985,5.396258698510247,487234.3661971831,137110.4789652949,71,-0.2339884061117138,-0.2930072631964982,0.9465328571633096
Q0245113,2022,12,1394.586,1367.918,26.6680000000001,40000.0,1066720.0,0.019495320625944,1,24.286676056338035,20.28085999217323,965589.014084507,813747.7718576561,71,0.1174173060008827,0.1242780495541353,1.0980506322947643
Q0245930,2022,12,1900.753,1847.78,52.973,40000.0,2118920.0,0.0286684562014958,1,77.40174999999999,143.8936639763133,2267442.5,526540.6872759613,72,-0.1697694625666163,-0.2820722188979842,0.684390210815647
Q0245713,2022,12,759.712,727.885,31.827,40000.0,1273080.0,0.0437253137514854,1,32.79048611111111,15.874084052531863,1311619.4444444445,634963.3621012745,72,-0.0606955404748176,-0.0606955404748177,0.9706169006508072
20002075,2022,12,46.8,46.1,0.699999999999996,2000.0,1399.99999999999,0.0151843817787417,1,1.057627118644068,1.1199143116590644,2162.71186440678,2283.818513313473,59,-0.3193343588173954,-0.3339634300889396,0.6618589743589705
20002088,2022,12,15991.8,14934.3,1057.5,2000.0,2115000.0,0.0708101484502119,1,896.7833898305083,233.7418281117024,1815122.711864407,472306.7131964677,59,0.6875817283874719,0.6349206559146485,1.179214526040527
Q0469696,2022,12,0.754,0.693,0.0610000000000001,30000.0,1830.0,0.0880230880230881,1,0.1675434782608695,0.0684068568758487,5026.304347826088,2052.2057062754616,46,-1.5574970569724425,-1.5574970569724442,0.3640845984170241
Q0469732,2022,12,400.982,361.286,39.696,40000.0,1587840.0,0.10987417170884,1,11.759176470588235,17.721981224124892,653498.6274509804,1177917.198062783,51,1.5763939243644738,0.7932148151717698,3.375746600902424
Q0245916,2022,12,1483.902,1432.244,51.6580000000001,120000.0,6198960.00000002,0.036067876702573,1,44.12260294117647,12.08437567798017,5366090.149253732,1335301.248486868,68,0.6235652763224199,0.6237317996145637,1.1707831486929658
KEB07711,2022,12,1155.72,1155.65,0.0699999999999363,20000.0,1399.99999999873,6.057197248296308e-05,1,0.1834782608695662,0.7445452523857999,3669.5652173913177,14890.905047715944,46,-0.1524128459700783,-0.152412845970078,0.3815165876773757
Q0245899,2022,12,293.776,281.727,12.049,20000.0,240980.000000001,0.0427683537609103,1,9.431333333333336,3.55236493731814,190886.19718309864,68898.3537511435,72,0.7368799976510504,0.7270682112062938,1.2775500106029545
Q0245701,2022,12,1140.521,1092.392,48.1289999999999,20000.0,962579.999999998,0.0440583600026363,1,30.7575,17.940807879931587,587681.0256410255,399980.85516549455,40,0.9682674334544036,0.9372922966621884,1.5647890758351588
Q0245949,2022,12,1396.324,1361.49,34.8340000000001,20000.0,696680.000000001,0.02558520444513,1,37.31822222222222,12.470915139988511,764864.2253521127,242559.7629313648,72,-0.199201277078404,-0.2811027869094891,0.933431388895508
Q0245773,2022,12,1031.509,1000.474,31.035,40000.0,1241400.0,0.0310202963795161,1,29.999624999999973,45.97636836445583,1004875.5555555556,577514.2749601826,72,0.0225197212575074,0.4095560139370615,1.0345129314116437
Q0245716,2022,12,927.503,899.79,27.7130000000001,40000.0,1108520.0,0.0307994087509308,1,21.62518055555556,14.921138887475545,876090.704225352,593584.408110889,72,0.4079996500504742,0.3915690718938616,1.2815153116897593
Q0245675,2022,12,166.299,166.299,0.0,40000.0,0.0,0.0,1,4.502444444444445,6.186569902144633,171208.25396825396,235012.7058921989,63,-0.7277771876276109,-0.7285063729566509,0.0
Q0245847,2022,12,1827.441,1735.134,92.307,20000.0,1846140.0,0.0531987731206927,1,54.00253333333333,32.792040365511475,1376707.7333333334,738008.7368551424,75,1.168102571224961,0.6360795519400573,1.709308699098067
0,2022,12,27.8,2022.0,16.0,527.0,8.78333333333333,0.0079129574678536,0,124.9524761904762,473.5156850711432,42.16047619047619,114.3483941579356,35,-0.2300926445004808,-0.2918899133034002,0.1280486828897234
13193134,2023,1,27414.2,26137.9,1276.3,12000.0,15315600.0,0.0488294775020181,1,1150.2500000000002,210.83145770809924,13802040.000000006,2535279.5498053106,60,0.597870931455204,0.5969992540334355,1.1095848728537272
13190208,2023,1,21572.5,20533.0,1039.5,9000.0,9355500.0,0.0506258218477572,1,940.471186440678,103.35158616277336,8464240.677966101,930164.2754649604,59,0.9581741048788224,0.9581741048788248,1.1052970202458916
14192934,2023,1,24385.1,23720.6,664.5,9000.0,5980500.0,0.0280136252877245,1,621.3745762711865,136.1921912582771,5592371.186440678,1225729.7213244932,59,0.3166512215596104,0.3166512215596104,1.0694032639500723
Q0245915,2023,1,2348.811,2271.527,77.2840000000001,120000.0,9274080.00000001,0.0340229281888351,1,60.67209302325582,17.88446336883331,7430185.7142857155,1932169.929421755,43,0.9288457044617472,0.9543126914650412,1.2737981524780575
Q0245881,2023,1,183.969,176.813,7.15600000000001,20000.0,143120.0,0.0404721372297286,1,5.491263888888889,3.54975705176635,110582.81690140846,71206.78268622402,72,0.4689718442231851,0.4569393795246745,1.3031608286900171
Q0245703,2023,1,252.188,240.592,11.596,20000.0,231920.0,0.048197778812263,1,7.250782608695652,4.617262983933441,147553.7777777778,91751.76558343042,46,0.9410807672043542,0.9195051635873698,1.5992756404106303
Q0245763,2023,1,178.435,170.729,7.70599999999999,40000.0,308240.0,0.0451358585829003,1,5.324028169014084,2.556519765908508,212961.12676056335,102260.7906363403,71,0.9317243945264108,0.9317243945264146,1.4474003058152498
Q0245756,2023,1,241.816,241.369,0.447000000000003,40000.0,17880.0000000001,0.0018519362469911,1,4.927042253521127,4.819802463162096,197081.69014084508,192792.09852648395,71,-0.9295074409713324,-0.929507440971332,0.0907238008118467
Q0245885,2023,1,704.602,704.171,0.430999999999926,20000.0,8619.99999999853,0.0006120672393494,1,10.859778378378376,18.73837633034432,344557.15068493143,1059402.593219086,74,-0.5565465328759795,-0.3171005553839158,0.0396877344069966
Q0245739,2023,1,1464.991,1433.033,31.9580000000001,10000.0,319580.000000001,0.0223009518971301,1,39.94781944444444,11.267900132210784,415160.42253521126,104383.1187971452,72,-0.7090779427130688,-0.9156693499545476,0.7999936027658329
Q0245809,2023,1,801.334,779.307,22.0269999999999,20000.0,440539.999999999,0.0282648558270359,1,23.615661971830985,5.396258698510247,487234.3661971831,137110.4789652949,71,-0.294400632102695,-0.3405601566675531,0.93272845903172
Q0245113,2023,1,1422.529,1394.586,27.943,40000.0,1117720.0,0.0200367707692462,1,24.286676056338035,20.28085999217323,965589.014084507,813747.7718576561,71,0.1802844625461155,0.1869510322199743,1.1505485532553057
Q0245930,2023,1,1951.886,1900.753,51.133,40000.0,2045320.0,0.0269014437962218,1,77.40174999999999,143.8936639763133,2267442.5,526540.6872759613,72,-0.1825566829983852,-0.4218524899740275,0.6606181384787813
Q0245713,2023,1,793.749,759.712,34.037,40000.0,1361480.0,0.0448025041068194,1,32.79048611111111,15.874084052531863,1311619.4444444445,634963.3621012745,72,0.0785250906297221,0.0785250906297222,1.0380144986160027
20002075,2023,1,47.6,46.8,0.800000000000004,2000.0,1600.00000000001,0.0170940170940171,1,1.057627118644068,1.1199143116590644,2162.71186440678,2283.818513313473,59,-0.2300418129869327,-0.2463907973100545,0.75641025641026
20002088,2023,1,16923.9,15991.8,932.100000000002,2000.0,1864200.0,0.0582861216373392,1,896.7833898305083,233.7418281117024,1815122.711864407,472306.7131964677,59,0.1510923845115828,0.1039097831226001,1.039381427633454
Q0469696,2023,1,0.826,0.754,0.072,30000.0,2160.0,0.0954907161803713,1,0.1675434782608695,0.0684068568758487,5026.304347826088,2052.2057062754616,46,-1.396694463455191,-1.3966944634551914,0.4297391981315687
Q0469732,2023,1,434.161,400.982,33.179,40000.0,1327160.0,0.0827443625898419,1,11.759176470588235,17.721981224124892,653498.6274509804,1177917.198062783,51,1.208658516140002,0.5719089369413497,2.8215411243284345
Q0245916,2023,1,1533.321,1483.902,49.4189999999999,120000.0,5930279.99999998,0.0333034122199443,1,44.12260294117647,12.08437567798017,5366090.149253732,1335301.248486868,68,0.4382847074569508,0.4225187772314116,1.1200381823775107
KEB07711,2023,1,1155.79,1155.72,0.0699999999999363,20000.0,1399.99999999873,6.056830374133552e-05,1,0.1834782608695662,0.7445452523857999,3669.5652173913177,14890.905047715944,46,-0.1524128459700783,-0.152412845970078,0.3815165876773757
Q0245899,2023,1,304.651,293.776,10.875,20000.0,217500.0,0.0370180001089265,1,9.431333333333336,3.55236493731814,190886.19718309864,68898.3537511435,72,0.4063959340158791,0.3862763240037451,1.1530713225418816
Q0245701,2023,1,1187.236,1140.521,46.7150000000001,20000.0,934300.000000003,0.0409593510334313,1,30.7575,17.940807879931587,587681.0256410255,399980.85516549455,40,0.8894526994991127,0.8665889126507362,1.5188165488092369
Q0245949,2023,1,1428.032,1396.324,31.7079999999999,20000.0,634159.999999997,0.0227081966649573,1,37.31822222222222,12.470915139988511,764864.2253521127,242559.7629313648,72,-0.4498645174990331,-0.5388536984557494,0.8496653407331513
Q0245773,2023,1,1065.576,1031.509,34.067,40000.0,1362680.0,0.033026372043288,1,29.999624999999973,45.97636836445583,1004875.5555555556,577514.2749601826,72,0.0884666437278787,0.6195594809654077,1.1355808614274354
Q0245716,2023,1,948.104,927.503,20.601,40000.0,824040.0,0.0222112489124024,1,21.62518055555556,14.921138887475545,876090.704225352,593584.408110889,72,-0.0686395698933698,-0.0876887996283559,0.9526394448858164
Q0245675,2023,1,166.299,166.299,0.0,40000.0,0.0,0.0,1,4.502444444444445,6.186569902144633,171208.25396825396,235012.7058921989,63,-0.7277771876276109,-0.7285063729566509,0.0
Q0245847,2023,1,1918.236,1827.441,90.7950000000001,20000.0,1815900.0,0.0496842305716026,1,54.00253333333333,32.792040365511475,1376707.7333333334,738008.7368551424,75,1.1219938209567064,0.595104427270313,1.681310012616694
0.002777777777777778,2023,1,28.5,24.0,12.0,197.0,3.28333333333333,0.5,0,12.0,12.654643598964242,3.28333333333333,399980.85516549455,1,-0.104794986695801,-0.0703827710098905,1.0
13193134,2023,2,28628.3,27414.2,1214.1,12000.0,14569200.0,0.0442872671827009,1,1150.2500000000002,210.83145770809924,13802040.000000006,2535279.5498053106,60,0.3028485440175697,0.3025938500781526,1.0555096718104755
13190208,2023,2,22512.0,21572.5,939.5,9000.0,8455500.0,0.0435508170124,1,940.471186440678,103.35158616277336,8464240.677966101,930164.2754649604,59,-0.0093969185837996,-0.0093969185837973,0.9989673405685572
14192934,2023,2,25067.0,24385.1,681.900000000001,9000.0,6137100.00000001,0.0279637975649064,1,621.3745762711865,136.1921912582771,5592371.186440678,1225729.7213244932,59,0.4444118504124302,0.4444118504124314,1.097405697046735
Q0245915,2023,2,2418.76,2348.811,69.9490000000001,120000.0,8393880.00000001,0.0297805996310474,1,60.67209302325582,17.88446336883331,7430185.7142857155,1932169.929421755,43,0.5187131861563625,0.4987626973382723,1.1529023726474774
Q0245881,2023,2,191.399,183.969,7.43000000000001,20000.0,148600.0,0.0403872391544228,1,5.491263888888889,3.54975705176635,110582.81690140846,71206.78268622402,72,0.54616022528821,0.5338983403605808,1.3530582667924576
Q0245703,2023,2,264.647,252.188,12.459,20000.0,249180.0,0.0494036195219439,1,7.250782608695652,4.617262983933441,147553.7777777778,91751.76558343042,46,1.1279880330462515,1.1076214345958593,1.718297275256644
Q0245763,2023,2,186.393,178.435,7.958,40000.0,318320.0,0.044598873539384,1,5.324028169014084,2.556519765908508,212961.12676056335,102260.7906363403,71,1.030295899179127,1.0302958991791265,1.4947328878377597
Q0245756,2023,2,242.607,241.816,0.790999999999997,40000.0,31639.9999999999,0.003271082145102,1,4.927042253521127,4.819802463162096,197081.69014084508,192792.09852648395,71,-0.8581352213359432,-0.8581352213359427,0.1605425647475838
Q0245885,2023,2,704.606,704.602,0.0040000000000191,20000.0,80.000000000382,5.676963732744302e-06,1,10.859778378378376,18.73837633034432,344557.15068493143,1059402.593219086,74,-0.5793339928176628,-0.3251617023498191,0.00036833164183
Q0245739,2023,2,1494.026,1464.991,29.0350000000001,10000.0,290350.000000001,0.0198192343843751,1,39.94781944444444,11.267900132210784,415160.42253521126,104383.1187971452,72,-0.9684874125968336,-1.1956954723470454,0.7268231508951112
Q0245809,2023,2,822.049,801.334,20.715,20000.0,414300.000000001,0.0258506440510448,1,23.615661971830985,5.396258698510247,487234.3661971831,137110.4789652949,71,-0.5375320446797287,-0.531938672722769,0.8771721082690409
Q0245113,2023,2,1445.369,1422.529,22.8399999999999,40000.0,913599.999999997,0.0160559116896737,1,24.286676056338035,20.28085999217323,965589.014084507,813747.7718576561,71,-0.0713320863561226,-0.0638883642849521,0.9404333448932136
Q0245930,2023,2,2001.223,1951.886,49.337,40000.0,1973480.0,0.0252765786526467,1,77.40174999999999,143.8936639763133,2267442.5,526540.6872759613,72,-0.1950381220720031,-0.5582901893504263,0.6374145287412754
Q0245713,2023,2,826.249,793.749,32.5,40000.0,1300000.0,0.0409449334739319,1,32.79048611111111,15.874084052531863,1311619.4444444445,634963.3621012745,72,-0.0182993935366479,-0.0182993935366478,0.9911411465469956
20002075,2023,2,48.2,47.6,0.600000000000001,2000.0,1200.0,0.0126050420168067,1,1.057627118644068,1.1199143116590644,2162.71186440678,2283.818513313473,59,-0.4086269046478464,-0.4215360628678115,0.5673076923076931
20002088,2023,2,17749.4,16923.9,825.5,2000.0,1651000.0,0.0487771731102169,1,896.7833898305083,233.7418281117024,1815122.711864407,472306.7131964677,59,-0.3049663400272666,-0.3474918041152974,0.9205121430226524
Q0469696,2023,2,0.912,0.826,0.0860000000000001,30000.0,2580.0,0.1041162227602906,1,0.1675434782608695,0.0684068568758487,5026.304347826088,2052.2057062754616,46,-1.192036617160504,-1.192036617160506,0.5132995977682633
Q0469732,2023,2,460.083,434.161,25.922,40000.0,1036880.0,0.0597059616133185,1,11.759176470588235,17.721981224124892,653498.6274509804,1177917.198062783,51,0.7991670541966237,0.3254739579144724,2.204406070853301
Q0245916,2023,2,1584.043,1533.321,50.722,120000.0,6086640.0,0.0330798312942951,1,44.12260294117647,12.08437567798017,5366090.149253732,1335301.248486868,68,0.5461098888913873,0.5396159492569774,1.1495695316892738
KEB07711,2023,2,1155.87,1155.79,0.0799999999999272,20000.0,1599.99999999854,6.921672622182853e-05,1,0.1834782608695662,0.7445452523857999,3669.5652173913177,14890.905047715944,46,-0.1389818288922751,-0.1389818288922754,0.4360189573455722
Q0245899,2023,2,315.767,304.651,11.116,20000.0,222320.0,0.0364876530850054,1,9.431333333333336,3.55236493731814,190886.19718309864,68898.3537511435,72,0.4742380629222473,0.4562344541705345,1.1786244433448785
Q0245701,2023,2,1230.3,1187.236,43.0639999999999,20000.0,861279.999999997,0.0362724849987701,1,30.7575,17.940807879931587,587681.0256410255,399980.85516549455,40,0.6859501580063088,0.6840301750086718,1.4001137933837242
Q0603811,2023,2,2.432,0.0,2.432,20000.0,48640.0,0.0,1,46.64197142857143,12.654643598964242,932839.4285714288,253092.87197928483,35,-3.493576969025815,-3.493576969025816,0.0521418783450099
Q0245949,2023,2,1461.382,1428.032,33.3500000000001,20000.0,667000.000000003,0.0233538184018286,1,37.31822222222222,12.470915139988511,764864.2253521127,242559.7629313648,72,-0.3181981576875498,-0.4034643840734685,0.8936652930948269
Q0245773,2023,2,1100.835,1065.576,35.259,40000.0,1410360.0,0.0330891461519403,1,29.999624999999973,45.97636836445583,1004875.5555555556,577514.2749601826,72,0.1143930063877344,0.7021202107470003,1.175314691433644
Q0245716,2023,2,976.34,948.104,28.236,40000.0,1129440.0,0.0297815429530937,1,21.62518055555556,14.921138887475545,876090.704225352,593584.408110889,72,0.4430505938118043,0.4268125852243059,1.3057000808599544
Q0245675,2023,2,166.299,166.299,0.0,40000.0,0.0,0.0,1,4.502444444444445,6.186569902144633,171208.25396825396,235012.7058921989,63,-0.7277771876276109,-0.7285063729566509,0.0
Q0245847,2023,2,2000.739,1918.236,82.5029999999999,20000.0,1650060.0,0.0430098277792721,1,54.00253333333333,32.792040365511475,1376707.7333333334,738008.7368551424,75,0.8691275794061749,0.3703916403910007,1.5277616605640705
0.001388888888888889,2023,2,29.3,2023.0,10.0,447.0,7.45,0.004943153732081,0,10.0,12.654643598964242,7.45,399980.85516549455,1,-0.104794986695801,-0.0703827710098905,1.0
13193134,2023,3,29934.7,28628.3,1306.4,12000.0,15676800.0,0.0456331671807267,1,1150.2500000000002,210.83145770809924,13802040.000000006,2535279.5498053106,60,0.7406389999740596,0.7394687501597057,1.1357530971527927
13190208,2023,3,23443.9,22512.0,931.900000000001,9000.0,8387100.00000001,0.0413957000710732,1,940.471186440678,103.35158616277336,8464240.677966101,930164.2754649604,59,-0.0829323163669492,-0.0829323163669456,0.9908862849130808
14192934,2023,3,25879.6,25067.0,812.599999999999,9000.0,7313399.99999999,0.0324171221127378,1,621.3745762711865,136.1921912582771,5592371.186440678,1225729.7213244932,59,1.4040850797838291,1.404085079783829,1.3077458123187775
Q0245915,2023,3,2488.175,2418.76,69.415,120000.0,8329800.0,0.0286985893598372,1,60.67209302325582,17.88446336883331,7430185.7142857155,1932169.929421755,43,0.4888548678502804,0.4655979124897747,1.144100962091303
Q0245881,2023,3,199.726,191.399,8.327,20000.0,166540.0,0.0435059744303784,1,5.491263888888889,3.54975705176635,110582.81690140846,71206.78268622402,72,0.7988535749791824,0.78584063185623,1.5164086389745328
Q0245703,2023,3,277.892,264.647,13.245,20000.0,264900.0,0.0500477995216269,1,7.250782608695652,4.617262983933441,147553.7777777778,91751.76558343042,46,1.2982187525731703,1.2789532874494778,1.826699366784995
Q0245763,2023,3,191.573,186.393,5.18000000000001,40000.0,207200.0,0.0277907432146057,1,5.324028169014084,2.556519765908508,212961.12676056335,102260.7906363403,71,-0.0563375925876678,-0.0563375925876721,0.9729475193515468
Q0245756,2023,3,247.995,242.607,5.38800000000001,40000.0,215520.0,0.0222087573730354,1,4.927042253521127,4.819802463162096,197081.69014084508,192792.09852648395,71,0.0956383067567597,0.0956383067567576,1.0935566862958113
Q0245885,2023,3,704.618,704.606,0.0120000000000573,20000.0,240.000000001146,1.7030794515030103e-05,1,10.859778378378376,18.73837633034432,344557.15068493143,1059402.593219086,74,-0.5789070614838586,-0.3250106738352347,0.0011049949254902
Q0245739,2023,3,1529.736,1494.026,35.71,10000.0,357100.0,0.0239018598069913,1,39.94781944444444,11.267900132210784,415160.42253521126,104383.1187971452,72,-0.3760966457565657,-0.5562242554569002,0.8939161260018713
Q0245809,2023,3,847.25,822.049,25.201,20000.0,504020.0,0.0306563234065122,1,23.615661971830985,5.396258698510247,487234.3661971831,137110.4789652949,71,0.2937846602140631,0.1224241497038724,1.0671307893066908
Q0245113,2023,3,1467.147,1445.369,21.778,40000.0,871120.000000001,0.015067432607175,1,24.286676056338035,20.28085999217323,965589.014084507,813747.7718576561,71,-0.1236967296902686,-0.1160912721995518,0.8967056648460812
Q0245930,2023,3,2060.298,2001.223,59.0749999999998,40000.0,2362999.99999999,0.0295194488570238,1,77.40174999999999,143.8936639763133,2267442.5,526540.6872759613,72,-0.127363147852132,0.1814817018117885,0.7632256376632286
Q0245713,2023,3,869.061,826.249,42.812,40000.0,1712480.0,0.0518148887320892,1,32.79048611111111,15.874084052531863,1311619.4444444445,634963.3621012745,72,0.6313128906036309,0.631312890603631,1.3056226081836917
20002075,2023,3,49.2,48.2,1.0,2000.0,2000.0,0.0207468879668049,1,1.057627118644068,1.1199143116590644,2162.71186440678,2283.818513313473,59,-0.0514567213260253,-0.0712455317523063,0.9455128205128204
20002088,2023,3,18548.1,17749.4,798.699999999997,2000.0,1597399.99999999,0.0449987041815496,1,896.7833898305083,233.7418281117024,1815122.711864407,472306.7131964677,59,-0.4196227548269131,-0.46097738139464,0.8906275573981706
Q0469696,2023,3,1.024,0.912,0.112,30000.0,3360.0,0.1228070175438596,1,0.1675434782608695,0.0684068568758487,5026.304347826088,2052.2057062754616,46,-0.8119577597560892,-0.8119577597560899,0.6684831970935514
Q0469732,2023,3,460.084,460.083,0.0009999999999763,40000.0,39.9999999990541,2.173520864662028e-06,1,11.759176470588235,17.721981224124892,653498.6274509804,1177917.198062783,51,-0.6634797950571057,-0.554757693092237,8.503996878331366e-05
Q0245916,2023,3,1644.482,1584.043,60.4390000000001,120000.0,7252680.00000001,0.0381548985728292,1,44.12260294117647,12.08437567798017,5366090.149253732,1335301.248486868,68,1.3502060423820603,1.4128571008857498,1.3697967928269414
KEB07711,2023,3,1155.97,1155.87,0.100000000000136,20000.0,2000.00000000273,8.651491949798507e-05,1,0.1834782608695662,0.7445452523857999,3669.5652173913177,14890.905047715944,46,-0.1121197947363641,-0.1121197947363632,0.5450236966832025
Q0245899,2023,3,327.369,315.767,11.602,20000.0,232040.000000001,0.0367422814923662,1,9.431333333333336,3.55236493731814,190886.19718309864,68898.3537511435,72,0.611048331173264,0.5973118452952778,1.2301548031384744
Q0603811,2023,3,56.124,2.432,53.692,20000.0,1073840.0,22.07730263157895,1,46.64197142857143,12.654643598964242,932839.4285714288,253092.87197928483,35,0.5571100060064592,0.5571100060064587,1.1511520280017569
Q0245949,2023,3,1498.195,1461.382,36.8129999999999,20000.0,736259.999999997,0.0251905388187345,1,37.31822222222222,12.470915139988511,764864.2253521127,242559.7629313648,72,-0.0405120407404825,-0.1179265060553741,0.9864617821499152
Q0245773,2023,3,1140.096,1100.835,39.261,40000.0,1570440.0,0.0356647453978116,1,29.999624999999973,45.97636836445583,1004875.5555555556,577514.2749601826,72,0.2014377239756058,0.9793081642586896,1.308716358954488
Q0245716,2023,3,1018.223,976.34,41.8829999999999,40000.0,1675320.0,0.0428979658725443,1,21.62518055555556,14.921138887475545,876090.704225352,593584.408110889,72,1.3576590632400245,1.3464459053401243,1.936769956320206
Q0245675,2023,3,166.601,166.299,0.301999999999992,40000.0,12079.9999999997,0.0018160061094774,1,4.502444444444445,6.186569902144633,171208.25396825396,235012.7058921989,63,-0.6789617689421613,-0.6771048967933118,0.0670746754849199
Q0245847,2023,3,2092.786,2000.739,92.047,20000.0,1840940.0,0.046006500598029,1,54.00253333333333,32.792040365511475,1376707.7333333334,738008.7368551424,75,1.1601738178719536,0.6290335648936727,1.704494110152857
0,2023,3,28.4333333333333,17.0,10.0,384.0,6.4,0.5882352941176471,0,124.9524761904762,473.5156850711432,42.16047619047619,114.3483941579356,35,-0.2427638192665259,-0.31273264879509,0.0800304268060771
13193134,2023,4,31278.0,29934.7,1343.3,12000.0,16119600.0,0.0448743431535976,1,1150.2500000000002,210.83145770809924,13802040.000000006,2535279.5498053106,60,0.9156603198526554,0.9141240460752996,1.167833079765268
13190208,2023,4,24426.1,23443.9,982.199999999997,9000.0,8839799.99999997,0.0418957596645608,1,940.471186440678,103.35158616277336,8464240.677966101,930164.2754649604,59,0.4037559084347106,0.4037559084347102,1.044370113790776
14192934,2023,4,26691.3,25879.6,811.700000000001,9000.0,7305300.00000001,0.0313644724029738,1,621.3745762711865,136.1921912582771,5592371.186440678,1225729.7213244932,59,1.397476771394905,1.397476771394907,1.3062974106068843
Q0245915,2023,4,2561.62,2488.175,73.4449999999997,120000.0,8813399.99999996,0.0295176183347231,1,60.67209302325582,17.88446336883331,7430185.7142857155,1932169.929421755,43,0.7141901164897583,0.7158864573201401,1.2105235923185966
Q0245881,2023,4,208.159,199.726,8.43299999999999,20000.0,168660.0,0.0422228452980582,1,5.491263888888889,3.54975705176635,110582.81690140846,71206.78268622402,72,0.8287147734933861,0.8156130765591719,1.535712027437519
Q0245703,2023,4,291.203,277.892,13.311,20000.0,266220.0,0.0478999035596562,1,7.250782608695652,4.617262983933441,147553.7777777778,91751.76558343042,46,1.3125129351288662,1.2933399315822245,1.8358018324858485
Q0245763,2023,4,197.813,191.573,6.23999999999998,40000.0,249599.999999999,0.0325724397488162,1,5.324028169014084,2.556519765908508,212961.12676056335,102260.7906363403,71,0.3582885777769013,0.3582885777768994,1.1720448881763743
Q0245756,2023,4,251.572,247.995,3.577,40000.0,143080.0,0.0144236778967317,1,4.927042253521127,4.819802463162096,197081.69014084508,192792.09852648395,71,-0.2801032332423461,-0.280103233242346,0.7259933680178378
Q0245885,2023,4,704.629,704.618,0.0109999999999673,20000.0,219.999999999345,1.5611295765886338e-05,1,10.859778378378376,18.73837633034432,344557.15068493143,1059402.593219086,74,-0.5789604279005888,-0.3250295523995594,0.0010129120150249
Q0245739,2023,4,1566.236,1529.736,36.5,10000.0,365000.0,0.0238603262262246,1,39.94781944444444,11.267900132210784,415160.42253521126,104383.1187971452,72,-0.3059859782204133,-0.4805415196751442,0.913691923804769
Q0245809,2023,4,873.641,847.25,26.391,20000.0,527819.999999999,0.0311490115078194,1,23.615661971830985,5.396258698510247,487234.3661971831,137110.4789652949,71,0.5143078164386753,0.2960067976503007,1.117521076964917
Q0245113,2023,4,1491.077,1467.147,23.9300000000001,40000.0,957200.000000003,0.0163105673800921,1,24.286676056338035,20.28085999217323,965589.014084507,813747.7718576561,71,-0.0175868309566548,-0.0103091085157176,0.9853139204594918
Q0245930,2023,4,2119.886,2060.298,59.5880000000002,40000.0,2383520.00000001,0.028922029725797,1,77.40174999999999,143.8936639763133,2267442.5,526540.6872759613,72,-0.1237980151991415,0.2204530491281356,0.7698533947875882
Q0245713,2023,4,915.095,869.061,46.034,40000.0,1841360.0,0.052969814546965,1,32.79048611111111,15.874084052531863,1311619.4444444445,634963.3621012745,72,0.8342852315171277,0.8342852315171279,1.4038828166198276
20002075,2023,4,50.0,49.2,0.799999999999997,2000.0,1599.99999999999,0.0162601626016259,1,1.057627118644068,1.1199143116590644,2162.71186440678,2283.818513313473,59,-0.2300418129869389,-0.2463907973100633,0.7564102564102535
20002088,2023,4,19438.9,18548.1,890.800000000003,2000.0,1781600.00000001,0.0480264824968596,1,896.7833898305083,233.7418281117024,1815122.711864407,472306.7131964677,59,-0.0255982845639673,-0.0709765729085716,0.9933279430703592
Q0469696,2023,4,1.121,1.024,0.097,30000.0,2910.0,0.0947265625,1,0.1675434782608695,0.0684068568758487,5026.304347826088,2052.2057062754616,46,-1.0312340236432525,-1.031234023643253,0.578954197482808
Q0469732,2023,4,460.595,460.084,0.511000000000024,40000.0,20440.000000001,0.0011106667478113,1,11.759176470588235,17.721981224124892,653498.6274509804,1177917.198062783,51,-0.6347019742508301,-0.5374389884892716,0.0434554240493052
Q0245916,2023,4,1704.832,1644.482,60.3500000000001,120000.0,7242000.00000002,0.0366984862102474,1,44.12260294117647,12.08437567798017,5366090.149253732,1335301.248486868,68,1.3428411604575294,1.404858905712868,1.3677796860819325
KEB07711,2023,4,1156.02,1155.97,0.0499999999999545,20000.0,999.999999999091,4.325371765699326e-05,1,0.1834782608695662,0.7445452523857999,3669.5652173913177,14890.905047715944,46,-0.1792748801256845,-0.1792748801256845,0.2725118483409826
Q0245899,2023,4,338.433,327.369,11.064,20000.0,221279.999999999,0.0337967247967889,1,9.431333333333336,3.55236493731814,190886.19718309864,68898.3537511435,72,0.4595999272246077,0.4411397538855697,1.1731109069060577
Q0603811,2023,4,109.435,56.124,53.311,20000.0,1066220.0,0.949878839712066,1,46.64197142857143,12.654643598964242,932839.4285714288,253092.87197928483,35,0.5270024808896567,0.5270024808896562,1.1429834195932664
Q0245949,2023,4,1535.564,1498.195,37.3690000000001,20000.0,747380.000000003,0.0249426810261682,1,37.31822222222222,12.470915139988511,764864.2253521127,242559.7629313648,72,0.0040716961993478,-0.0720821340720761,1.0013606697949198
Q0245773,2023,4,1180.531,1140.096,40.4349999999999,40000.0,1617400.0,0.0354663116088468,1,29.999624999999973,45.97636836445583,1004875.5555555556,577514.2749601826,72,0.2269725811590521,1.0606221716106945,1.3478501814605997
Q0245716,2023,4,1057.5,1018.223,39.277,40000.0,1571080.0,0.0385740648168426,1,21.62518055555556,14.921138887475545,876090.704225352,593584.408110889,72,1.183007515549699,1.1708348236209318,1.8162622919654487
Q0245675,2023,4,167.08,166.601,0.479000000000013,40000.0,19160.0000000005,0.0028751328023241,1,4.502444444444445,6.186569902144633,171208.25396825396,235012.7058921989,63,-0.6503514076596252,-0.6469788660618142,0.1063866541631735
Q0245847,2023,4,2187.368,2092.786,94.5819999999999,20000.0,1891640.0,0.0451943008028531,1,54.00253333333333,32.792040365511475,1376707.7333333334,738008.7368551424,75,1.2374791630637718,0.6977319385959225,1.7514363523686525
0,2023,4,29.4333333333333,17.0,10.0,575.0,9.58333333333333,0.5882352941176471,0,124.9524761904762,473.5156850711432,42.16047619047619,114.3483941579356,35,-0.2427638192665259,-0.2848937503411548,0.0800304268060771
13193134,2023,5,32584.1,31278.0,1306.1,12000.0,15673200.0,0.0417577850246179,1,1150.2500000000002,210.83145770809924,13802040.000000006,2535279.5498053106,60,0.7392160624140702,0.7380487884042944,1.1354922842860244
13190208,2023,5,25382.8,24426.1,956.700000000001,9000.0,8610300.00000001,0.039167120416276,1,940.471186440678,103.35158616277336,8464240.677966101,930164.2754649604,59,0.1570252974517805,0.1570252974517836,1.0172560454730597
14192934,2023,5,27478.8,26691.3,787.5,9000.0,7087500.0,0.0295039956839869,1,621.3745762711865,136.1921912582771,5592371.186440678,1225729.7213244932,59,1.2197867013812165,1.219786701381217,1.267351497909228
Q0245915,2023,5,2608.9,2561.62,47.2800000000002,120000.0,5673600.00000002,0.018457070135305,1,60.67209302325582,17.88446336883331,7430185.7142857155,1932169.929421755,43,-0.7488115660542322,-0.9091258939173084,0.779270957108363
Q0259508,2023,5,24.108,0.0,24.108,120000.0,2892960.0,0.0,1,70.05541935483872,10.102394029054672,8406650.322580647,1212287.2834865605,31,-4.548171376279037,-4.548171376279039,0.3441275524722822
Q0245881,2023,5,211.142,208.159,2.983,20000.0,59660.0000000001,0.0143303916717509,1,5.491263888888889,3.54975705176635,110582.81690140846,71206.78268622402,72,-0.7066015652087466,-0.715139976563779,0.5432264885386131
Q0245703,2023,5,294.989,291.203,3.786,20000.0,75720.0,0.0130012396850307,1,7.250782608695652,4.617262983933441,147553.7777777778,91751.76558343042,46,-0.7503975018862815,-0.782914392120977,0.5221505324762544
Q0245763,2023,5,200.133,197.813,2.32000000000002,40000.0,92800.0000000009,0.0117282483962126,1,5.324028169014084,2.556519765908508,212961.12676056335,102260.7906363403,71,-1.1750459390430432,-1.1750459390430428,0.4357602789373751
Q0245756,2023,5,252.084,251.572,0.512,40000.0,20480.0,0.0020352026457634,1,4.927042253521127,4.819802463162096,197081.69014084508,192792.09852648395,71,-0.9160214110983668,-0.9160214110983662,0.1039162998113315
Q0245885,2023,5,707.594,704.629,2.96500000000003,20000.0,59300.0000000006,0.0042078881226858,1,10.859778378378376,18.73837633034432,344557.15068493143,1059402.593219086,74,-0.421316032894152,-0.2692622733895264,0.2730258295052588
Q0245739,2023,5,1600.229,1566.236,33.9929999999999,10000.0,339929.999999999,0.0217036257626563,1,39.94781944444444,11.267900132210784,415160.42253521126,104383.1187971452,72,-0.5284764130471744,-0.7207144546180176,0.8509350565998747
Q0245809,2023,5,899.262,873.641,25.621,20000.0,512420.0,0.0293266913984119,1,23.615661971830985,5.396258698510247,487234.3661971831,137110.4789652949,71,0.3716163624109849,0.1836886136849674,1.0849155967154764
Q0245113,2023,5,1517.678,1491.077,26.6010000000001,40000.0,1064040.0,0.0178401249566589,1,24.286676056338035,20.28085999217323,965589.014084507,813747.7718576561,71,0.1141136985588976,0.1209846457591461,1.095291918016838
Q0245930,2023,5,2178.472,2119.886,58.5860000000002,40000.0,2343440.00000001,0.0276363917682366,1,77.40174999999999,143.8936639763133,2267442.5,526540.6872759613,72,-0.1307614906733982,0.1443335754225946,0.7569079510476211
Q0245713,2023,5,960.537,915.095,45.442,40000.0,1817680.0,0.0496582322053994,1,32.79048611111111,15.874084052531863,1311619.4444444445,634963.3621012745,72,0.7969917411941018,0.7969917411941018,1.3858287994273408
20002075,2023,5,50.3,50.0,0.299999999999997,2000.0,599.999999999994,0.0059999999999999,1,1.057627118644068,1.1199143116590644,2162.71186440678,2283.818513313473,59,-0.6765045421392164,-0.684253961204443,0.2836538461538432
20002088,2023,5,20447.1,19438.9,1008.2,2000.0,2016399.99999999,0.051865074669863,1,896.7833898305083,233.7418281117024,1815122.711864407,472306.7131964677,59,0.4766652638493401,0.4261580081582637,1.1242402696492286
Q0469696,2023,5,1.225,1.121,0.104,30000.0,3120.0,0.0927743086529884,1,0.1675434782608695,0.0684068568758487,5026.304347826088,2052.2057062754616,46,-0.9289051004959096,-0.92890510049591,0.6207343973011549
Q0469732,2023,5,461.041,460.595,0.44599999999997,40000.0,17839.9999999988,0.0009683127259305,1,11.759176470588235,17.721981224124892,653498.6274509804,1177917.198062783,51,-0.6383697357261424,-0.5396462743700434,0.0379278260782542
Q0245916,2023,5,1763.337,1704.832,58.5049999999999,120000.0,7020599.99999999,0.0343171643892183,1,44.12260294117647,12.08437567798017,5366090.149253732,1335301.248486868,68,1.1901646756175133,1.239053623758017,1.32596438333427
KEB07711,2023,5,1156.07,1156.02,0.0499999999999545,20000.0,999.999999999091,4.32518468538213e-05,1,0.1834782608695662,0.7445452523857999,3669.5652173913177,14890.905047715944,46,-0.1792748801256845,-0.1792748801256845,0.2725118483409826
Q0245899,2023,5,348.955,338.433,10.522,20000.0,210440.0,0.0310903487544063,1,9.431333333333336,3.55236493731814,190886.19718309864,68898.3537511435,72,0.3070255128376717,0.2838065316847548,1.115642892486039
Q0603811,2023,5,158.474,109.435,49.039,20000.0,980780.0,0.448110750673916,1,46.64197142857143,12.654643598964242,932839.4285714288,253092.87197928483,35,0.1894188921784224,0.1894188921784217,1.0513920938161765
Q0245949,2023,5,1564.905,1535.564,29.3409999999999,20000.0,586819.999999998,0.0191076373241362,1,37.31822222222222,12.470915139988511,764864.2253521127,242559.7629313648,72,-0.6396661458021647,-0.7340220950104343,0.7862378819998546
Q0245773,2023,5,1222.572,1180.531,42.0409999999999,40000.0,1681640.0,0.035611940728367,1,29.999624999999973,45.97636836445583,1004875.5555555556,577514.2749601826,72,0.2619035697762737,1.1718575172728063,1.401384183968964
Q0245716,2023,5,1097.797,1057.5,40.297,40000.0,1611880.0,0.0381059101654846,1,21.62518055555556,14.921138887475545,876090.704225352,593584.408110889,72,1.251366908736245,1.2395697826975154,1.863429528205609
Q0245675,2023,5,168.288,167.08,1.208,40000.0,48319.9999999999,0.007230069427819,1,4.502444444444445,6.186569902144633,171208.25396825396,235012.7058921989,63,-0.5325155128858068,-0.5229004683032896,0.268298701939687
Q0245847,2023,5,2277.735,2187.368,90.3670000000002,20000.0,1807340.0,0.0413131215232188,1,54.00253333333333,32.792040365511475,1376707.7333333334,738008.7368551424,75,1.1089418731294514,0.5835056485939567,1.6733844585068889
0.05902777777777778,2023,5,27.9666666666667,20.0,10.0,144.0,2.4,0.5,0,10.0,12.654643598964242,2.4,399980.85516549455,1,-0.104794986695801,-0.0703827710098905,1.0
13193134,2023,6,33993.6,32584.1,1409.5,12000.0,16914000.0,0.0432572942017732,1,1150.2500000000002,210.83145770809924,13802040.000000006,2535279.5498053106,60,1.2296552080901375,1.2274622734360667,1.2253857856987609
13190208,2023,6,26402.1,25382.8,1019.3,9000.0,9173699.99999999,0.0401571142663535,1,940.471186440678,103.35158616277336,8464240.677966101,930164.2754649604,59,0.7627247581393722,0.762724758139365,1.08381842495107
14192934,2023,6,28341.7,27478.8,862.900000000001,9000.0,7766100.00000001,0.0314023902062681,1,621.3745762711865,136.1921912582771,5592371.186440678,1225729.7213244932,59,1.7734160930767446,1.7734160930767464,1.3886953746614277
Q0245915,2023,6,2608.9,2608.9,0.0,120000.0,0.0,0.0,1,60.67209302325582,17.88446336883331,7430185.7142857155,1932169.929421755,43,-3.3924469396709527,-3.8455135861209495,0.0
Q0259508,2023,6,99.894,24.108,75.786,120000.0,9094320.0,3.143603782976605,1,70.05541935483872,10.102394029054672,8406650.322580647,1212287.2834865605,31,0.5672497656179344,0.5672497656179339,1.0818006757783467
Q0245881,2023,6,218.149,211.142,7.007,20000.0,140140.0,0.03318619696697,1,5.491263888888889,3.54975705176635,110582.81690140846,71206.78268622402,72,0.4269971406513256,0.4150894336686526,1.276026820378834
Q0245703,2023,6,305.221,294.989,10.232,20000.0,204640.000000001,0.0346860391404425,1,7.250782608695652,4.617262983933441,147553.7777777778,91751.76558343042,46,0.6456676610533134,0.622181184843951,1.4111580159263166
Q0245763,2023,6,206.205,200.133,6.072,40000.0,242880.0,0.0303398240170286,1,5.324028169014084,2.556519765908508,212961.12676056335,102260.7906363403,71,0.292574241341768,0.2925742413417678,1.140489833494707
Q0245756,2023,6,255.132,252.084,3.048,40000.0,121920.0,0.0120912076926738,1,4.927042253521127,4.819802463162096,197081.69014084508,192792.09852648395,71,-0.3898587686700246,-0.3898587686700245,0.618626722314333
Q0245885,2023,6,707.597,707.594,0.002999999999929,40000.0,119.999999997162,4.2397193870058254e-06,1,10.859778378378376,18.73837633034432,344557.15068493143,1059402.593219086,74,-0.5793873592343929,-0.3251239452211763,0.0002762487313647
Q0245739,2023,6,1635.713,1600.229,35.4839999999999,10000.0,354839.999999999,0.0221743262995483,1,39.94781944444444,11.267900132210784,415160.42253521126,104383.1187971452,72,-0.3961536215327397,-0.5778752659463742,0.8882587458709132
Q0245809,2023,6,925.349,899.262,26.0870000000001,20000.0,521740.000000002,0.0290093432169936,1,23.615661971830985,5.396258698510247,487234.3661971831,137110.4789652949,71,0.4579724891342552,0.2516629951497207,1.104648263983324
Q0245113,2023,6,1543.885,1517.678,26.2069999999999,40000.0,1048280.0,0.0172678262450927,1,24.286676056338035,20.28085999217323,965589.014084507,813747.7718576561,71,0.0946865144970655,0.1016174652333888,1.079069031069022
Q0245930,2023,6,2240.337,2178.472,61.8649999999998,40000.0,2474599.99999999,0.0283983452621836,1,77.40174999999999,143.8936639763133,2267442.5,526540.6872759613,72,-0.1079738299148302,0.393431134584702,0.7992713343044545
Q0245713,2023,6,1004.569,960.537,44.0319999999999,40000.0,1761280.0,0.0458410243436743,1,32.79048611111111,15.874084052531863,1311619.4444444445,634963.3621012745,72,0.7081677186341852,0.7081677186341916,1.3428285219925296
20002075,2023,6,50.5,50.3,0.200000000000003,2000.0,400.000000000006,0.0039761431411531,1,1.057627118644068,1.1199143116590644,2162.71186440678,2283.818513313473,59,-0.7657970879696664,-0.7718265939833142,0.1891025641025669
20002088,2023,6,21529.7,20447.1,1082.6,2000.0,2165200.0,0.0529463835947396,1,896.7833898305083,233.7418281117024,1815122.711864407,472306.7131964677,59,0.7949651616513074,0.7412075212023711,1.2072034476515123
Q0469696,2023,6,1.32,1.225,0.095,30000.0,2850.0,0.0775510204081632,1,0.1675434782608695,0.0684068568758487,5026.304347826088,2052.2057062754616,46,-1.0604708588282077,-1.060470858828208,0.5670169975347088
Q0469732,2023,6,461.041,461.041,0.0,40000.0,0.0,0.0,1,11.759176470588235,17.721981224124892,653498.6274509804,1177917.198062783,51,-0.6635362221567245,-0.5547916513365557,0.0
Q0245916,2023,6,1827.457,1763.337,64.1200000000001,120000.0,7694400.00000001,0.0363628733475224,1,44.12260294117647,12.08437567798017,5366090.149253732,1335301.248486868,68,1.6548142487213773,1.743658858541969,1.4532234212356836
KEB07711,2023,6,1156.17,1156.07,0.100000000000136,20000.0,2000.00000000273,8.649995242514381e-05,1,0.1834782608695662,0.7445452523857999,3669.5652173913177,14890.905047715944,46,-0.1121197947363641,-0.1121197947363632,0.5450236966832025
Q0245899,2023,6,360.85,348.955,11.895,20000.0,237900.000000001,0.0340874897909472,1,9.431333333333336,3.55236493731814,190886.19718309864,68898.3537511435,72,0.6935285957772716,0.6823646757470175,1.2612214603802925
Q0603811,2023,6,214.191,158.474,55.717,20000.0,1114340.0,0.3515844870451935,1,46.64197142857143,12.654643598964242,932839.4285714288,253092.87197928483,35,0.71713031666663,0.7171303166666295,1.1945678600941272
Q0245949,2023,6,1597.547,1564.905,32.6420000000001,20000.0,652840.000000001,0.0208587741747902,1,37.31822222222222,12.470915139988511,764864.2253521127,242559.7629313648,72,-0.3749702543663065,-0.4618417498363495,0.8746933282519144
Q0245773,2023,6,1267.063,1222.572,44.4910000000002,40000.0,1779640.00000001,0.0363913127406812,1,29.999624999999973,45.97636836445583,1004875.5555555556,577514.2749601826,72,0.3151918151761516,1.3415502924111642,1.483051871481735
Q0245716,2023,6,1145.611,1097.797,47.8140000000001,40000.0,1912560.0,0.0435545005133008,1,21.62518055555556,14.921138887475545,876090.704225352,593584.408110889,72,1.7551488289159232,1.7461194762060237,2.2110335623402038
Q0245675,2023,6,168.545,168.288,0.256999999999977,40000.0,10279.9999999991,0.0015271439437153,1,4.502444444444445,6.186569902144633,171208.25396825396,235012.7058921989,63,-0.6862355896072142,-0.684764057148779,0.0570801046345144
Q0245847,2023,6,2371.679,2277.735,93.944,20000.0,1878880.0,0.0412444819085626,1,54.00253333333333,32.792040365511475,1376707.7333333334,738008.7368551424,75,1.2180232221437033,0.6804421703821019,1.739622091803101
0.02638888888888889,2023,6,29.2666666666667,26.0,16.0,252.0,4.2,0.6153846153846154,0,16.0,12.654643598964242,4.2,399980.85516549455,1,-0.104794986695801,-0.0703827710098905,1.0
13193134,2023,7,35347.0,33993.6,1353.4,12000.0,16240800.0,0.039813376635602,1,1150.2500000000002,210.83145770809924,13802040.000000006,2535279.5498053106,60,0.963565884372272,0.9619294251741476,1.1766137796131275
13190208,2023,7,27361.7,26402.1,959.600000000002,9000.0,8636400.00000002,0.0363455937217116,1,940.471186440678,103.35158616277336,8464240.677966101,930164.2754649604,59,0.1850848571322062,0.1850848571322117,1.0203396061837036
14192934,2023,7,29189.5,28341.7,847.799999999999,9000.0,7630199.99999999,0.0299135196547842,1,621.3745762711865,136.1921912582771,5592371.186440678,1225729.7213244932,59,1.662543363440094,1.6625433634400937,1.364394412606276
Q0245915,2023,7,2608.9,2608.9,0.0,120000.0,0.0,0.0,1,60.67209302325582,17.88446336883331,7430185.7142857155,1932169.929421755,43,-3.3924469396709527,-3.8455135861209495,0.0
Q0259508,2023,7,171.233,99.894,71.339,120000.0,8560680.0,0.7141469958155644,1,70.05541935483872,10.102394029054672,8406650.322580647,1212287.2834865605,31,0.1270570759237541,0.1270570759237539,1.0183223604537972
Q0245881,2023,7,221.422,218.149,3.273,20000.0,65459.9999999999,0.0150035067774777,1,5.491263888888889,3.54975705176635,110582.81690140846,71206.78268622402,72,-0.6249058334245963,-0.6336870618104505,0.5960376456543348
Q0245703,2023,7,311.015,305.221,5.79399999999998,20000.0,115880.0,0.0189829664407101,1,7.250782608695652,4.617262983933441,147553.7777777778,91751.76558343042,46,-0.3155078265554284,-0.3452116433549898,0.7990861556173818
Q0245763,2023,7,210.238,206.205,4.03299999999999,40000.0,161319.999999999,0.0195582066390242,1,5.324028169014084,2.556519765908508,212961.12676056335,102260.7906363403,71,-0.5049944014633122,-0.5049944014633182,0.757509140066558
Q0245756,2023,7,256.765,255.132,1.63299999999998,40000.0,65319.9999999993,0.0064006083125596,1,4.927042253521127,4.819802463162096,197081.69014084508,192792.09852648395,71,-0.6834392651353695,-0.6834392651353687,0.3314361671716842
Q0245885,2023,7,707.597,707.594,0.002999999999929,40000.0,119.999999997162,4.2397193870058254e-06,1,10.859778378378376,18.73837633034432,344557.15068493143,1059402.593219086,74,-0.5793873592343929,-0.3251239452211763,0.0002762487313647
Q0245739,2023,7,1671.445,1635.713,35.732,10000.0,357320.0,0.0218449080003643,1,39.94781944444444,11.267900132210784,415160.42253521126,104383.1187971452,72,-0.3741441967872047,-0.5541166349667754,0.8944668444216988
Q0245809,2023,7,949.796,925.349,24.447,20000.0,488940.0,0.0264192212884003,1,23.615661971830985,5.396258698510247,487234.3661971831,137110.4789652949,71,0.1540582234129218,0.0124398500806684,1.035202825529966
Q0245113,2023,7,1569.061,1543.885,25.1759999999999,40000.0,1007040.0,0.0163069140512408,1,24.286676056338035,20.28085999217323,965589.014084507,813747.7718576561,71,0.0438504059495046,0.0509383710149731,1.036617771060926
Q0245930,2023,7,2304.267,2240.337,63.9299999999998,40000.0,2557199.99999999,0.0285358854493765,1,77.40174999999999,143.8936639763133,2267442.5,526540.6872759613,72,-0.0936229548106983,0.5503041018521093,0.8259503176607739
Q0245713,2023,7,1037.656,1004.569,33.087,40000.0,1323480.0,0.032936513071775,1,32.79048611111111,15.874084052531863,1311619.4444444445,634963.3621012745,72,0.0186791179829744,0.0186791179829742,1.0090426804861676
20002075,2023,7,50.7,50.5,0.200000000000003,2000.0,400.000000000006,0.003960396039604,1,1.057627118644068,1.1199143116590644,2162.71186440678,2283.818513313473,59,-0.7657970879696664,-0.7718265939833142,0.1891025641025669
20002088,2023,7,22711.6,21529.7,1181.9,2000.0,2363800.0,0.0548962595855957,1,896.7833898305083,233.7418281117024,1815122.711864407,472306.7131964677,59,1.2197928478305475,1.1616969922410505,1.317932527969077
Q0469696,2023,7,1.473,1.32,0.153,30000.0,4590.0,0.1159090909090909,1,0.1675434782608695,0.0684068568758487,5026.304347826088,2052.2057062754616,46,-0.21260263846451,-0.2126026384645107,0.9131957960295836
Q0469732,2023,7,461.042,461.041,0.0009999999999763,40000.0,39.9999999990541,2.1690044919568976e-06,1,11.759176470588235,17.721981224124892,653498.6274509804,1177917.198062783,51,-0.6634797950571057,-0.554757693092237,8.503996878331366e-05
Q0245916,2023,7,1890.487,1827.457,63.03,120000.0,7563600.0,0.0344905516244705,1,44.12260294117647,12.08437567798017,5366090.149253732,1335301.248486868,68,1.5646151330164366,1.6457034345144474,1.428519529639504
KEB07711,2023,7,1156.22,1156.17,0.0499999999999545,20000.0,999.999999999091,4.324623541516775e-05,1,0.1834782608695662,0.7445452523857999,3669.5652173913177,14890.905047715944,46,-0.1792748801256845,-0.1792748801256845,0.2725118483409826
Q0245899,2023,7,373.15,360.85,12.3,20000.0,245999.999999999,0.0340861853955937,1,9.431333333333336,3.55236493731814,190886.19718309864,68898.3537511435,72,0.807537152653119,0.7999291683509295,1.3041634268749558
Q0603811,2023,7,266.131,214.191,51.94,20000.0,1038800.0,0.2424938489479016,1,46.64197142857143,12.654643598964242,932839.4285714288,253092.87197928483,35,0.4186628038945483,0.4186628038945479,1.1135892932729503
Q0245949,2023,7,1627.846,1597.547,30.299,20000.0,605980.0,0.0189659521754289,1,37.31822222222222,12.470915139988511,764864.2253521127,242559.7629313648,72,-0.5628474048159294,-0.6550312526363693,0.8119089869709168
Q0245773,2023,7,1313.708,1267.063,46.645,40000.0,1865800.0,0.0368134812554703,1,29.999624999999973,45.97636836445583,1004875.5555555556,577514.2749601826,72,0.3620419705195443,1.490741409818488,1.5548527689929472
Q0245716,2023,7,1194.241,1145.611,48.6299999999999,40000.0,1945200.0,0.0424489639153254,1,21.62518055555556,14.921138887475545,876090.704225352,593584.408110889,72,1.8098363434651468,1.8011074434672902,2.2487673513323223
Q0245675,2023,7,169.632,168.545,1.08700000000002,40000.0,43480.0000000007,0.0064493162063545,1,4.502444444444445,6.186569902144633,171208.25396825396,235012.7058921989,63,-0.5520740084518286,-0.5434950994813134,0.241424411430832
Q0245847,2023,7,2457.145,2371.679,85.4659999999999,20000.0,1709320.0,0.0360360740218216,1,54.00253333333333,32.792040365511475,1376707.7333333334,738008.7368551424,75,0.9594848724252542,0.4506887927696069,1.5826294568896748
0,2023,7,28.6,2023.0,16.0,402.0,6.7,0.0079090459713297,0,124.9524761904762,473.5156850711432,42.16047619047619,114.3483941579356,35,-0.2300926445004808,-0.3101090876842479,0.1280486828897234
13193134,2023,8,36780.7,35347.0,1433.7,12000.0,17204400.0,0.0405607265114436,1,1150.2500000000002,210.83145770809924,13802040.000000006,2535279.5498053106,60,1.3444388379292171,1.3420058550392475,1.2464246902847205
13190208,2023,8,28398.1,27361.7,1036.4,9000.0,9327599.99999998,0.0378777634430609,1,940.471186440678,103.35158616277336,8464240.677966101,930164.2754649604,59,0.928179403151482,0.9281794031514614,1.1020008001758943
14192934,2023,8,30067.6,29189.5,878.099999999999,9000.0,7902899.99999999,0.030082735230134,1,621.3745762711865,136.1921912582771,5592371.186440678,1225729.7213244932,59,1.8850230792010256,1.8850230792010256,1.4131572702401165
Q0259508,2023,8,248.275,171.233,77.042,120000.0,9245040.0,0.4499249560540316,1,70.05541935483872,10.102394029054672,8406650.322580647,1212287.2834865605,31,0.691576731720001,0.6915767317200006,1.09972933870788
Q0245881,2023,8,229.92,221.422,8.49799999999999,20000.0,169960.0,0.0383792035118461,1,5.491263888888889,3.54975705176635,110582.81690140846,71206.78268622402,72,0.8470258857898338,0.8338697643487116,1.5475490109289738
Q0245703,2023,8,325.126,311.015,14.111,20000.0,282220.0,0.045370802051348,1,7.250782608695652,4.617262983933441,147553.7777777778,91751.76558343042,46,1.485775753985782,1.4677234968276376,1.9461347500719564
Q0245763,2023,8,218.562,210.238,8.32400000000001,40000.0,332960.0,0.0395932229187873,1,5.324028169014084,2.556519765908508,212961.12676056335,102260.7906363403,71,1.1734592749842596,1.1734592749842554,1.5634778283942603
Q0245756,2023,8,259.373,256.765,2.608,40000.0,104320.0,0.0101571475863143,1,4.927042253521127,4.819802463162096,197081.69014084508,192792.09852648395,71,-0.4811488170408726,-0.4811488170408724,0.52932365216397
Q0245885,2023,8,707.597,707.597,0.0,40000.0,0.0,0.0,1,10.859778378378376,18.73837633034432,344557.15068493143,1059402.593219086,74,-0.5795474584845649,-0.3252372166071114,0.0
Q0245739,2023,8,1708.989,1671.445,37.5440000000001,10000.0,375440.000000001,0.0224620014418662,1,39.94781944444444,11.267900132210784,415160.42253521126,104383.1187971452,72,-0.213333399856172,-0.3805253473255734,0.9398260160911328
Q0245809,2023,8,977.376,949.796,27.5799999999999,20000.0,551599.999999999,0.0290378144359419,1,23.615661971830985,5.396258698510247,487234.3661971831,137110.4789652949,71,0.7346456590866102,0.4694435778253532,1.1678690198435944
Q0245113,2023,8,1595.051,1569.061,25.99,40000.0,1039600.0,0.0165640469044861,1,24.286676056338035,20.28085999217323,965589.014084507,813747.7718576561,71,0.0839867709909396,0.0909507693600656,1.070134090795741
Q0245930,2023,8,2367.351,2304.267,63.0840000000003,40000.0,2523360.00000001,0.0273770357341403,1,77.40174999999999,143.8936639763133,2267442.5,526540.6872759613,72,-0.0995022963787799,0.4860355641726178,0.8150203322276345
Q0245713,2023,8,1074.471,1037.656,36.8150000000001,40000.0,1472600.0,0.0354790026752604,1,32.79048611111111,15.874084052531863,1311619.4444444445,634963.3621012745,72,0.2535273138009555,0.2535273138009494,1.1227341941577766
20002075,2023,8,51.0,50.7,0.299999999999997,2000.0,599.999999999994,0.0059171597633135,1,1.057627118644068,1.1199143116590644,2162.71186440678,2283.818513313473,59,-0.6765045421392164,-0.684253961204443,0.2836538461538432
20002088,2023,8,23875.7,22711.6,1164.1,2000.0,2328200.0,0.0512557459624156,1,896.7833898305083,233.7418281117024,1815122.711864407,472306.7131964677,59,1.1436404529263124,1.086322243152546,1.2980838106513262
Q0469696,2023,8,1.71,1.473,0.237,30000.0,7110.0,0.1608961303462321,1,0.1675434782608695,0.0684068568758487,5026.304347826088,2052.2057062754616,46,1.0153444393036033,1.0153444393036024,1.4145581938497471
Q0469732,2023,8,461.042,461.042,0.0,40000.0,0.0,0.0,1,11.759176470588235,17.721981224124892,653498.6274509804,1177917.198062783,51,-0.6635362221567245,-0.5547916513365557,0.0
Q0245916,2023,8,1955.809,1890.487,65.3219999999999,120000.0,7838639.99999999,0.0345530014223847,1,44.12260294117647,12.08437567798017,5366090.149253732,1335301.248486868,68,1.75428153044368,1.8516794270566983,1.4804656943536656
KEB07711,2023,8,0.0,0.0,0.0,20000.0,0.0,0.0,1,0.1834782608695662,0.7445452523857999,3669.5652173913177,14890.905047715944,46,-0.2464299655147,-0.2464299655147003,0.0
Q0245899,2023,8,385.955,373.15,12.805,20000.0,256100.0,0.0343159587297333,1,9.431333333333336,3.55236493731814,190886.19718309864,68898.3537511435,72,0.949695970485965,0.9465219307336354,1.357708348059659
Q0603811,2023,8,325.79,266.131,59.659,20000.0,1193180.0,0.2241715546103235,1,46.64197142857143,12.654643598964242,932839.4285714288,253092.87197928483,35,1.0286365214184292,1.0286365214184288,1.2790840132339418
Q0245949,2023,8,1667.326,1627.846,39.48,20000.0,789600.0,0.0242529084446563,1,37.31822222222222,12.470915139988511,764864.2253521127,242559.7629313648,72,0.1733455607316216,0.1019780624327482,1.0579282090369913
Q0245773,2023,8,1356.944,1313.708,43.2359999999999,40000.0,1729440.0,0.0329114232386496,1,29.999624999999973,45.97636836445583,1004875.5555555556,577514.2749601826,72,0.287895183348864,1.254626034125997,1.441218015225188
Q0245716,2023,8,1242.873,1194.241,48.6320000000001,40000.0,1945280.0,0.0407220988058525,1,21.62518055555556,14.921138887475545,876090.704225352,593584.408110889,72,1.809970381491016,1.801242217896852,2.248859836109273
Q0245675,2023,8,169.775,169.632,0.143000000000001,40000.0,5720.00000000003,0.0008430013205055,1,4.502444444444445,6.186569902144633,171208.25396825396,235012.7058921989,63,-0.7046626019586721,-0.7041672633826187,0.031760525146834
Q0245847,2023,8,2547.052,2457.145,89.9070000000002,20000.0,1798140.0,0.0365900262296283,1,54.00253333333333,32.792040365511475,1376707.7333333334,738008.7368551424,75,1.0949140787356688,0.5710396715118916,1.6648663396038248
0,2023,8,30.1,2023.0,16.0,545.0,9.08333333333333,0.0079090459713297,0,124.9524761904762,473.5156850711432,42.16047619047619,114.3483941579356,35,-0.2300926445004808,-0.2892663521925582,0.1280486828897234
13193134,2023,9,38076.2,36780.7,1295.5,12000.0,15546000.0,0.0352222769006571,1,1150.2500000000002,210.83145770809924,13802040.000000006,2535279.5498053106,60,0.6889389352944738,0.6878768063797607,1.1262768963268852
13190208,2023,9,29357.4,28398.1,959.300000000003,9000.0,8633700.00000003,0.0337804289723609,1,940.471186440678,103.35158616277336,8464240.677966101,930164.2754649604,59,0.1821821440618287,0.1821821440618338,1.0200206171446726
14192934,2023,9,30838.1,30067.6,770.5,9000.0,6934500.0,0.0256255903364418,1,621.3745762711865,136.1921912582771,5592371.186440678,1225729.7213244932,59,1.094963098479043,1.0949630984790435,1.239992798906743
Q0259508,2023,9,319.587,248.275,71.312,120000.0,8557440.0,0.2872298862148826,1,70.05541935483872,10.102394029054672,8406650.322580647,1212287.2834865605,31,0.1243844420983115,0.1243844420983113,1.0179369512984648
Q0245881,2023,9,234.762,229.92,4.84200000000001,20000.0,96840.0000000003,0.0210594989561587,1,5.491263888888889,3.54975705176635,110582.81690140846,71206.78268622402,72,-0.1829037535303455,-0.1929987057829379,0.8817642163942241
Q0245703,2023,9,330.774,325.126,5.64800000000002,20000.0,112960.0,0.0173717266536666,1,7.250782608695652,4.617262983933441,147553.7777777778,91751.76558343042,46,-0.3471282909968068,-0.3770366440122777,0.7789503981579228
Q0245763,2023,9,222.7,218.562,4.13799999999998,40000.0,165519.999999999,0.0189328428546589,1,5.324028169014084,2.556519765908508,212961.12676056335,102260.7906363403,71,-0.4639229411913527,-0.4639229411913549,0.777231049242601
Q0245756,2023,9,260.703,259.373,1.32999999999998,40000.0,53199.9999999994,0.0051277503826534,1,4.927042253521127,4.819802463162096,197081.69014084508,192792.09852648395,71,-0.746304912081658,-0.7463049120816565,0.2699388256817751
Q0245885,2023,9,707.732,707.597,0.134999999999991,40000.0,5399.99999999964,0.0001907865635382,1,10.859778378378376,18.73837633034432,344557.15068493143,1059402.593219086,74,-0.5723429922266546,-0.3201400042399118,0.0124311929117055
Q0245739,2023,9,1744.616,1708.989,35.627,10000.0,356270.0,0.0208468281539553,1,39.94781944444444,11.267900132210784,415160.42253521126,104383.1187971452,72,-0.3834627032318829,-0.5641757327605531,0.8918384155997947
Q0245809,2023,9,1002.216,977.376,24.84,20000.0,496800.000000001,0.0254149887044494,1,23.615661971830985,5.396258698510247,487234.3661971831,137110.4789652949,71,0.2268864590400419,0.0697658842344146,1.051844323891044
Q0245113,2023,9,1619.818,1595.051,24.7670000000001,40000.0,990680.000000002,0.01552740319902,1,24.286676056338035,20.28085999217323,965589.014084507,813747.7718576561,71,0.0236836082812775,0.0308338612813848,1.019777261513591
Q0245930,2023,9,2429.06,2367.351,61.7089999999998,40000.0,2468359.99999999,0.0260666880407678,1,77.40174999999999,143.8936639763133,2267442.5,526540.6872759613,72,-0.109057963821002,0.3815801985586897,0.7972558759976331
Q0245713,2023,9,1110.073,1074.471,35.6020000000001,40000.0,1424080.0,0.0331344447639816,1,32.79048611111111,15.874084052531863,1311619.4444444445,634963.3621012745,72,0.1771134560951609,0.1771134560951544,1.0857417569035768
20002075,2023,9,51.3,51.0,0.299999999999997,2000.0,599.999999999994,0.0058823529411764,1,1.057627118644068,1.1199143116590644,2162.71186440678,2283.818513313473,59,-0.6765045421392164,-0.684253961204443,0.2836538461538432
20002088,2023,9,25034.6,23875.7,1158.9,2000.0,2317800.0,0.0485388910063369,1,896.7833898305083,233.7418281117024,1815122.711864407,472306.7131964677,59,1.121393685875638,1.0643026535311852,1.2922853089629946
Q0469696,2023,9,1.893,1.71,0.183,30000.0,5490.0,0.1070175438596491,1,0.1675434782608695,0.0684068568758487,5026.304347826088,2052.2057062754616,46,0.2259498893098162,0.2259498893098154,1.0922537952510705
Q0469732,2023,9,461.043,461.042,0.0010000000000332,40000.0,40.0000000013279,2.168999787510032e-06,1,11.759176470588235,17.721981224124892,653498.6274509804,1177917.198062783,51,-0.6634797950571025,-0.5547576930922351,8.503996878815244e-05
Q0245916,2023,9,2013.112,1955.809,57.3030000000001,120000.0,6876360.00000001,0.0292988732539834,1,44.12260294117647,12.08437567798017,5366090.149253732,1335301.248486868,68,1.0906973938952098,1.1310330552432877,1.298722110216288
KEB07711,2023,9,0.0,0.0,0.0,20000.0,0.0,0.0,1,0.1834782608695662,0.7445452523857999,3669.5652173913177,14890.905047715944,46,-0.2464299655147,-0.2464299655147003,0.0
Q0245899,2023,9,396.815,385.955,10.86,20000.0,217200.0,0.0281379953621536,1,9.431333333333336,3.55236493731814,190886.19718309864,68898.3537511435,72,0.402173394872329,0.3819220835369325,1.1514808793383755
Q0603811,2023,9,379.041,325.79,53.251,20000.0,1065020.0,0.1634519168789711,1,46.64197142857143,12.654643598964242,932839.4285714288,253092.87197928483,35,0.5222611383515774,0.5222611383515771,1.1416970245683071
Q0245949,2023,9,1691.866,1667.326,24.54,20000.0,490799.999999999,0.0147181774889853,1,37.31822222222222,12.470915139988511,764864.2253521127,242559.7629313648,72,-1.0246419030828229,-1.1298832998516055,0.65758759497892
Q0245773,2023,9,1398.241,1356.944,41.297,40000.0,1651880.0,0.0304338277777122,1,29.999624999999973,45.97636836445583,1004875.5555555556,577514.2749601826,72,0.2457213434181109,1.1203263235165104,1.3765838739650924
Q0245716,2023,9,1287.46,1242.873,44.587,40000.0,1783480.0,0.0358741399966046,1,21.62518055555556,14.921138887475545,876090.704225352,593584.408110889,72,1.5388784741973056,1.528660934107852,2.061809374745105
Q0245675,2023,9,169.775,169.775,0.0,40000.0,0.0,0.0,1,4.502444444444445,6.186569902144633,171208.25396825396,235012.7058921989,63,-0.7277771876276109,-0.7285063729566509,0.0
Q0245847,2023,9,2625.253,2547.052,78.201,20000.0,1564020.0,0.0307025533832838,1,54.00253333333333,32.792040365511475,1376707.7333333334,738008.7368551424,75,0.7379372066191108,0.2538076547235139,1.4480987311706364
13193134,2023,10,39420.9,38076.2,1344.7,12000.0,16136400.0000001,0.0353160241830855,1,1150.2500000000002,210.83145770809924,13802040.000000006,2535279.5498053106,60,0.9223006951326024,0.9207505342672588,1.1690502064768526
13190208,2023,10,30339.1,29357.4,981.699999999997,9000.0,8835299.99999997,0.0334396097747074,1,940.471186440678,103.35158616277336,8464240.677966101,930164.2754649604,59,0.3989180533173975,0.3989180533173971,1.0438384653923891
14192934,2023,10,31652.1,30838.1,814.0,9000.0,7326000.0,0.0263959193335516,1,621.3745762711865,136.1921912582771,5592371.186440678,1225729.7213244932,59,1.4143646706110744,1.414364670611075,1.3099988816483956
Q0259508,2023,10,392.551,319.587,72.964,120000.0,8755680.0,0.2283071589269901,1,70.05541935483872,10.102394029054672,8406650.322580647,1212287.2834865605,31,0.2879100376402017,0.2879100376402015,1.0415182818395388
Q0245881,2023,10,241.957,234.762,7.19499999999999,20000.0,143900.0,0.030648060589022,1,5.491263888888889,3.54975705176635,110582.81690140846,71206.78268622402,72,0.4799585116010478,0.4678933921983985,1.3102630187848865
Q0245703,2023,10,333.536,330.774,2.762,20000.0,55240.0,0.0083501121611734,1,7.250782608695652,4.617262983933441,147553.7777777778,91751.76558343042,46,-0.9721739100231332,-1.006125355635106,0.3809243979660366
Q0245763,2023,10,229.317,222.7,6.61700000000002,40000.0,264680.000000001,0.0297126178715762,1,5.324028169014084,2.556519765908508,212961.12676056335,102260.7906363403,71,0.5057546779914899,0.5057546779914914,1.242855933503705
Q0245756,2023,10,263.316,260.703,2.613,40000.0,104520.0,0.0100228996214082,1,4.927042253521127,4.819802463162096,197081.69014084508,192792.09852648395,71,-0.4801114301275676,-0.4801114301275673,0.530338459779315
Q0245885,2023,10,707.732,707.732,0.0,40000.0,0.0,0.0,1,10.859778378378376,18.73837633034432,344557.15068493143,1059402.593219086,74,-0.5795474584845649,-0.3252372166071114,0.0
Q0245739,2023,10,1783.408,1744.616,38.7919999999999,10000.0,387919.999999999,0.0222352655254794,1,39.94781944444444,11.267900132210784,415160.42253521126,104383.1187971452,72,-0.1025762946851539,-0.2609657849766916,0.9710667700886167
Q0245809,2023,10,1029.518,1002.216,27.302,20000.0,546040.0,0.0272416325422862,1,23.615661971830985,5.396258698510247,487234.3661971831,137110.4789652949,71,0.6831284847753328,0.4288923373807312,1.1560971711301644
Q0245113,2023,10,1646.828,1619.818,27.01,40000.0,1080400.0,0.0166747128381089,1,24.286676056338035,20.28085999217323,965589.014084507,813747.7718576561,71,0.1342804962271299,0.1410891554927368,1.1121324275641775
Q0245930,2023,10,2491.19,2429.06,62.1300000000001,40000.0,2485200.0,0.0255777955258413,1,77.40174999999999,143.8936639763133,2267442.5,526540.6872759613,72,-0.1061321921896006,0.413562532321216,0.8026950295051483
Q0245713,2023,10,1146.846,1110.073,36.7729999999999,40000.0,1470920.0,0.0331266502293091,1,32.79048611111111,15.874084052531863,1311619.4444444445,634963.3621012745,72,0.2508814918523498,0.2508814918523564,1.1214533348299252
20002075,2023,10,51.7,51.3,0.400000000000006,2000.0,800.000000000011,0.0077972709551658,1,1.057627118644068,1.1199143116590644,2162.71186440678,2283.818513313473,59,-0.5872119963087529,-0.5966813284255593,0.3782051282051338
20002088,2023,10,26044.1,25034.6,1009.5,2000.0,2019000.0,0.0403241913192142,1,896.7833898305083,233.7418281117024,1815122.711864407,472306.7131964677,59,0.4822269556120087,0.4316629055636252,1.1256898950713117
Q0469696,2023,10,2.099,1.893,0.206,30000.0,6180.00000000001,0.1088219756999471,1,0.1675434782608695,0.0684068568758487,5026.304347826088,2052.2057062754616,46,0.5621734939367996,0.5621734939368037,1.2295315946542105
Q0469732,2023,10,461.043,461.043,0.0,40000.0,0.0,0.0,1,11.759176470588235,17.721981224124892,653498.6274509804,1177917.198062783,51,-0.6635362221567245,-0.5547916513365557,0.0
Q0245916,2023,10,2073.649,2013.112,60.5369999999998,120000.0,7264439.99999998,0.0300713522148791,1,44.12260294117647,12.08437567798017,5366090.149253732,1335301.248486868,68,1.3583156876472495,1.4216641023120544,1.3720178766585176
KEB07711,2023,10,0.0,0.0,0.0,20000.0,0.0,0.0,1,0.1834782608695662,0.7445452523857999,3669.5652173913177,14890.905047715944,46,-0.2464299655147,-0.2464299655147003,0.0
Q0245899,2023,10,408.892,396.815,12.077,20000.0,241540.0,0.0304348373927396,1,9.431333333333336,3.55236493731814,190886.19718309864,68898.3537511435,72,0.7447620707190103,0.7351961267443297,1.2805188379161658
Q0603811,2023,10,437.468,379.041,58.427,20000.0,1168540.0,0.1541442746299213,1,46.64197142857143,12.654643598964242,932839.4285714288,253092.87197928483,35,0.9312809546365376,0.9312809546365372,1.2526700353881146
Q0245949,2023,10,1721.023,1691.866,29.1569999999999,20000.0,583139.999999998,0.0172336343421996,1,37.31822222222222,12.470915139988511,764864.2253521127,242559.7629313648,72,-0.6544204760124632,-0.7491936137962656,0.7813073148655383
Q0245773,2023,10,1439.016,1398.241,40.7750000000001,40000.0,1631000.0,0.029161639517079,1,29.999624999999973,45.97636836445583,1004875.5555555556,577514.2749601826,72,0.2343676846023038,1.084171373058464,1.359183656462377
Q0245716,2023,10,1333.651,1287.46,46.191,40000.0,1847640.0,0.0358776194988582,1,21.62518055555556,14.921138887475545,876090.704225352,593584.408110889,72,1.6463769709337952,1.6367500266165185,2.13598216585218
Q0245675,2023,10,172.117,169.775,2.34199999999998,40000.0,93679.9999999994,0.0137947283168898,1,4.502444444444445,6.186569902144633,171208.25396825396,235012.7058921989,63,-0.3492152321265337,-0.3298896273455828,0.5201618873698193
Q0245847,2023,10,2705.173,2625.253,79.9199999999996,20000.0,1598399.99999999,0.0304427801815671,1,54.00253333333333,32.792040365511475,1376707.7333333334,738008.7368551424,75,0.7903584643645587,0.3003924690801739,1.4799305711583828
0,2023,10,30.1,2023.0,7.0,468.0,7.8,0.0034602076124567,0,124.9524761904762,473.5156850711432,42.16047619047619,114.3483941579356,35,-0.2490994066495484,-0.3004893636111603,0.0560212987642539
13193134,2023,11,40753.5,39420.9,1332.6,12000.0,15991200.0,0.0338044032480232,1,1150.2500000000002,210.83145770809924,13802040.000000006,2535279.5498053106,60,0.8649088802130621,0.8634787434656287,1.1585307541838727
13190208,2023,11,31293.2,30339.1,954.100000000002,9000.0,8586900.00000002,0.0314478676031919,1,940.471186440678,103.35158616277336,8464240.677966101,930164.2754649604,59,0.131868450841762,0.1318684508417675,1.01449147380145
14192934,2023,11,32477.5,31652.1,825.400000000001,9000.0,7428600.00000001,0.0260772586968953,1,621.3745762711865,136.1921912582771,5592371.186440678,1225729.7213244932,59,1.4980699102043038,1.4980699102043056,1.3283453033324166
Q0259508,2023,11,463.467,392.551,70.916,120000.0,8509920.0,0.1806542334626583,1,70.05541935483872,10.102394029054672,8406650.322580647,1212287.2834865605,31,0.0851858126584878,0.0851858126584878,1.012284283686924
Q0245881,2023,11,248.772,241.957,6.815,20000.0,136300.0,0.0281661617560145,1,5.491263888888889,3.54975705176635,110582.81690140846,71206.78268622402,72,0.3729089320218193,0.3611619866595504,1.2410621922194598
Q0831929,2023,11,9.345,0.0,9.345,20000.0,186900.0,0.0,1,8.728961538461537,4.52112446615458,174579.23076923078,90422.48932309158,26,0.1362577974019884,0.1362577974019878,1.0705740836208382
Q0245763,2023,11,235.708,229.317,6.39099999999999,40000.0,255640.0,0.0278697174653426,1,5.324028169014084,2.556519765908508,212961.12676056335,102260.7906363403,71,0.4173532492156334,0.4173532492156371,1.2004068718485934
Q0245756,2023,11,266.719,263.316,3.40300000000002,40000.0,136120.000000001,0.0129236354798038,1,4.927042253521127,4.819802463162096,197081.69014084508,192792.09852648395,71,-0.3162042978253591,-0.3162042978253579,0.6906780630038346
Q0245885,2023,11,707.732,707.732,0.0,40000.0,0.0,0.0,1,10.859778378378376,18.73837633034432,344557.15068493143,1059402.593219086,74,-0.5795474584845649,-0.3252372166071114,0.0
Q0245739,2023,11,1822.198,1783.408,38.7900000000002,10000.0,387900.000000002,0.0217504911943874,1,39.94781944444444,11.267900132210784,415160.42253521126,104383.1187971452,72,-0.1027537900459787,-0.2611573868394017,0.9710167047777308
Q0245809,2023,11,1054.809,1029.518,25.2909999999999,20000.0,505819.999999999,0.0245658648027522,1,23.615661971830985,5.396258698510247,487234.3661971831,137110.4789652949,71,0.3104628821133851,0.1355522491283855,1.070941819465712
Q0245113,2023,11,1675.349,1646.828,28.521,40000.0,1140840.0,0.0173187485274722,1,24.286676056338035,20.28085999217323,965589.014084507,813747.7718576561,71,0.2087842401799564,0.2153627843618213,1.1743476107574196
Q0245930,2023,11,2552.56,2491.19,61.3699999999999,40000.0,2454800.0,0.0246348130812984,1,77.40174999999999,143.8936639763133,2267442.5,526540.6872759613,72,-0.1114138701940282,0.3558272029637198,0.7928761300616576
Q0245713,2023,11,1182.255,1146.846,35.4090000000001,40000.0,1416360.0,0.0308751131363758,1,32.79048611111111,15.874084052531863,1311619.4444444445,634963.3621012745,72,0.1649552742837686,0.1649552742837624,1.0798559033256203
20002075,2023,11,52.0,51.7,0.299999999999997,2000.0,599.999999999994,0.0058027079303674,1,1.057627118644068,1.1199143116590644,2162.71186440678,2283.818513313473,59,-0.6765045421392164,-0.684253961204443,0.2836538461538432
20002088,2023,11,26958.4,26044.1,914.300000000003,2000.0,1828600.00000001,0.0351058397103375,1,896.7833898305083,233.7418281117024,1815122.711864407,472306.7131964677,59,0.0749399896073531,0.0285350340341168,1.0195327103157044
Q0469696,2023,11,2.285,2.099,0.186,30000.0,5580.0,0.0886136255359695,1,0.1675434782608695,0.0684068568758487,5026.304347826088,2052.2057062754616,46,0.2698051420872489,0.269805142087248,1.1101595951732193
Q0469732,2023,11,461.044,461.043,0.0009999999999763,40000.0,39.9999999990541,2.168995082836742e-06,1,11.759176470588235,17.721981224124892,653498.6274509804,1177917.198062783,51,-0.6634797950571057,-0.554757693092237,8.503996878331366e-05
Q0603720,2023,11,11.8,8.9,2.9,1000.0,2900.0,0.3258426966292134,1,2.603846153846154,0.3725380723961188,2603.846153846154,372.5380723961191,26,0.7949626309306349,0.794962630930635,1.1137370753323486
Q0245916,2023,11,2135.054,2073.649,61.4050000000002,120000.0,7368600.00000002,0.0296120510269578,1,44.12260294117647,12.08437567798017,5366090.149253732,1335301.248486868,68,1.430143974282036,1.4996689720881224,1.3916903334525468
Q0245899,2023,11,420.814,408.892,11.922,20000.0,238440.000000001,0.0291568433718439,1,9.431333333333336,3.55236493731814,190886.19718309864,68898.3537511435,72,0.7011291662356617,0.6902023085872803,1.2640842581466034
Q0603811,2023,11,492.079,437.468,54.611,20000.0,1092220.0,0.1248342735925827,1,46.64197142857143,12.654643598964242,932839.4285714288,253092.87197928483,35,0.6297315692147044,0.6297315692147041,1.170855311800714
Q0245949,2023,11,1750.368,1721.023,29.345,20000.0,586900.000000001,0.0170509051883676,1,37.31822222222222,12.470915139988511,764864.2253521127,242559.7629313648,72,-0.6393453994932374,-0.7336922793846428,0.7863450682419075
Q0245773,2023,11,1481.42,1439.016,42.404,40000.0,1696160.0,0.0294673582503599,1,29.999624999999973,45.97636836445583,1004875.5555555556,577514.2749601826,72,0.2697989302171549,1.196999752936161,1.4134843352208584
Q0245716,2023,11,1379.277,1333.651,45.626,40000.0,1825040.0,0.0342113491460659,1,21.62518055555556,14.921138887475545,876090.704225352,593584.408110889,72,1.6085112286294827,1.5986762502652736,2.109855216366209
Q0245675,2023,11,174.878,172.117,2.761,40000.0,110440.0,0.0160414136895251,1,4.502444444444445,6.186569902144633,171208.25396825396,235012.7058921989,63,-0.2814878797119478,-0.2585743342580318,0.6132224470657913
Q0245847,2023,11,2790.669,2705.173,85.4960000000001,20000.0,1709920.0,0.0316046330493466,1,54.00253333333333,32.792040365511475,1376707.7333333334,738008.7368551424,75,0.9603997285813765,0.4515017912749589,1.5831849863833567
0,2023,11,29.8,29.0,9.0,492.0,9.0,0.3103448275862069,0,124.9524761904762,473.5156850711432,42.16047619047619,114.3483941579356,35,-0.2448756817275334,-0.2899951191677921,0.0720273841254694
13193134,2023,12,42200.1,40753.5,1446.6,12000.0,17359200.0,0.035496337737863,1,1150.2500000000002,210.83145770809924,13802040.000000006,2535279.5498053106,60,1.4056251530087258,1.4030642105219349,1.2576396435557484
13190208,2023,12,32340.0,31293.2,1046.8,9000.0,9421199.99999999,0.0334513568442984,1,940.471186440678,103.35158616277336,8464240.677966101,930164.2754649604,59,1.028806789591593,1.028806789591586,1.1130590868623371
14192934,2023,12,33362.6,32477.5,885.099999999999,9000.0,7965899.99999999,0.0272527134169809,1,621.3745762711865,136.1921912582771,5592371.186440678,1225729.7213244932,59,1.936421033337215,1.936421033337215,1.4244226168881986
Q0259508,2023,12,541.267,463.467,77.8000000000001,120000.0,9336000.00000001,0.1678652417539978,1,70.05541935483872,10.102394029054672,8406650.322580647,1212287.2834865605,31,0.7666084517083595,0.7666084517083573,1.1105493438835072
Q0245881,2023,12,256.545,248.772,7.77300000000002,20000.0,155460.0,0.0312454777868892,1,5.491263888888889,3.54975705176635,110582.81690140846,71206.78268622402,72,0.6427865563294664,0.6302374774653832,1.415521118139675
Q0831929,2023,12,21.796,9.345,12.451,20000.0,249020.0,1.3323702514713751,1,8.728961538461537,4.52112446615458,174579.23076923078,90422.48932309158,26,0.8232550307787091,0.8232550307787088,1.426401061012633
Q0245763,2023,12,242.801,235.708,7.09299999999999,40000.0,283720.0,0.0300923176133181,1,5.324028169014084,2.556519765908508,212961.12676056335,102260.7906363403,71,0.6919452978910448,0.6919452978910484,1.332261921768436
Q0245756,2023,12,270.41,266.719,3.69100000000003,40000.0,147640.000000001,0.0138385341876657,1,4.927042253521127,4.819802463162096,197081.69014084508,192792.09852648395,71,-0.2564508116189838,-0.2564508116189847,0.7491309816477106
Q0245885,2023,12,707.878,707.732,0.146000000000072,40000.0,5840.00000000287,0.0002062927774921,1,10.859778378378376,18.73837633034432,344557.15068493143,1059402.593219086,74,-0.5717559616426724,-0.3197246758248036,0.0134441049267409
Q0245739,2023,12,1863.73,1822.198,41.5319999999999,10000.0,415319.999999999,0.0227922541897202,1,39.94781944444444,11.267900132210784,415160.42253521126,104383.1187971452,72,0.1405923496807418,0.001528766975222,1.039656246012591
Q0245809,2023,12,1080.239,1054.809,25.4300000000001,20000.0,508600.000000001,0.0241086300932207,1,23.615661971830985,5.396258698510247,487234.3661971831,137110.4789652949,71,0.3362214692690699,0.1558278693507148,1.0768277438224376
Q0245113,2023,12,1706.513,1675.349,31.164,40000.0,1246560.0,0.0186014973596546,1,24.286676056338035,20.28085999217323,965589.014084507,813747.7718576561,71,0.3391041576302019,0.3452801907820664,1.2831727127956325
Q0245930,2023,12,2611.89,2552.56,59.3299999999999,40000.0,2373200.0,0.0232433321841601,1,77.40174999999999,143.8936639763133,2267442.5,526540.6872759613,72,-0.1255910058901198,0.2008534241620196,0.7665201368186108
Q0245713,2023,12,1217.525,1182.255,35.27,40000.0,1410800.0,0.0298328194847981,1,32.79048611111111,15.874084052531863,1311619.4444444445,634963.3621012745,72,0.1561988635491331,0.156198863549133,1.0756168688834629
20002075,2023,12,52.3,52.0,0.299999999999997,2000.0,599.999999999994,0.0057692307692307,1,1.057627118644068,1.1199143116590644,2162.71186440678,2283.818513313473,59,-0.6765045421392164,-0.684253961204443,0.2836538461538432
20002088,2023,12,28194.0,26958.4,1235.6,2000.0,2471200.0,0.0458335806279304,1,896.7833898305083,233.7418281117024,1815122.711864407,472306.7131964677,59,1.449533499873096,1.389091600446258,1.3778132088658863
Q0469696,2023,12,2.499,2.285,0.214,30000.0,6420.0,0.0936542669584245,1,0.1675434782608695,0.0684068568758487,5026.304347826088,2052.2057062754616,46,0.67912083467662,0.6791208346766191,1.2772803944466071
Q0469732,2023,12,461.044,461.044,0.0,40000.0,0.0,0.0,1,11.759176470588235,17.721981224124892,653498.6274509804,1177917.198062783,51,-0.6635362221567245,-0.5547916513365557,0.0
Q0603720,2023,12,14.5,11.8,2.7,1000.0,2700.0,0.2288135593220339,1,2.603846153846154,0.3725380723961188,2603.846153846154,372.5380723961191,26,0.2581047503021546,0.2581047503021543,1.0369276218611525
Q0245916,2023,12,2200.909,2135.054,65.855,120000.0,7902600.0,0.0308446531094763,1,44.12260294117647,12.08437567798017,5366090.149253732,1335301.248486868,68,1.7983880705085773,1.8995787307325456,1.4925456707029912
Q0245899,2023,12,432.947,420.814,12.133,20000.0,242660.0,0.0288322156582242,1,9.431333333333336,3.55236493731814,190886.19718309864,68898.3537511435,72,0.7605262168549297,0.7514519578204301,1.2864564925425883
Q0603811,2023,12,547.972,492.079,55.893,20000.0,1117860.0,0.1135854202272399,1,46.64197142857143,12.654643598964242,932839.4285714288,253092.87197928483,35,0.7310382547783288,0.7310382547783283,1.198341285500674
Q0245949,2023,12,1787.244,1750.368,36.876,20000.0,737520.0,0.0210675697910382,1,37.31822222222222,12.470915139988511,764864.2253521127,242559.7629313648,72,-0.0354602863749923,-0.1127319099493432,0.9881499654622108
Q0245773,2023,12,1527.977,1481.42,46.557,40000.0,1862280.0,0.0314272792320881,1,29.999624999999973,45.97636836445583,1004875.5555555556,577514.2749601826,72,0.3601279437459979,1.4846463223849475,1.5519193989924889
Q0245716,2023,12,1426.224,1379.277,46.9469999999999,40000.0,1877880.0,0.034037397854093,1,21.62518055555556,14.921138887475545,876090.704225352,593584.408110889,72,1.697043344707346,1.6876947609909274,2.1709414115360586
Q0245675,2023,12,175.055,174.878,0.177000000000021,40000.0,7080.00000000084,0.0010121341735382,1,4.502444444444445,6.186569902144633,171208.25396825396,235012.7058921989,63,-0.699166826345075,-0.6983803422251531,0.0393119786782535
Q0245847,2023,12,2887.562,2790.669,96.893,20000.0,1937860.0,0.0347203484182466,1,54.00253333333333,32.792040365511475,1376707.7333333334,738008.7368551424,75,1.3079535822899284,0.7603599234582104,1.7942306410316553
0,2023,12,30.1,23.0,7.0,396.0,6.6,0.3043478260869565,0,124.9524761904762,473.5156850711432,42.16047619047619,114.3483941579356,35,-0.2490994066495484,-0.3109836080545285,0.0560212987642539
13193134,2024,1,43550.2,42200.1,1350.1,12000.0,16201200.0,0.0319928151829024,1,1150.2500000000002,210.83145770809924,13802040.000000006,2535279.5498053106,60,0.9479135712123964,0.9463098458646232,1.173744838078678
13190208,2024,1,33325.5,32340.0,985.5,9000.0,8869500.0,0.0304730983302411,1,940.471186440678,103.35158616277336,8464240.677966101,930164.2754649604,59,0.4356857522090064,0.4356857522090088,1.0478789932201311
14192934,2024,1,34179.7,33362.6,817.099999999999,9000.0,7353899.99999999,0.0244914964661027,1,621.3745762711865,136.1921912582771,5592371.186440678,1225729.7213244932,59,1.437126621728522,1.437126621728522,1.3149878208782588
Q0259508,2024,1,614.514,541.267,73.247,120000.0,8789639.99999999,0.1353250798589235,1,70.05541935483872,10.102394029054672,8406650.322580647,1212287.2834865605,31,0.3159231995883585,0.3159231995883506,1.045557940763948
Q0245881,2024,1,264.742,256.545,8.197,20000.0,163940.0,0.0319515094817673,1,5.491263888888889,3.54975705176635,110582.81690140846,71206.78268622402,72,0.7622313503862872,0.7493272562771505,1.492734671991623
Q0831929,2024,1,35.929,21.796,14.133,20000.0,282660.0,0.6484217287575702,1,8.728961538461537,4.52112446615458,174579.23076923078,90422.48932309158,26,1.195286372227403,1.1952863722274032,1.619092939947919
Q0245763,2024,1,251.216,242.801,8.41500000000002,40000.0,336600.000000001,0.0346580121169188,1,5.324028169014084,2.556519765908508,212961.12676056335,102260.7906363403,71,1.2090545405532982,1.2090545405533,1.5805701496801678
Q0245756,2024,1,274.546,270.41,4.13599999999997,40000.0,165439.999999999,0.0152952923338632,1,4.927042253521127,4.819802463162096,197081.69014084508,192792.09852648395,71,-0.1641233763348432,-0.164123376334842,0.8394488594134065
Q0245885,2024,1,707.916,707.878,0.0380000000000109,40000.0,1520.00000000044,5.368156659764945e-05,1,10.859778378378376,18.73837633034432,344557.15068493143,1059402.593219086,74,-0.5775195346490043,-0.3238024457185658,0.0034991505973702
Q0245739,2024,1,1902.267,1863.73,38.537,10000.0,385370.0,0.0206773513330793,1,39.94781944444444,11.267900132210784,415160.42253521126,104383.1187971452,72,-0.1252069531936503,-0.2853950224758566,0.9646834429497092
Q0245809,2024,1,1105.692,1080.239,25.453,20000.0,509059.999999999,0.0235623783255372,1,23.615661971830985,5.396258698510247,487234.3661971831,137110.4789652949,71,0.3404836815322162,0.1591828280925222,1.0778016737519622
Q0245113,2024,1,1727.189,1706.513,20.6760000000002,40000.0,827040.000000006,0.0121159346573979,1,24.286676056338035,20.28085999217323,965589.014084507,813747.7718576561,71,-0.1780336759748483,-0.1702603913350394,0.8513309912001908
Q0245930,2024,1,2672.45,2611.89,60.5599999999999,40000.0,2422400.0,0.0231862750728399,1,77.40174999999999,143.8936639763133,2267442.5,526540.6872759613,72,-0.1170430270145352,0.2942934966748095,0.7824112503916243
Q0245713,2024,1,1256.86,1217.525,39.3349999999998,40000.0,1573399.99999999,0.0323073448183813,1,32.79048611111111,15.874084052531863,1311619.4444444445,634963.3621012745,72,0.412276630716521,0.4122766307165177,1.1995857538284886
20002075,2024,1,52.6,52.3,0.300000000000004,2000.0,600.000000000009,0.005736137667304,1,1.057627118644068,1.1199143116590644,2162.71186440678,2283.818513313473,59,-0.6765045421392101,-0.6842539612044365,0.2836538461538498
20002088,2024,1,29224.7,28194.0,1030.7,2000.0,2061400.0,0.0365574235652975,1,896.7833898305083,233.7418281117024,1815122.711864407,472306.7131964677,59,0.5729253135878385,0.5214350786353271,1.1493299404160484
Q0469696,2024,1,2.69,2.499,0.191,30000.0,5730.0,0.0764305722288915,1,0.1675434782608695,0.0684068568758487,5026.304347826088,2052.2057062754616,46,0.3428972300496366,0.3428972300496357,1.1400025950434671
Q0469732,2024,1,461.044,461.044,0.0,40000.0,0.0,0.0,1,11.759176470588235,17.721981224124892,653498.6274509804,1177917.198062783,51,-0.6635362221567245,-0.5547916513365557,0.0
Q0603720,2024,1,17.2,14.5,2.7,1000.0,2700.0,0.1862068965517241,1,2.603846153846154,0.3725380723961188,2603.846153846154,372.5380723961191,26,0.2581047503021546,0.2581047503021543,1.0369276218611525
Q0245916,2024,1,2261.656,2200.909,60.7469999999998,120000.0,7289639.99999998,0.0276008685502216,1,44.12260294117647,12.08437567798017,5366090.149253732,1335301.248486868,68,1.3756934989298513,1.440536248225612,1.3767773420119096
Q0245899,2024,1,445.012,432.947,12.065,20000.0,241300.0,0.0278671523304238,1,9.431333333333336,3.55236493731814,190886.19718309864,68898.3537511435,72,0.7413840394041703,0.7317127343708796,1.279246483353361
Q0603811,2024,1,603.448,547.972,55.476,20000.0,1109520.0,0.1012387494251531,1,46.64197142857143,12.654643598964242,932839.4285714288,253092.87197928483,35,0.6980859241386788,0.6980859241386783,1.189400840077208
Q0245949,2024,1,1830.855,1787.244,43.6110000000001,20000.0,872220.000000002,0.024401256907283,1,37.31822222222222,12.470915139988511,764864.2253521127,242559.7629313648,72,0.5045963112682743,0.4425951499559591,1.1686248005144966
Q0245773,2024,1,1563.134,1527.977,35.1569999999999,40000.0,1406280.0,0.0230088541908679,1,29.999624999999973,45.97636836445583,1004875.5555555556,577514.2749601826,72,0.1121744753547579,0.6950554503126694,1.1719146489331094
Q0245716,2024,1,1462.576,1426.224,36.3520000000001,40000.0,1454080.0,0.0254882823455502,1,21.62518055555556,14.921138887475545,876090.704225352,593584.408110889,72,0.9869769027353466,0.9737272203866116,1.681003305688525
Q0245675,2024,1,177.109,175.055,2.054,40000.0,82160.0000000001,0.0117334551997943,1,4.502444444444445,6.186569902144633,171208.25396825396,235012.7058921989,63,-0.3957676843828547,-0.3789082536205536,0.4561966339272492
Q0245847,2024,1,2937.79,2887.562,50.2280000000001,20000.0,1004560.0,0.0173946048604324,0,54.00253333333333,32.792040365511475,1376707.7333333334,738008.7368551424,75,-0.1151051685488603,-0.5042592516169347,0.9301045136154126
Q0245847,2024,1,2961.598,2937.79,23.808,40000.0,952320.0,0.0081040510043263,0,54.00253333333333,32.792040365511475,1376707.7333333334,738008.7368551424,75,-0.9207884900352212,-0.5750443214829216,0.4408682061829198
14190822,2024,1,157.0,30.0,127.0,100.0,12700.0,4.233333333333333,0,631.0,492.8029855923112,63100.0,49280.29855923111,24,-1.022721076647356,-1.0227210766473562,0.2012678288431061
0,2024,1,30.0,2024.0,7.0,170.0,2.8,0.0034584980237154,0,124.9524761904762,473.5156850711432,42.16047619047619,114.3483941579356,35,-0.2490994066495484,-0.3442153821251948,0.0560212987642539
13193134,2024,2,44637.9,43550.2,1087.7,12000.0,13052400.0000001,0.0249757750825484,1,1150.2500000000002,210.83145770809924,13802040.000000006,2535279.5498053106,60,-0.2966824812576215,-0.2956833695351155,0.9456205172788524
13190208,2024,2,34261.0,33325.5,935.5,9000.0,8419500.0,0.0280715968252539,1,940.471186440678,103.35158616277336,8464240.677966101,930164.2754649604,59,-0.0480997595223045,-0.0480997595223022,0.994714153381464
14192934,2024,2,34696.8,34179.7,517.100000000006,9000.0,4653900.00000005,0.0151288630385874,1,621.3745762711865,136.1921912582771,5592371.186440678,1225729.7213244932,59,-0.7656428412509526,-0.7656428412509565,0.8321872502461835
Q0259508,2024,2,684.045,614.514,69.5309999999999,120000.0,8343719.99999999,0.1131479510637673,1,70.05541935483872,10.102394029054672,8406650.322580647,1212287.2834865605,31,-0.0519104039429241,-0.0519104039429236,0.9925142214596908
Q0245881,2024,2,274.704,264.742,9.96199999999999,20000.0,199240.0,0.0376290879422229,1,5.491263888888889,3.54975705176635,110582.81690140846,71206.78268622402,72,1.2594484765898206,1.2450665477931158,1.8141543006442036
Q0831929,2024,2,50.579,35.929,14.65,20000.0,293000.0,0.4077486153246681,1,8.728961538461537,4.52112446615458,174579.23076923078,90422.48932309158,26,1.3096384551816096,1.3096384551816094,1.6783210620701206
Q0245763,2024,2,260.319,251.216,9.10300000000001,40000.0,364120.0,0.0362357493153302,1,5.324028169014084,2.556519765908508,212961.12676056335,102260.7906363403,71,1.4781703945257771,1.4781703945257731,1.7097956117098692
Q0245756,2024,2,278.919,274.546,4.37299999999999,40000.0,174920.0,0.0159281140501044,1,4.927042253521127,4.819802463162096,197081.69014084508,192792.09852648395,71,-0.1149512366441778,-0.1149512366441756,0.8875507403807651
Q0245885,2024,2,707.916,707.916,0.0,40000.0,0.0,0.0,1,10.859778378378376,18.73837633034432,344557.15068493143,1059402.593219086,74,-0.5795474584845649,-0.3252372166071114,0.0
Q0245739,2024,2,1939.247,1902.267,36.98,10000.0,369800.0,0.0194399629494702,1,39.94781944444444,11.267900132210784,415160.42253521126,104383.1187971452,72,-0.2633870916161689,-0.4345570726178746,0.9257075984191878
Q0245809,2024,2,1129.279,1105.692,23.587,20000.0,471740.0,0.0213323420988846,1,23.615661971830985,5.396258698510247,487234.3661971831,137110.4789652949,71,-0.005311452514109,-0.1130064333091928,0.9987863151214996
Q0245113,2024,2,1727.189,1727.189,0.0,40000.0,0.0,0.0,1,24.286676056338035,20.28085999217323,965589.014084507,813747.7718576561,71,-1.1975170710566871,-1.1865949714126056,0.0
Q0245930,2024,2,2733.313,2672.45,60.8630000000003,40000.0,2434520.00000001,0.0227742333813543,1,77.40174999999999,143.8936639763133,2267442.5,526540.6872759613,72,-0.1149373053890835,0.3173116608791982,0.7863258905644938
Q0245713,2024,2,1307.966,1256.86,51.106,40000.0,2044240.0,0.0406616488709959,1,32.79048611111111,15.874084052531863,1311619.4444444445,634963.3621012745,72,1.1537997296900813,1.1537997296900813,1.558561828782485
20002075,2024,2,52.9,52.6,0.299999999999997,2000.0,599.999999999994,0.0057034220532318,1,1.057627118644068,1.1199143116590644,2162.71186440678,2283.818513313473,59,-0.6765045421392164,-0.684253961204443,0.2836538461538432
20002088,2024,2,30188.3,29224.7,963.599999999999,2000.0,1927200.0,0.0329721092089909,1,896.7833898305083,233.7418281117024,1815122.711864407,472306.7131964677,59,0.2858564541454678,0.2372976817904591,1.0745069667069982
Q0469696,2024,2,2.882,2.69,0.192,30000.0,5760.00000000001,0.0713754646840148,1,0.1675434782608695,0.0684068568758487,5026.304347826088,2052.2057062754616,46,0.3575156476421142,0.3575156476421181,1.1459711950175169
Q0469732,2024,2,461.045,461.044,0.0010000000000332,40000.0,40.0000000013279,2.168990378430692e-06,1,11.759176470588235,17.721981224124892,653498.6274509804,1177917.198062783,51,-0.6634797950571025,-0.5547576930922351,8.503996878815244e-05
Q0603720,2024,2,19.8,17.2,2.6,1000.0,2600.0,0.1511627906976744,1,2.603846153846154,0.3725380723961188,2603.846153846154,372.5380723961191,26,-0.0103241900120861,-0.010324190012086,0.998522895125554
Q0245916,2024,2,2300.086,2261.656,38.4299999999998,120000.0,4611599.99999998,0.0169919740225745,1,44.12260294117647,12.08437567798017,5366090.149253732,1335301.248486868,68,-0.4710713315169088,-0.5650336582166171,0.8709821596707259
Q0245899,2024,2,456.529,445.012,11.517,20000.0,230340.0,0.0258802009833442,1,9.431333333333336,3.55236493731814,190886.19718309864,68898.3537511435,72,0.5871206093598142,0.5726378159833252,1.22114229165194
Q0603811,2024,2,658.453,603.448,55.005,20000.0,1100100.0,0.0911511845262557,1,46.64197142857143,12.654643598964242,932839.4285714288,253092.87197928483,35,0.6608663852147578,0.660866385214757,1.179302639131279
Q0245949,2024,2,1864.262,1830.855,33.4069999999999,20000.0,668139.999999998,0.018246666175093,1,37.31822222222222,12.470915139988511,764864.2253521127,242559.7629313648,72,-0.3136275227854628,-0.3987645114061393,0.895192697044039
Q0245773,2024,2,1563.566,1563.134,0.432000000000016,40000.0,17280.0000000007,0.0002763678609767,1,29.999624999999973,45.97636836445583,1004875.5555555556,577514.2749601826,72,-0.6431048395474964,-1.710079903433808,0.0144001800022505
Q0245716,2024,2,1463.551,1462.576,0.974999999999909,40000.0,38999.9999999964,0.0006666320245921,1,21.62518055555556,14.921138887475545,876090.704225352,593584.408110889,72,-1.3839547176180316,-1.4102302769195658,0.0450863287589721
Q0253610,2024,2,3.43,668.31,3.43,40000.0,137200.0,0.032708966527735,0,3.43,12.654643598964242,137200.0,399980.85516549455,1,-0.104794986695801,-0.0703827710098905,1.0
Q0245675,2024,2,177.303,177.109,0.193999999999988,40000.0,7759.99999999954,0.0010953706474543,1,4.502444444444445,6.186569902144633,171208.25396825396,235012.7058921989,63,-0.6964189385382834,-0.6954868816464276,0.0430877054439536
Q0245847,2024,2,3015.217,2961.598,53.6190000000001,40000.0,2144760.00000001,0.0181047529070454,0,54.00253333333333,32.792040365511475,1376707.7333333334,738008.7368551424,75,-0.0116959277025228,1.040708908053796,0.992897864050824
14190822,2024,2,1750.0,157.0,1593.0,100.0,159300.0,10.146496815286625,0,631.0,492.8029855923112,63100.0,49280.29855923111,24,1.9520985629657868,1.9520985629657872,2.5245641838351824
0,2024,2,23.6,28.0,12.0,384.0,6.4,0.4285714285714285,0,124.9524761904762,473.5156850711432,42.16047619047619,114.3483941579356,35,-0.2385400943445109,-0.31273264879509,0.0960365121672925
13193134,2024,3,45838.1,44637.9,1200.2,12000.0,14402400.0,0.0268874655841784,1,1150.2500000000002,210.83145770809924,13802040.000000006,2535279.5498053106,60,0.2369191037380991,0.2368022887440942,1.0434253423168875
13190208,2024,3,35291.1,34261.0,1030.1,9000.0,9270899.99999999,0.0300662560929336,1,940.471186440678,103.35158616277336,8464240.677966101,930164.2754649604,59,0.867222428673335,0.8672224286733282,1.0953020303562222
14192934,2024,3,35269.7,34696.8,572.899999999994,9000.0,5156099.99999995,0.0165116091397475,1,621.3745762711865,136.1921912582771,5592371.186440678,1225729.7213244932,59,-0.3559277211368495,-0.3559277211368463,0.921988156383732
Q0259508,2024,3,760.614,684.045,76.5690000000001,120000.0,9188280.00000001,0.1119356182707279,1,70.05541935483872,10.102394029054672,8406650.322580647,1212287.2834865605,31,0.6447561465557773,0.6447561465557745,1.0929775412829856
Q0245881,2024,3,284.795,274.704,10.091,20000.0,201820.0,0.0367340846875181,1,5.491263888888889,3.54975705176635,110582.81690140846,71206.78268622402,72,1.2957889917627723,1.2812990512523563,1.8376461601887848
Q0831929,2024,3,67.116,50.579,16.537,20000.0,330740.0,0.3269538741374879,1,8.728961538461537,4.52112446615458,174579.23076923078,90422.48932309158,26,1.7270124987688185,1.727012498768819,1.894497979757924
Q0245763,2024,3,270.641,260.319,10.322,40000.0,412880.0,0.03965135084262,1,5.324028169014084,2.556519765908508,212961.12676056335,102260.7906363403,71,1.954990490445041,1.9549904904450413,1.9387575858584256
Q0245756,2024,3,283.701,278.919,4.78200000000004,40000.0,191280.000000002,0.017144762457918,1,4.927042253521127,4.819802463162096,197081.69014084508,192792.09852648395,71,-0.0300929871358109,-0.0300929871358088,0.9705620033159992
Q0245885,2024,3,707.917,707.916,0.0009999999999763,40000.0,39.9999999990541,1.41259697474884e-06,1,10.859778378378376,18.73837633034432,344557.15068493143,1059402.593219086,74,-0.5794940920678409,-0.3251994594784663,9.20829104549023e-05
Q0245739,2024,3,1986.164,1939.247,46.9169999999999,10000.0,469169.999999999,0.0241934111539169,1,39.94781944444444,11.267900132210784,415160.42253521126,104383.1187971452,72,0.6184986087721114,0.5174167823989647,1.1744570955931029
Q0245809,2024,3,1159.422,1129.279,30.143,20000.0,602860.000000001,0.0266922523132016,1,23.615661971830985,5.396258698510247,487234.3661971831,137110.4789652949,71,1.209604356064513,0.8433026758814318,1.2763986898167368
Q0245113,2024,3,1730.184,1727.189,2.99499999999989,40000.0,119799.999999996,0.0017340314233126,1,24.286676056338035,20.28085999217323,965589.014084507,813747.7718576561,71,-1.0498408876425855,-1.0393749062485418,0.1233186457073153
Q0245930,2024,3,2797.642,2733.313,64.3289999999997,40000.0,2573159.99999999,0.0235351750787413,1,77.40174999999999,143.8936639763133,2267442.5,526540.6872759613,72,-0.0908500738583752,0.5806151497647948,0.8311052398686037
Q0245713,2024,3,1370.208,1307.966,62.2420000000002,40000.0,2489680.00000001,0.0475868638787248,1,32.79048611111111,15.874084052531863,1311619.4444444445,634963.3621012745,72,1.8553205206313417,1.8553205206313443,1.8981725305654864
20002075,2024,3,53.2,52.9,0.300000000000004,2000.0,600.000000000009,0.0056710775047259,1,1.057627118644068,1.1199143116590644,2162.71186440678,2283.818513313473,59,-0.6765045421392101,-0.6842539612044365,0.2836538461538498
20002088,2024,3,31039.2,30188.3,850.900000000001,2000.0,1701800.0,0.0281864165918584,1,896.7833898305083,233.7418281117024,1815122.711864407,472306.7131964677,59,-0.1962994394335797,-0.2399345778878809,0.9488355935771968
Q0469696,2024,3,3.131,2.882,0.249,30000.0,7469.99999999999,0.0863983344899375,1,0.1675434782608695,0.0684068568758487,5026.304347826088,2052.2057062754616,46,1.190765450413334,1.190765450413328,1.486181393538342
Q0469732,2024,3,461.045,461.045,0.0,40000.0,0.0,0.0,1,11.759176470588235,17.721981224124892,653498.6274509804,1177917.198062783,51,-0.6635362221567245,-0.5547916513365557,0.0
Q0603720,2024,3,22.8,19.8,3.0,1000.0,3000.0,0.1515151515151515,1,2.603846153846154,0.3725380723961188,2603.846153846154,372.5380723961191,26,1.0633915712448756,1.0633915712448754,1.1521418020679468
Q0245916,2024,3,2342.628,2300.086,42.5420000000004,120000.0,5105040.00000004,0.018495830155916,1,44.12260294117647,12.08437567798017,5366090.149253732,1335301.248486868,68,-0.1307972363070605,-0.1954990677568132,0.9641770241143004
Q0245899,2024,3,468.918,456.529,12.389,20000.0,247780.0,0.0271373779102751,1,9.431333333333336,3.55236493731814,190886.19718309864,68898.3537511435,72,0.8325908849048479,0.8257643284540321,1.3136000565490915
Q0603811,2024,3,722.563,658.453,64.11,20000.0,1282200.0,0.0973645803117306,1,46.64197142857143,12.654643598964242,932839.4285714288,253092.87197928483,35,1.3803651153682663,1.380365115368266,1.3745130841688264
Q0245949,2024,3,1900.954,1864.262,36.692,20000.0,733840.0,0.0196817829253613,1,37.31822222222222,12.470915139988511,764864.2253521127,242559.7629313648,72,-0.0502146165852905,-0.1279034287351746,0.9832193983278948
Q0245773,2024,3,1565.738,1563.566,2.17200000000003,40000.0,86880.000000001,0.0013891322783944,1,29.999624999999973,45.97636836445583,1004875.5555555556,577514.2749601826,72,-0.6052593101614652,-1.5895634019069862,0.0724009050113137
Q0245716,2024,3,5.131,3.43,1.701,40000.0,68040.0,0.4959183673469388,1,21.62518055555556,14.921138887475545,876090.704225352,593584.408110889,72,-1.3352989142323075,-1.3613071589885797,0.0786583027887371
Q0245675,2024,3,192.234,177.303,14.931,40000.0,597240.0,0.0842117730664455,1,4.502444444444445,6.186569902144633,171208.25396825396,235012.7058921989,63,1.6856765090361945,1.8128030329865152,3.316198608163466
Q0245847,2024,3,3060.689,3015.217,45.4719999999998,40000.0,1818879.99999999,0.0150808382945571,1,54.00253333333333,32.792040365511475,1376707.7333333334,738008.7368551424,75,-0.2601403644984954,0.5991423198468813,0.8420345712176429
14190822,2024,3,3313.0,1750.0,1563.0,100.0,156300.0,0.8931428571428571,1,631.0,492.8029855923112,63100.0,49280.29855923111,24,1.891222308403444,1.8912223084034443,2.4770206022187007
0,2024,3,25.1333333333333,14.0,16.0,542.0,9.03333333333333,1.1428571428571428,0,124.9524761904762,473.5156850711432,42.16047619047619,114.3483941579356,35,-0.2300926445004808,-0.2897036123776985,0.1280486828897234
13193134,2024,4,46978.4,45838.1,1140.3,12000.0,13683600.0,0.0248766855519753,1,1150.2500000000002,210.83145770809924,13802040.000000006,2535279.5498053106,60,-0.0471940957396228,-0.046716741753035,0.9913497065855248
13190208,2024,4,36300.8,35291.1,1009.7,9000.0,9087300.00000004,0.0286106128740674,1,940.471186440678,103.35158616277336,8464240.677966101,930164.2754649604,59,0.6698379398869615,0.6698379398870054,1.073610775702046
14192934,2024,4,35782.5,35269.7,512.800000000003,9000.0,4615200.00000003,0.0145393921694826,1,621.3745762711865,136.1921912582771,5592371.186440678,1225729.7213244932,59,-0.797215870220348,-0.7972158702203463,0.8252671087337853
Q0259508,2024,4,835.687,760.614,75.073,120000.0,9008760.0,0.0987005235244157,1,70.05541935483872,10.102394029054672,8406650.322580647,1212287.2834865605,31,0.4966724353386553,0.4966724353386557,1.0716230191949412
Q0245881,2024,4,294.467,284.795,9.67199999999997,20000.0,193439.999999999,0.0339612703874715,1,5.491263888888889,3.54975705176635,110582.81690140846,71206.78268622402,72,1.1777527448056644,1.1636136330397704,1.761343143528478
Q0831929,2024,4,83.217,67.116,16.101,20000.0,322020.0,0.2398980868943322,1,8.728961538461537,4.52112446615458,174579.23076923078,90422.48932309158,26,1.6305763127571475,1.6305763127571478,1.8445493119720824
Q0245763,2024,4,280.802,270.641,10.161,40000.0,406440.0,0.0375442006200095,1,5.324028169014084,2.556519765908508,212961.12676056335,102260.7906363403,71,1.8920142513613645,1.8920142513613645,1.908517325121824
Q0245756,2024,4,288.732,283.701,5.03100000000001,40000.0,201240.0,0.0177334588175579,1,4.927042253521127,4.819802463162096,197081.69014084508,192792.09852648395,71,0.0215688811467764,0.0215688811467742,1.021099422560176
Q0245885,2024,4,707.923,707.917,0.0059999999999718,40000.0,239.999999998872,8.47556987608971e-06,1,10.859778378378376,18.73837633034432,344557.15068493143,1059402.593219086,74,-0.5792272599842149,-0.3250106738352369,0.0005524974627399
Q0245739,2024,4,2032.501,1986.164,46.337,10000.0,463370.0,0.0233298962220642,1,39.94781944444444,11.267900132210784,415160.42253521126,104383.1187971452,72,0.5670249541253248,0.4618522422047735,1.159938155434016
Q0245809,2024,4,1190.393,1159.422,30.971,20000.0,619420.0,0.026712448099139,1,23.615661971830985,5.396258698510247,487234.3661971831,137110.4789652949,71,1.3630439975384452,0.9640811905870116,1.3114601672797714
Q0245113,2024,4,1730.871,1730.184,0.687000000000126,40000.0,27480.000000005,0.0003970675951229,1,24.286676056338035,20.28085999217323,965589.014084507,813747.7718576561,71,-1.1636427678828942,-1.15282529369383,0.028287115058746
Q0245930,2024,4,2868.653,2797.642,71.011,40000.0,2840440.0,0.0253824470750725,1,77.40174999999999,143.8936639763133,2267442.5,526540.6872759613,72,-0.0444130048773516,1.0882302428790096,0.9174340373441168
Q0245713,2024,4,1435.362,1370.208,65.154,40000.0,2606160.0,0.0475504448959573,1,32.79048611111111,15.874084052531863,1311619.4444444445,634963.3621012745,72,2.0387641757337813,2.0387641757337818,1.9869787772960907
20002075,2024,4,53.5,53.2,0.299999999999997,2000.0,599.999999999994,0.0056390977443608,1,1.057627118644068,1.1199143116590644,2162.71186440678,2283.818513313473,59,-0.6765045421392164,-0.684253961204443,0.2836538461538432
20002088,2024,4,31687.7,31039.2,648.5,2000.0,1297000.0,0.0208929353849326,1,896.7833898305083,233.7418281117024,1815122.711864407,472306.7131964677,59,-1.062212064636787,-1.0970047585346958,0.7231400663236707
Q0469696,2024,4,3.355,3.131,0.224,30000.0,6720.00000000001,0.0715426381347812,1,0.1675434782608695,0.0684068568758487,5026.304347826088,2052.2057062754616,46,0.8253050106013956,0.8253050106013994,1.3369663941871028
Q0469732,2024,4,461.046,461.045,0.0009999999999763,40000.0,39.9999999990541,2.168985673798219e-06,1,11.759176470588235,17.721981224124892,653498.6274509804,1177917.198062783,51,-0.6634797950571057,-0.554757693092237,8.503996878331366e-05
Q0603720,2024,4,25.7,22.8,2.9,1000.0,2900.0,0.1271929824561403,1,2.603846153846154,0.3725380723961188,2603.846153846154,372.5380723961191,26,0.7949626309306349,0.794962630930635,1.1137370753323486
Q0245916,2024,4,2380.679,2342.628,38.0509999999999,120000.0,4566119.99999999,0.0162428691196382,1,44.12260294117647,12.08437567798017,5366090.149253732,1335301.248486868,68,-0.5024341433078814,-0.5990933882225072,0.8623924579138922
Q0245899,2024,4,480.679,468.918,11.761,20000.0,235219.999999999,0.0250811442512336,1,9.431333333333336,3.55236493731814,190886.19718309864,68898.3537511435,72,0.6558072460948925,0.6434667942434628,1.2470135010956385
Q0603811,2024,4,783.904,722.563,61.341,20000.0,1226820.0,0.0848936355722615,1,46.64197142857143,12.654643598964242,932839.4285714288,253092.87197928483,35,1.1615521572359144,1.1615521572359138,1.3151459537669627
Q0245949,2024,4,1934.673,1900.954,33.7190000000001,20000.0,674380.000000001,0.0177379357943433,1,37.31822222222222,12.470915139988511,764864.2253521127,242559.7629313648,72,-0.2886093106897232,-0.3730388925953692,0.903553223923972
Q0245773,2024,4,1572.962,1565.738,7.22399999999993,40000.0,288959.999999997,0.0046137987326103,1,29.999624999999973,45.97636836445583,1004875.5555555556,577514.2749601826,72,-0.4953767731165083,-1.2396499733360151,0.2408030100376233
Q0245716,2024,4,5.132,5.131,0.0009999999999994,40000.0,39.9999999999778,0.0001948937828882,1,21.62518055555556,14.921138887475545,876090.704225352,593584.408110889,72,-1.449231236209884,-1.475865424116219,4.62423884707172e-05
Q0245675,2024,4,192.768,192.234,0.533999999999992,40000.0,21359.9999999997,0.0027778644776678,1,4.502444444444445,6.186569902144633,171208.25396825396,235012.7058921989,63,-0.6414611824023446,-0.6376176700718051,0.1186022407581049
Q0245847,2024,4,3108.116,3060.689,47.4270000000001,40000.0,1897080.00000001,0.0154955305815128,1,54.00253333333333,32.792040365511475,1376707.7333333334,738008.7368551424,75,-0.2005222383249122,0.7051031250444616,0.8782365765556697
14190822,2024,4,4457.0,3313.0,1144.0,100.0,114400.0,0.3453063688499849,1,631.0,492.8029855923112,63100.0,49280.29855923111,24,1.040983953016059,1.0409839530160592,1.8129952456418383
0,2024,4,24.7,17.0,17.0,456.0,7.6,1.0,0,124.9524761904762,473.5156850711432,42.16047619047619,114.3483941579356,35,-0.2279807820394733,-0.3022384043517217,0.1360517255703311
13193134,2024,5,48107.1,46978.4,1128.7,12000.0,13544400.0,0.0240259353234678,1,1150.2500000000002,210.83145770809924,13802040.000000006,2535279.5498053106,60,-0.1022143480591811,-0.1016219296289398,0.9812649424038252
13190208,2024,5,37314.1,36300.8,1013.3,9000.0,9119699.99999996,0.0279139853667136,1,940.471186440678,103.35158616277336,8464240.677966101,930164.2754649604,59,0.704670496731615,0.7046704967315757,1.07743864417043
14192934,2024,5,36276.5,35782.5,494.0,9000.0,4446000.0,0.0138056312443233,1,621.3745762711865,136.1921912582771,5592371.186440678,1225729.7213244932,59,-0.9352560899004204,-0.9352560899004212,0.795011606307503
Q0259508,2024,5,911.021,835.687,75.3339999999999,120000.0,9040079.99999999,0.090146191097863,1,70.05541935483872,10.102394029054672,8406650.322580647,1212287.2834865605,31,0.5225078956512574,0.522507895651259,1.0753486410298192
Q0245881,2024,5,298.11,294.467,3.64300000000003,20000.0,72860.0000000006,0.0123715051262111,1,5.491263888888889,3.54975705176635,110582.81690140846,71206.78268622402,72,-0.5206733480448098,-0.5297643774699834,0.6634173978364679
Q0831929,2024,5,88.21,83.217,4.99299999999999,20000.0,99859.9999999999,0.0599997596644915,1,8.728961538461537,4.52112446615458,174579.23076923078,90422.48932309158,26,-0.8263345914117579,-0.8263345914117575,0.5720038950795969
Q0245763,2024,5,284.632,280.802,3.82999999999998,40000.0,153199.999999999,0.0136395039921367,1,5.324028169014084,2.556519765908508,212961.12676056335,102260.7906363403,71,-0.5843992246557782,-0.5843992246557804,0.7193801156595362
Q0245756,2024,5,290.542,288.732,1.80999999999995,40000.0,72399.9999999978,0.0062687890500531,1,4.927042253521127,4.819802463162096,197081.69014084508,192792.09852648395,71,-0.6467157684043755,-0.6467157684043762,0.3673603567548923
Q0245885,2024,5,708.769,707.923,0.846000000000004,40000.0,33840.0000000001,0.0011950452238449,1,10.859778378378376,18.73837633034432,344557.15068493143,1059402.593219086,74,-0.5343994699349903,-0.2932946857726584,0.0779021422466939
Q0245739,2024,5,2076.564,2032.501,44.0629999999999,10000.0,440629.999999999,0.0216792021258537,1,39.94781944444444,11.267900132210784,415160.42253521126,104383.1187971452,72,0.3652127288377071,0.2440009242709495,1.103013896948204
Q0245809,2024,5,1218.547,1190.393,28.154,20000.0,563080.0,0.0236510127327697,1,23.615661971830985,5.396258698510247,487234.3661971831,137110.4789652949,71,0.8410156520890891,0.5531716785995241,1.1921749233022727
Q0245113,2024,5,1730.871,1730.871,0.0,40000.0,0.0,0.0,1,24.286676056338035,20.28085999217323,965589.014084507,813747.7718576561,71,-1.1975170710566871,-1.1865949714126056,0.0
Q0245930,2024,5,2943.86,2868.653,75.2070000000003,40000.0,3008280.00000001,0.0262168341726937,1,77.40174999999999,143.8936639763133,2267442.5,526540.6872759613,72,-0.0152525826318591,1.4069900349633095,0.9716446979557996
Q0245713,2024,5,1504.274,1435.362,68.9119999999998,40000.0,2756479.99999999,0.048010188370599,1,32.79048611111111,15.874084052531863,1311619.4444444445,634963.3621012745,72,2.2755022443721677,2.275502244372165,2.1015851904875804
20002075,2024,5,53.9,53.5,0.399999999999999,2000.0,799.999999999997,0.0074766355140186,1,1.057627118644068,1.1199143116590644,2162.71186440678,2283.818513313473,59,-0.5872119963087591,-0.5966813284255654,0.3782051282051272
20002088,2024,5,32576.8,31687.7,889.099999999999,2000.0,1778200.0,0.0280582055497874,1,896.7833898305083,233.7418281117024,1815122.711864407,472306.7131964677,59,-0.0328712660997822,-0.0781752849001915,0.9914322790568618
Q0469696,2024,5,3.543,3.355,0.188,30000.0,5640.00000000001,0.0560357675111773,1,0.1675434782608695,0.0684068568758487,5026.304347826088,2052.2057062754616,46,0.2990419772722039,0.299041977272208,1.1220967951213183
Q0469732,2024,5,461.046,461.046,0.0,40000.0,0.0,0.0,1,11.759176470588235,17.721981224124892,653498.6274509804,1177917.198062783,51,-0.6635362221567245,-0.5547916513365557,0.0
Q0603720,2024,5,28.7,25.7,3.0,1000.0,3000.0,0.1167315175097276,1,2.603846153846154,0.3725380723961188,2603.846153846154,372.5380723961191,26,1.0633915712448756,1.0633915712448754,1.1521418020679468
Q0245916,2024,5,2417.367,2380.679,36.6880000000001,120000.0,4402560.00000001,0.0154107294599566,1,44.12260294117647,12.08437567798017,5366090.149253732,1335301.248486868,68,-0.615224413680179,-0.7215826019376309,0.8315012613583098
Q0245899,2024,5,491.741,480.679,11.062,20000.0,221240.0,0.0230132791322275,1,9.431333333333336,3.55236493731814,190886.19718309864,68898.3537511435,72,0.4590369220054676,0.4405591884900091,1.1728988478122568
Q0603811,2024,5,842.798,783.904,58.894,20000.0,1177880.0,0.0751290974405029,1,46.64197142857143,12.654643598964242,932839.4285714288,253092.87197928483,35,0.96818440405792,0.9681844040579196,1.262682476665713
Q0245949,2024,5,1970.581,1934.673,35.9079999999999,20000.0,718159.999999998,0.0185602424802537,1,37.31822222222222,12.470915139988511,764864.2253521127,242559.7629313648,72,-0.1130808931335263,-0.1925472913878555,0.9622108948860228
Q0245773,2024,5,1582.079,1572.962,9.11699999999996,40000.0,364679.999999998,0.0057960713609101,1,29.999624999999973,45.97636836445583,1004875.5555555556,577514.2749601826,72,-0.4542034471810152,-1.1085363311576957,0.3039037987974839
Q0245716,2024,5,5.132,5.132,0.0,40000.0,0.0,0.0,1,21.62518055555556,14.921138887475545,876090.704225352,593584.408110889,72,-1.449298255222812,-1.475932811331,0.0
Q0245675,2024,5,192.768,192.768,0.0,40000.0,0.0,0.0,1,4.502444444444445,6.186569902144633,171208.25396825396,235012.7058921989,63,-0.7277771876276109,-0.7285063729566509,0.0
Q0245847,2024,5,3151.348,3108.116,43.232,40000.0,1729280.0,0.013909390769199,1,54.00253333333333,32.792040365511475,1376707.7333333334,738008.7368551424,75,-0.3284496241551677,0.4777345430476524,0.8005550356896837
14190822,2024,5,5307.0,4457.0,850.0,100.0,85000.0,0.1907112407448956,1,631.0,492.8029855923112,63100.0,49280.29855923111,24,0.4443966583051011,0.4443966583051012,1.3470681458003169
0,2024,5,24.3333333333333,2024.0,17.0,528.0,8.8,0.008399209486166,0,124.9524761904762,473.5156850711432,42.16047619047619,114.3483941579356,35,-0.2279807820394733,-0.2917441599083534,0.1360517255703311
13193134,2024,6,49166.5,48107.1,1059.4,12000.0,12712800.0,0.0220216974209628,1,1150.2500000000002,210.83145770809924,13802040.000000006,2535279.5498053106,60,-0.4309129244165448,-0.4296330951289575,0.9210171701803954
13190208,2024,6,38216.2,37314.1,902.099999999999,9000.0,8118899.99999999,0.0241758477358424,1,940.471186440678,103.35158616277336,8464240.677966101,930164.2754649604,59,-0.37126848135883,-0.371268481358829,0.9592000403692332
14192934,2024,6,36789.4,36276.5,512.900000000001,9000.0,4616100.00000001,0.014138629691398,1,621.3745762711865,136.1921912582771,5592371.186440678,1225729.7213244932,59,-0.796481613732703,-0.7964816137327025,0.8254280422573261
Q0259508,2024,6,978.063,911.021,67.042,120000.0,8045040.0,0.073589961153475,1,70.05541935483872,10.102394029054672,8406650.322580647,1212287.2834865605,31,-0.2982876480735227,-0.2982876480735233,0.9569852071033162
Q0245881,2024,6,301.463,298.11,3.35300000000001,20000.0,67060.0000000002,0.0112475260809768,1,5.491263888888889,3.54975705176635,110582.81690140846,71206.78268622402,72,-0.6023690798289658,-0.6112172922233203,0.6106062407207427
Q0831929,2024,6,93.388,88.21,5.17800000000001,20000.0,103560.0,0.0587008275705703,1,8.728961538461537,4.52112446615458,174579.23076923078,90422.48932309158,26,-0.7854155675306544,-0.7854155675306574,0.5931977105391878
Q0245763,2024,6,288.58,284.632,3.94799999999998,40000.0,157919.999999999,0.0138705416116247,1,5.324028169014084,2.556519765908508,212961.12676056335,102260.7906363403,71,-0.5382427264453815,-0.5382427264453837,0.7415437850192818
Q0245756,2024,6,292.677,290.542,2.13500000000005,40000.0,85400.0000000019,0.007348335180456,1,4.927042253521127,4.819802463162096,197081.69014084508,192792.09852648395,71,-0.5792856190395239,-0.579285619039524,0.4333228517523399
Q0245885,2024,6,708.769,708.769,0.0,40000.0,0.0,0.0,1,10.859778378378376,18.73837633034432,344557.15068493143,1059402.593219086,74,-0.5795474584845649,-0.3252372166071114,0.0
Q0245739,2024,6,2117.165,2076.564,40.6010000000001,10000.0,406010.000000001,0.0195520099549063,1,39.94781944444444,11.267900132210784,415160.42253521126,104383.1187971452,72,0.0579682592046102,-0.087661900129588,1.0163508437917128
Q0245809,2024,6,1245.407,1218.547,26.8599999999999,20000.0,537199.999999998,0.0220426458725021,1,23.615661971830985,5.396258698510247,487234.3661971831,137110.4789652949,71,0.6012198838918869,0.3644187824291834,1.1373807785713903
Q0245113,2024,6,1730.871,1730.871,0.0,40000.0,0.0,0.0,1,24.286676056338035,20.28085999217323,965589.014084507,813747.7718576561,71,-1.1975170710566871,-1.1865949714126056,0.0
Q0245930,2024,6,3012.817,2943.86,68.9569999999999,40000.0,2758280.0,0.0234240079351599,1,77.40174999999999,143.8936639763133,2267442.5,526540.6872759613,72,-0.0586874346419465,0.9321929185365136,0.8908971696376361
Q0245713,2024,6,1554.171,1504.274,49.8970000000002,40000.0,1995880.00000001,0.0331701538416539,1,32.79048611111111,15.874084052531863,1311619.4444444445,634963.3621012745,72,1.0776378550270218,1.0776378550270251,1.521691378130943
20002075,2024,6,54.2,53.9,0.300000000000004,2000.0,600.000000000009,0.0055658627087199,1,1.057627118644068,1.1199143116590644,2162.71186440678,2283.818513313473,59,-0.6765045421392101,-0.6842539612044365,0.2836538461538498
20002088,2024,6,33516.2,32576.8,939.399999999998,2000.0,1878800.0,0.0288364725817145,1,896.7833898305083,233.7418281117024,1815122.711864407,472306.7131964677,59,0.1823234228711677,0.1348218993218182,1.0475216319266845
Q0469696,2024,6,3.737,3.543,0.194,30000.0,5820.0,0.0547558566186847,1,0.1675434782608695,0.0684068568758487,5026.304347826088,2052.2057062754616,46,0.3867524828270693,0.3867524828270683,1.157908394965616
Q0469732,2024,6,461.047,461.046,0.0010000000000332,40000.0,40.0000000013279,2.168980969432985e-06,1,11.759176470588235,17.721981224124892,653498.6274509804,1177917.198062783,51,-0.6634797950571025,-0.5547576930922351,8.503996878815244e-05
Q0603720,2024,6,31.7,28.7,3.0,1000.0,3000.0,0.1045296167247386,1,2.603846153846154,0.3725380723961188,2603.846153846154,372.5380723961191,26,1.0633915712448756,1.0633915712448754,1.1521418020679468
Q0245916,2024,6,2455.441,2417.367,38.0739999999996,120000.0,4568879.99999995,0.0157501943229967,1,44.12260294117647,12.08437567798017,5366090.149253732,1335301.248486868,68,-0.50053085921505,-0.5970264389081952,0.8629137326906854
Q0245899,2024,6,503.472,491.741,11.731,20000.0,234620.0,0.0238560543050101,1,9.431333333333336,3.55236493731814,190886.19718309864,68898.3537511435,72,0.6473621678077929,0.6347583133098519,1.2438326146886265
Q0603811,2024,6,898.629,842.798,55.831,20000.0,1116620.0,0.0662448178567106,1,46.64197142857143,12.654643598964242,932839.4285714288,253092.87197928483,35,0.7261388674889806,0.7261388674889798,1.1970120106415496
Q0245949,2024,6,2004.676,1970.581,34.095,20000.0,681900.000000001,0.0173020038252677,1,37.31822222222222,12.470915139988511,764864.2253521127,242559.7629313648,72,-0.2584591576512955,-0.3420362237721486,0.9136287306767026
Q0245773,2024,6,1589.592,1582.079,7.51300000000015,40000.0,300520.000000006,0.004748814692566,1,29.999624999999973,45.97636836445583,1004875.5555555556,577514.2749601826,72,-0.4890909351897431,-1.2196331521053954,0.2504364637891359
Q0245716,2024,6,6.753,5.132,1.621,40000.0,64840.0,0.3158612626656275,1,21.62518055555556,14.921138887475545,876090.704225352,593584.408110889,72,-1.3406604352665463,-1.3666981361710568,0.0749589117110775
Q0245675,2024,6,192.768,192.768,0.0,40000.0,0.0,0.0,1,4.502444444444445,6.186569902144633,171208.25396825396,235012.7058921989,63,-0.7277771876276109,-0.7285063729566509,0.0
Q0245847,2024,6,3202.158,3151.348,50.8099999999999,40000.0,2032400.0,0.0161232589990061,1,54.00253333333333,32.792040365511475,1376707.7333333334,738008.7368551424,75,-0.0973569591202116,0.8884613879515182,0.9408817857927636
14190822,2024,6,5743.0,5307.0,436.0,100.0,43600.0,0.0821556434897305,1,631.0,492.8029855923112,63100.0,49280.29855923111,24,-0.395695654655227,-0.3956956546552271,0.6909667194928685
0,2024,6,22.9,15.0,17.0,540.0,9.0,1.1333333333333333,0,124.9524761904762,473.5156850711432,42.16047619047619,114.3483941579356,35,-0.2279807820394733,-0.2899951191677921,0.1360517255703311
13193134,2024,7,50234.4,49166.5,1067.9,12000.0,12814800.0,0.0217200736273682,1,1150.2500000000002,210.83145770809924,13802040.000000006,2535279.5498053106,60,-0.3905963602168681,-0.3894008453923031,0.928406868072158
13190208,2024,7,39113.4,38216.2,897.200000000004,9000.0,8074800.00000004,0.0234769547992737,1,940.471186440678,103.35158616277336,8464240.677966101,930164.2754649604,59,-0.4186794615084498,-0.4186794615084434,0.9539898860650492
14192934,2024,7,37317.9,36789.4,528.5,9000.0,4756500.0,0.01436555094674,1,621.3745762711865,136.1921912582771,5592371.186440678,1225729.7213244932,59,-0.681937601657775,-0.6819376016577754,0.850533671930193
Q0259508,2024,7,1044.746,978.063,66.6830000000001,120000.0,8001960.00000001,0.0681786347096251,1,70.05541935483872,10.102394029054672,8406650.322580647,1212287.2834865605,31,-0.3338237793080998,-0.3338237793081023,0.951860692778714
Q0245881,2024,7,304.746,301.463,3.28299999999996,20000.0,65659.9999999992,0.0108902253344521,1,5.491263888888889,3.54975705176635,110582.81690140846,71206.78268622402,72,-0.6220887392251542,-0.6308783406120696,0.5978587200376283
Q0831929,2024,7,97.05,93.388,3.66199999999999,20000.0,73239.9999999998,0.0392127468197197,1,8.728961538461537,4.52112446615458,174579.23076923078,90422.48932309158,26,-1.1207303794427994,-1.1207303794428003,0.4195229849352058
Q0245763,2024,7,292.639,288.58,4.05900000000003,40000.0,162360.000000001,0.0140654237992931,1,5.324028169014084,2.556519765908508,212961.12676056335,102260.7906363403,71,-0.4948243255864292,-0.4948243255864317,0.7623926604339671
Q0245756,2024,7,294.565,292.677,1.88799999999998,40000.0,75519.9999999991,0.0064507972953118,1,4.927042253521127,4.819802463162096,197081.69014084508,192792.09852648395,71,-0.6305325325568099,-0.6305325325568101,0.3831913555542809
Q0245885,2024,7,708.769,708.769,0.0,40000.0,0.0,0.0,1,10.859778378378376,18.73837633034432,344557.15068493143,1059402.593219086,74,-0.5795474584845649,-0.3252372166071114,0.0
Q0245739,2024,7,2156.44,2117.165,39.2750000000001,10000.0,392750.000000001,0.0185507506500438,1,39.94781944444444,11.267900132210784,415160.42253521126,104383.1187971452,72,-0.0597111650396154,-0.2146939351252951,0.9831575426693806
Q0245809,2024,7,1271.207,1245.407,25.8000000000002,20000.0,516000.000000004,0.0207161193087883,1,23.615661971830985,5.396258698510247,487234.3661971831,137110.4789652949,71,0.4047874926330437,0.2097989447626539,1.092495312253991
Q0245113,2024,7,1730.871,1730.871,0.0,40000.0,0.0,0.0,1,24.286676056338035,20.28085999217323,965589.014084507,813747.7718576561,71,-1.1975170710566871,-1.1865949714126056,0.0
Q0245930,2024,7,3084.63,3012.817,71.8130000000001,40000.0,2872520.0,0.023835832046885,1,77.40174999999999,143.8936639763133,2267442.5,526540.6872759613,72,-0.0388394446674168,1.1491562088588938,0.9277955601779044
Q0245713,2024,7,1593.929,1554.171,39.758,40000.0,1590320.0,0.0255814836333968,1,32.79048611111111,15.874084052531863,1311619.4444444445,634963.3621012745,72,0.4389238374845067,0.4389238374845066,1.212485837058937
20002075,2024,7,54.6,54.2,0.399999999999999,2000.0,799.999999999997,0.0073800738007379,1,1.057627118644068,1.1199143116590644,2162.71186440678,2283.818513313473,59,-0.5872119963087591,-0.5966813284255654,0.3782051282051272
20002088,2024,7,34614.1,33516.2,1097.9,2000.0,2195800.0,0.0327572934879252,1,896.7833898305083,233.7418281117024,1815122.711864407,472306.7131964677,59,0.8604219954734871,0.8059959291267598,1.22426442377295
Q0469696,2024,7,3.953,3.737,0.216,30000.0,6479.99999999999,0.0578003746320578,1,0.1675434782608695,0.0684068568758487,5026.304347826088,2052.2057062754616,46,0.7083576698615751,0.7083576698615693,1.2892175943947062
Q0469732,2024,7,461.047,461.047,0.0,40000.0,0.0,0.0,1,11.759176470588235,17.721981224124892,653498.6274509804,1177917.198062783,51,-0.6635362221567245,-0.5547916513365557,0.0
Q0603720,2024,7,34.8,31.7,3.1,1000.0,3100.0,0.0977917981072555,1,2.603846153846154,0.3725380723961188,2603.846153846154,372.5380723961191,26,1.3318205115591164,1.3318205115591155,1.190546528803545
Q0245916,2024,7,2494.72,2455.441,39.279,120000.0,4713480.0,0.0159967191229599,1,44.12260294117647,12.08437567798017,5366090.149253732,1335301.248486868,68,-0.4008153230458028,-0.4887362683089333,0.8902239981708723
Q0245899,2024,7,516.214,503.472,12.7420000000001,20000.0,254840.000000002,0.0253082594464043,1,9.431333333333336,3.55236493731814,190886.19718309864,68898.3537511435,72,0.9319613060830838,0.9282341207730516,1.3510284866049445
Q0603811,2024,7,951.92,898.629,53.2909999999999,20000.0,1065820.0,0.0593025597882996,1,46.64197142857143,12.654643598964242,932839.4285714288,253092.87197928483,35,0.5254220333769556,0.5254220333769631,1.1425546212516111
Q0245949,2024,7,2040.661,2004.676,35.9850000000001,20000.0,719700.000000003,0.017950531656986,1,37.31822222222222,12.470915139988511,764864.2253521127,242559.7629313648,72,-0.1069065266868095,-0.1861983405915902,0.9642742300454974
Q0245773,2024,7,1599.82,1589.592,10.2279999999998,40000.0,409119.999999994,0.0064343554824129,1,29.999624999999973,45.97636836445583,1004875.5555555556,577514.2749601826,72,-0.4300388591649954,-1.0315858523092551,0.3409375950532651
Q0245716,2024,7,6.753,6.753,0.0,40000.0,0.0,0.0,1,21.62518055555556,14.921138887475545,876090.704225352,593584.408110889,72,-1.449298255222812,-1.475932811331,0.0
Q0245675,2024,7,192.768,192.768,0.0,40000.0,0.0,0.0,1,4.502444444444445,6.186569902144633,171208.25396825396,235012.7058921989,63,-0.7277771876276109,-0.7285063729566509,0.0
Q0245847,2024,7,3255.683,3202.158,53.5250000000001,40000.0,2141000.0,0.0167152901262211,1,54.00253333333333,32.792040365511475,1376707.7333333334,738008.7368551424,75,-0.014562476991687,1.035614117420243,0.9911572049706328
14190822,2024,7,6161.0,5743.0,418.0,100.0,41800.0,0.0727842590980323,1,631.0,492.8029855923112,63100.0,49280.29855923111,24,-0.4322214073926326,-0.4322214073926327,0.6624405705229794
0,2024,7,23.7333333333333,15.0,16.0,518.0,8.63333333333333,1.0666666666666669,0,124.9524761904762,473.5156850711432,42.16047619047619,114.3483941579356,35,-0.2300926445004808,-0.2932016938588213,0.1280486828897234
13193134,2024,8,51288.3,50234.4,1053.9,12000.0,12646800.0,0.0209796474129281,1,1150.2500000000002,210.83145770809924,13802040.000000006,2535279.5498053106,60,-0.4570001130163356,-0.4556657273114986,0.9162356009563136
13190208,2024,8,40022.1,39113.4,908.699999999997,9000.0,8178299.99999997,0.0232324471920108,1,940.471186440678,103.35158616277336,8464240.677966101,930164.2754649604,59,-0.3074087938103165,-0.307408793810317,0.966217799227935
14192934,2024,8,37816.4,37317.9,498.5,9000.0,4486500.0,0.0133582007562054,1,621.3745762711865,136.1921912582771,5592371.186440678,1225729.7213244932,59,-0.9022145479557276,-0.9022145479557282,0.8022536148669843
Q0259508,2024,8,1112.293,1044.746,67.5469999999998,120000.0,8105639.99999998,0.0646539924536679,1,70.05541935483872,10.102394029054672,8406650.322580647,1212287.2834865605,31,-0.2482994968939699,-0.2482994968939665,0.9641937857493438
Q0245881,2024,8,308.605,304.746,3.85900000000004,20000.0,77180.0000000007,0.0126630046005527,1,5.491263888888889,3.54975705176635,110582.81690140846,71206.78268622402,72,-0.4598241133366123,-0.469095999584742,0.7027526045157659
Q0831929,2024,8,101.343,97.05,4.29300000000001,20000.0,85860.0000000001,0.0442349304482226,1,8.728961538461537,4.52112446615458,174579.23076923078,90422.48932309158,26,-0.981163330421317,-0.9811633304213188,0.491811079827102
Q0245763,2024,8,295.901,292.639,3.262,40000.0,130480.0,0.0111468396215131,1,5.324028169014084,2.556519765908508,212961.12676056335,102260.7906363403,71,-0.8065762668888667,-0.8065762668888671,0.6126939784024593
Q0245756,2024,8,296.032,294.565,1.46699999999998,40000.0,58679.9999999994,0.0049802250776568,1,4.927042253521127,4.819802463162096,197081.69014084508,192792.09852648395,71,-0.7178805106570985,-0.717880510657097,0.2977445543422291
Q0245885,2024,8,713.63,708.769,4.86099999999999,40000.0,194440.0,0.0068583699343509,1,10.859778378378376,18.73837633034432,344557.15068493143,1059402.593219086,74,-0.3201333067830514,-0.1416998142592681,0.4476150277318876
Q0245739,2024,8,2197.102,2156.44,40.6619999999998,10000.0,406619.999999998,0.0188560776093931,1,39.94781944444444,11.267900132210784,415160.42253521126,104383.1187971452,72,0.0633818677105398,-0.0818180433160884,1.0178778357739544
Q0245809,2024,8,1298.649,1271.207,27.4419999999998,20000.0,548839.999999996,0.0215873575271374,1,23.615661971830985,5.396258698510247,487234.3661971831,137110.4789652949,71,0.7090723855076034,0.4493138253744007,1.162025440266418
Q0245113,2024,8,1730.871,1730.871,0.0,40000.0,0.0,0.0,1,24.286676056338035,20.28085999217323,965589.014084507,813747.7718576561,71,-1.1975170710566871,-1.1865949714126056,0.0
Q0245930,2024,8,3156.47,3084.63,71.8399999999997,40000.0,2873599.99999999,0.0232896652110624,1,77.40174999999999,143.8936639763133,2267442.5,526540.6872759613,72,-0.038651806106736,1.1512073324018388,0.9281443895002336
Q0245713,2024,8,1637.485,1593.929,43.5559999999998,40000.0,1742239.99999999,0.0273261857962304,1,32.79048611111111,15.874084052531863,1311619.4444444445,634963.3621012745,72,0.6781817365501241,0.6781817365501212,1.328312116276946
20002075,2024,8,55.1,54.6,0.5,2000.0,1000.0,0.0091575091575091,1,1.057627118644068,1.1199143116590644,2162.71186440678,2283.818513313473,59,-0.4979194504783027,-0.5091086956466878,0.4727564102564102
20002088,2024,8,35579.1,34614.1,965.0,2000.0,1930000.0,0.027878812391482,1,896.7833898305083,233.7418281117024,1815122.711864407,472306.7131964677,59,0.2918459683514231,0.243226032842364,1.076068101776935
Q0469696,2024,8,4.194,3.953,0.241,30000.0,7230.0,0.0609663546673412,1,0.1675434782608695,0.0684068568758487,5026.304347826088,2052.2057062754616,46,1.0738181096735135,1.0738181096735129,1.4384325937459457
Q0469732,2024,8,461.048,461.047,0.0009999999999763,40000.0,39.9999999990541,2.1689762648413284e-06,1,11.759176470588235,17.721981224124892,653498.6274509804,1177917.198062783,51,-0.6634797950571057,-0.554757693092237,8.503996878331366e-05
Q0603720,2024,8,37.9,34.8,3.1,1000.0,3100.0,0.0890804597701149,1,2.603846153846154,0.3725380723961188,2603.846153846154,372.5380723961191,26,1.3318205115591164,1.3318205115591155,1.190546528803545
Q0245916,2024,8,2531.765,2494.72,37.0450000000001,120000.0,4445400.00000001,0.0148493618522319,1,44.12260294117647,12.08437567798017,5366090.149253732,1335301.248486868,68,-0.5856821344997564,-0.6894999538845827,0.8395923524590762
Q0245899,2024,8,528.851,516.214,12.6369999999999,20000.0,252739.999999999,0.0244801574540789,1,9.431333333333336,3.55236493731814,190886.19718309864,68898.3537511435,72,0.902403532078178,0.8977544375053197,1.339895384180381
Q0603811,2024,8,999.018,951.92,47.0980000000001,20000.0,941960.000000001,0.0494768467938483,1,46.64197142857143,12.654643598964242,932839.4285714288,253092.87197928483,35,0.03603646107157,0.0360364610715658,1.009777214758751
Q0245949,2024,8,2076.014,2040.661,35.3530000000001,20000.0,707060.000000001,0.0173242885516017,1,37.31822222222222,12.470915139988511,764864.2253521127,242559.7629313648,72,-0.1575844434960951,-0.2383092094646713,0.9473388038015416
Q0245773,2024,8,1609.358,1599.82,9.53800000000001,40000.0,381520.0,0.0059619207160805,1,29.999624999999973,45.97636836445583,1004875.5555555556,577514.2749601826,72,-0.4450465690939342,-1.0793768787767777,0.3179373075496783
Q0245716,2024,8,6.753,6.753,0.0,40000.0,0.0,0.0,1,21.62518055555556,14.921138887475545,876090.704225352,593584.408110889,72,-1.449298255222812,-1.475932811331,0.0
Q0245675,2024,8,192.768,192.768,0.0,40000.0,0.0,0.0,1,4.502444444444445,6.186569902144633,171208.25396825396,235012.7058921989,63,-0.7277771876276109,-0.7285063729566509,0.0
Q0245847,2024,8,3307.872,3255.683,52.1889999999999,40000.0,2087559.99999999,0.0160301233258888,1,54.00253333333333,32.792040365511475,1376707.7333333334,738008.7368551424,75,-0.055304071144069,0.9632030505435384,0.9664176248521656
14190822,2024,8,6308.0,6161.0,147.0,100.0,14700.0,0.0238597630254828,1,631.0,492.8029855923112,63100.0,49280.29855923111,24,-0.9821369069391276,-0.9821369069391278,0.2329635499207607
0,2024,8,26.4,28.0,10.0,246.0,4.1,0.3571428571428571,0,124.9524761904762,473.5156850711432,42.16047619047619,114.3483941579356,35,-0.2427638192665259,-0.3328466173115458,0.0800304268060771
13193134,2024,9,52431.4,51288.3,1143.1,12000.0,13717200.0,0.0222877342395829,1,1150.2500000000002,210.83145770809924,13802040.000000006,2535279.5498053106,60,-0.0339133451797295,-0.0334637653691959,0.9937839600086936
13190208,2024,9,41004.4,40022.1,982.300000000003,9000.0,8840700.00000003,0.024543939473441,1,940.471186440678,103.35158616277336,8464240.677966101,930164.2754649604,59,0.4047234794582318,0.4047234794582369,1.0444764434704596
14192934,2024,9,38360.6,37816.4,544.199999999997,9000.0,4897799.99999997,0.0143905818639531,1,621.3745762711865,136.1921912582771,5592371.186440678,1225729.7213244932,59,-0.566659333095202,-0.5666593330952044,0.8758002351266007
Q0259508,2024,9,1185.295,1112.293,73.0020000000002,120000.0,8760240.00000002,0.0656319872551568,1,70.05541935483872,10.102394029054672,8406650.322580647,1212287.2834865605,31,0.2916715222834364,0.2916715222834338,1.042060709539639
Q0245881,2024,9,315.961,308.605,7.35599999999999,20000.0,147120.0,0.0238362955882114,1,5.491263888888889,3.54975705176635,110582.81690140846,71206.78268622402,72,0.5253137282122486,0.5131138034924894,1.3395823163560283
Q0831929,2024,9,111.69,101.343,10.347,20000.0,206940.0,0.1020988129421864,1,8.728961538461537,4.52112446615458,174579.23076923078,90422.48932309158,26,0.3578840780985349,0.3578840780985346,1.1853643705965555
Q0245763,2024,9,303.083,295.901,7.18200000000002,40000.0,287280.000000001,0.0242716313902285,1,5.324028169014084,2.556519765908508,212961.12676056335,102260.7906363403,71,0.7267582499311014,0.726758249931103,1.34897858764147
Q0245756,2024,9,299.073,296.032,3.041,40000.0,121640.0,0.0102725381039887,1,4.927042253521127,4.819802463162096,197081.69014084508,192792.09852648395,71,-0.3913111103486518,-0.3913111103486516,0.61720599165285
Q0245885,2024,9,714.011,713.63,0.380999999999972,40000.0,15239.9999999989,0.0005338901111219,1,10.859778378378376,18.73837633034432,344557.15068493143,1059402.593219086,74,-0.5592148537122403,-0.3108517505930149,0.0350835888841466
Q0245739,2024,9,2243.617,2197.102,46.5150000000003,10000.0,465150.000000003,0.0211710698911567,1,39.94781944444444,11.267900132210784,415160.42253521126,104383.1187971452,72,0.5828220412410917,0.4789048079885399,1.1643939681035371
Q0245809,2024,9,1326.801,1298.649,28.152,20000.0,563040.000000001,0.0216779129695552,1,23.615661971830985,5.396258698510247,487234.3661971831,137110.4789652949,71,0.8406450249357706,0.5528799430567646,1.1920902337431831
Q0245113,2024,9,1730.871,1730.871,0.0,40000.0,0.0,0.0,1,24.286676056338035,20.28085999217323,965589.014084507,813747.7718576561,71,-1.1975170710566871,-1.1865949714126056,0.0
Q0245930,2024,9,3226.984,3156.47,70.5140000000001,40000.0,2820560.00000001,0.022339512176577,1,77.40174999999999,143.8936639763133,2267442.5,526540.6872759613,72,-0.0478669443091928,1.0504743761807709,0.9110129938922584
Q0245713,2024,9,1687.562,1637.485,50.077,40000.0,2003080.0,0.0305816541830917,1,32.79048611111111,15.874084052531863,1311619.4444444445,634963.3621012745,72,1.088977091949551,1.0889770919495512,1.5271807752502735
20002075,2024,9,55.7,55.1,0.600000000000001,2000.0,1200.0,0.0108892921960072,1,1.057627118644068,1.1199143116590644,2162.71186440678,2283.818513313473,59,-0.4086269046478464,-0.4215360628678115,0.5673076923076931
20002088,2024,9,36614.6,35579.1,1035.5,2000.0,2071000.0,0.0291041650856823,1,896.7833898305083,233.7418281117024,1815122.711864407,472306.7131964677,59,0.5934607908653846,0.5417608536704295,1.15468240351297
Q0469696,2024,9,4.43,4.194,0.236,30000.0,7079.99999999999,0.0562708631378159,1,0.1675434782608695,0.0684068568758487,5026.304347826088,2052.2057062754616,46,1.0007260217111258,1.00072602171112,1.4085895938756976
Q0469732,2024,9,461.048,461.048,0.0,40000.0,0.0,0.0,1,11.759176470588235,17.721981224124892,653498.6274509804,1177917.198062783,51,-0.6635362221567245,-0.5547916513365557,0.0
Q0603720,2024,9,40.8,37.9,2.9,1000.0,2900.0,0.0765171503957783,1,2.603846153846154,0.3725380723961188,2603.846153846154,372.5380723961191,26,0.7949626309306349,0.794962630930635,1.1137370753323486
Q0245916,2024,9,2572.213,2531.765,40.4480000000003,120000.0,4853760.00000004,0.0159762063224668,1,44.12260294117647,12.08437567798017,5366090.149253732,1335301.248486868,68,-0.3040788402392961,-0.3836813227234318,0.916718355304761
Q0245899,2024,9,540.73,528.851,11.879,20000.0,237580.0,0.0224619032581955,1,9.431333333333336,3.55236493731814,190886.19718309864,68898.3537511435,72,0.6890245540241516,0.677720152582403,1.259524987629886
Q0603811,2024,9,1054.197,999.018,55.1789999999999,20000.0,1103580.0,0.0552332390407379,1,46.64197142857143,12.654643598964242,932839.4285714288,253092.87197928483,35,0.6746162785751794,0.6746162785751866,1.1830331847036584
Q0245949,2024,9,2110.546,2076.014,34.5319999999997,20000.0,690639.999999994,0.0166337991940322,1,37.31822222222222,12.470915139988511,764864.2253521127,242559.7629313648,72,-0.2234176234018609,-0.3060038666558285,0.9253388276206956
Q0245773,2024,9,1623.169,1609.358,13.8110000000001,40000.0,552440.000000006,0.0085816828822425,1,29.999624999999973,45.97636836445583,1004875.5555555556,577514.2749601826,72,-0.3521075190557078,-0.7834188264640612,0.4603724213219369
Q0245716,2024,9,6.754,6.753,0.0009999999999994,40000.0,39.9999999999778,0.0001480823337774,1,21.62518055555556,14.921138887475545,876090.704225352,593584.408110889,72,-1.449231236209884,-1.475865424116219,4.62423884707172e-05
Q0245675,2024,9,192.768,192.768,0.0,40000.0,0.0,0.0,1,4.502444444444445,6.186569902144633,171208.25396825396,235012.7058921989,63,-0.7277771876276109,-0.7285063729566509,0.0
Q0245847,2024,9,3362.078,3307.872,54.2060000000001,40000.0,2168240.00000001,0.016386970233431,1,54.00253333333333,32.792040365511475,1376707.7333333334,738008.7368551424,75,0.0062047577521514,1.07252424956324,1.0037677244771253
14190822,2024,9,6593.0,6308.0,285.0,100.0,28500.0,0.0451807228915662,1,631.0,492.8029855923112,63100.0,49280.29855923111,24,-0.7021061359523516,-0.7021061359523517,0.4516640253565768
0,2024,9,26.3,14.0,15.0,564.0,9.4,1.0714285714285714,0,124.9524761904762,473.5156850711432,42.16047619047619,114.3483941579356,35,-0.2322045069614883,-0.2864970376866693,0.1200456402091156
13193134,2024,10,53544.4,52431.4,1113.0,12000.0,13356000.0,0.0212277375771007,1,1150.2500000000002,210.83145770809924,13802040.000000006,2535279.5498053106,60,-0.1766814136985841,-0.1759332614954662,0.967615735709628
13190208,2024,10,41916.2,41004.4,911.799999999996,9000.0,8206199.99999996,0.0222366380193344,1,940.471186440678,103.35158616277336,8464240.677966101,930164.2754649604,59,-0.2774140920829849,-0.2774140920829867,0.9695140192979314
14192934,2024,10,38935.0,38360.6,574.400000000001,9000.0,5169600.00000001,0.0149736969703289,1,621.3745762711865,136.1921912582771,5592371.186440678,1225729.7213244932,59,-0.3449138738219001,-0.3449138738218993,0.924402159236904
Q0259508,2024,10,1253.055,1185.295,67.76,120000.0,8131200.0,0.0571672031013376,1,70.05541935483872,10.102394029054672,8406650.322580647,1212287.2834865605,31,-0.2272153856043473,-0.2272153856043482,0.967234235752524
Q0245881,2024,10,319.014,315.961,3.053,20000.0,61059.9999999999,0.0096625849392804,1,5.491263888888889,3.54975705176635,110582.81690140846,71206.78268622402,72,-0.6868819058125725,-0.6954789281750468,0.5559740092217184
Q0831929,2024,10,114.395,111.69,2.705,20000.0,54100.0,0.0242188199480705,1,8.728961538461537,4.52112446615458,174579.23076923078,90422.48932309158,26,-1.3324033840601577,-1.3324033840601586,0.3098879503685786
Q0245763,2024,10,306.292,303.083,3.20899999999995,40000.0,128359.999999998,0.0105878587713594,1,5.324028169014084,2.556519765908508,212961.12676056335,102260.7906363403,71,-0.8273075754071154,-0.8273075754071156,0.6027391099612082
Q0245756,2024,10,300.444,299.073,1.37100000000004,40000.0,54840.0000000015,0.0045841650700666,1,4.927042253521127,4.819802463162096,197081.69014084508,192792.09852648395,71,-0.7377983393925438,-0.7377983393925439,0.2782602481276165
Q0245885,2024,10,714.011,714.011,0.0,40000.0,0.0,0.0,1,10.859778378378376,18.73837633034432,344557.15068493143,1059402.593219086,74,-0.5795474584845649,-0.3252372166071114,0.0
Q0245739,2024,10,2290.901,2243.617,47.2839999999997,10000.0,472839.999999997,0.0210748982558073,1,39.94781944444444,11.267900132210784,415160.42253521126,104383.1187971452,72,0.6510690074882555,0.5525757242114825,1.183644080142039
Q0245809,2024,10,1353.437,1326.801,26.636,20000.0,532719.999999999,0.0200753541789612,1,23.615661971830985,5.396258698510247,487234.3661971831,137110.4789652949,71,0.5597096427202134,0.3317444016392729,1.1278955479533754
Q0245113,2024,10,1730.871,1730.871,0.0,40000.0,0.0,0.0,1,24.286676056338035,20.28085999217323,965589.014084507,813747.7718576561,71,-1.1975170710566871,-1.1865949714126056,0.0
Q0245930,2024,10,3300.306,3226.984,73.3220000000001,40000.0,2932880.0,0.022721525734246,1,77.40174999999999,143.8936639763133,2267442.5,526540.6872759613,72,-0.028352533998102,1.2637912246489749,0.9472912434150405
Q0245713,2024,10,1734.256,1687.562,46.6940000000002,40000.0,1867760.00000001,0.0276695019205221,1,32.79048611111111,15.874084052531863,1311619.4444444445,634963.3621012745,72,0.8758624335664602,0.8758624335664633,1.4240106060574036
20002075,2024,10,56.1,55.7,0.399999999999999,2000.0,799.999999999997,0.0071813285457809,1,1.057627118644068,1.1199143116590644,2162.71186440678,2283.818513313473,59,-0.5872119963087591,-0.5966813284255654,0.3782051282051272
20002088,2024,10,37599.8,36614.6,985.200000000004,2000.0,1970400.00000001,0.0269072992740601,1,896.7833898305083,233.7418281117024,1815122.711864407,472306.7131964677,59,0.3782661018944477,0.3287636694484409,1.0985930506431507
Q0469696,2024,10,4.659,4.43,0.229,30000.0,6870.0,0.0516930022573363,1,0.1675434782608695,0.0684068568758487,5026.304347826088,2052.2057062754616,46,0.8983970985637834,0.8983970985637821,1.3668093940573507
Q0469732,2024,10,461.048,461.048,0.0,40000.0,0.0,0.0,1,11.759176470588235,17.721981224124892,653498.6274509804,1177917.198062783,51,-0.6635362221567245,-0.5547916513365557,0.0
Q0603720,2024,10,43.7,40.8,2.90000000000001,1000.0,2900.00000000001,0.0710784313725492,1,2.603846153846154,0.3725380723961188,2603.846153846154,372.5380723961191,26,0.7949626309306623,0.7949626309306619,1.1137370753323526
Q0245916,2024,10,2614.922,2572.213,42.7089999999998,120000.0,5125079.99999998,0.0166039904160346,1,44.12260294117647,12.08437567798017,5366090.149253732,1335301.248486868,68,-0.1169777387633272,-0.1804912183875048,0.9679619322762698
Q0245899,2024,10,551.638,540.73,10.908,20000.0,218160.0,0.0201727294583248,1,9.431333333333336,3.55236493731814,190886.19718309864,68898.3537511435,72,0.4156855201316887,0.3958556530307329,1.1565702975895948
Q0603811,2024,10,1111.293,1054.197,57.096,20000.0,1141920.0,0.0541606549819436,1,46.64197142857143,12.654643598964242,932839.4285714288,253092.87197928483,35,0.8261021726668152,0.826102172666815,1.2241335057511045
Q0245949,2024,10,2144.719,2110.546,34.1730000000002,20000.0,683460.000000005,0.0161915447471887,1,37.31822222222222,12.470915139988511,764864.2253521127,242559.7629313648,72,-0.2522046046273485,-0.335604819069443,0.91571886239669
Q0245773,2024,10,1638.49,1623.169,15.3209999999999,40000.0,612839.999999997,0.0094389432030798,1,29.999624999999973,45.97636836445583,1004875.5555555556,577514.2749601826,72,-0.3192645596459956,-0.6788326670930998,0.510706383829795
Q0245716,2024,10,6.754,6.754,0.0,40000.0,0.0,0.0,1,21.62518055555556,14.921138887475545,876090.704225352,593584.408110889,72,-1.449298255222812,-1.475932811331,0.0
Q0245675,2024,10,205.003,192.768,12.235,40000.0,489399.999999999,0.0634700780212483,1,4.502444444444445,6.186569902144633,171208.25396825396,235012.7058921989,63,1.2498938309700485,1.353934225912452,2.717412763437145
Q0245847,2024,10,3407.61,3362.078,45.5320000000002,40000.0,1821280.00000001,0.0135428148900769,1,54.00253333333333,32.792040365511475,1376707.7333333334,738008.7368551424,75,-0.2583106521862507,0.6023943138683168,0.8431456302050065
14190822,2024,10,7290.0,6593.0,697.0,100.0,69700.0,0.1057181859548005,1,631.0,492.8029855923112,63100.0,49280.29855923111,24,0.1339277600371537,0.1339277600371538,1.1045958795562598
0,2024,10,28.0,15.0,15.0,384.0,6.4,1.0,0,124.9524761904762,473.5156850711432,42.16047619047619,114.3483941579356,35,-0.2322045069614883,-0.31273264879509,0.1200456402091156
13193134,2024,11,54595.8,53544.4,1051.4,12000.0,12616800.0,0.0196360403702347,1,1150.2500000000002,210.83145770809924,13802040.000000006,2535279.5498053106,60,-0.4688579260162405,-0.4674987419399263,0.914062160399913
13190208,2024,11,42795.5,41916.2,879.300000000003,9000.0,7913700.00000003,0.0209775695315892,1,940.471186440678,103.35158616277336,8464240.677966101,930164.2754649604,59,-0.5918746747082689,-0.5918746747082638,0.9349568734028052
14192934,2024,11,39459.6,38935.0,524.599999999999,9000.0,4721399.99999999,0.0134737382817516,1,621.3745762711865,136.1921912582771,5592371.186440678,1225729.7213244932,59,-0.7105736046765162,-0.7105736046765176,0.8442572645119742
Q0259508,2024,11,1318.39,1253.055,65.335,120000.0,7840200.0,0.0521405684507064,1,70.05541935483872,10.102394029054672,8406650.322580647,1212287.2834865605,31,-0.467257497704278,-0.4672574977042778,0.9326187838384172
Q0245881,2024,11,325.463,319.014,6.44900000000001,20000.0,128980.0,0.0202154137435974,1,5.491263888888889,3.54975705176635,110582.81690140846,71206.78268622402,72,0.2698032843218253,0.2583627907984493,1.174410869790654
Q0831929,2024,11,123.83,114.395,9.435,20000.0,188700.0,0.0824773810044145,1,8.728961538461537,4.52112446615458,174579.23076923078,90422.48932309158,26,0.1561643495603608,0.1561643495603603,1.0808845884390164
Q0245763,2024,11,311.596,306.292,5.30400000000003,40000.0,212160.000000001,0.0173168087968344,1,5.324028169014084,2.556519765908508,212961.12676056335,102260.7906363403,71,-0.0078341537902942,-0.0078341537902963,0.9962381549499272
Q0245756,2024,11,302.496,300.444,2.05199999999996,40000.0,82079.9999999986,0.0068298917601947,1,4.927042253521127,4.819802463162096,197081.69014084508,192792.09852648395,71,-0.596506241800407,-0.5965062418004057,0.416477045337594
Q0245885,2024,11,714.011,714.011,0.0,40000.0,0.0,0.0,1,10.859778378378376,18.73837633034432,344557.15068493143,1059402.593219086,74,-0.5795474584845649,-0.3252372166071114,0.0
Q0245739,2024,11,2334.539,2290.901,43.6380000000004,10000.0,436380.000000004,0.0190484006074467,1,39.94781944444444,11.267900132210784,415160.42253521126,104383.1187971452,72,0.3274949646569099,0.2032855284390401,1.0923750183833665
Q0245809,2024,11,1379.952,1353.437,26.5150000000001,20000.0,530300.000000002,0.0195908638525473,1,23.615661971830985,5.396258698510247,487234.3661971831,137110.4789652949,71,0.5372866999444521,0.3140944013018842,1.1227718296284677
Q0245113,2024,11,1730.871,1730.871,0.0,40000.0,0.0,0.0,1,24.286676056338035,20.28085999217323,965589.014084507,813747.7718576561,71,-1.1975170710566871,-1.1865949714126056,0.0
Q0245930,2024,11,3367.857,3300.306,67.5509999999999,40000.0,2702040.0,0.020468102048719,1,77.40174999999999,143.8936639763133,2267442.5,526540.6872759613,72,-0.068458538950135,0.8253825592251457,0.8727322056671833
Q0245713,2024,11,1778.194,1734.256,43.9379999999999,40000.0,1757519.99999999,0.025335359946859,1,32.79048611111111,15.874084052531863,1311619.4444444445,634963.3621012745,72,0.7022461171301915,0.7022461171301818,1.3399618368302093
20002075,2024,11,56.3,56.1,0.199999999999996,2000.0,399.999999999991,0.0035650623885917,1,1.057627118644068,1.1199143116590644,2162.71186440678,2283.818513313473,59,-0.7657970879696727,-0.7718265939833208,0.1891025641025602
20002088,2024,11,38473.2,37599.8,873.399999999994,2000.0,1746799.99999999,0.0232288469619517,1,896.7833898305083,233.7418281117024,1815122.711864407,472306.7131964677,59,-0.1000393896951115,-0.1446575074108599,0.9739252643440086
Q0469696,2024,11,4.858,4.659,0.199,30000.0,5970.0,0.0427130285468984,1,0.1675434782608695,0.0684068568758487,5026.304347826088,2052.2057062754616,46,0.459844570789457,0.459844570789456,1.1877513948358638
Q0469732,2024,11,461.048,461.048,0.0,40000.0,0.0,0.0,1,11.759176470588235,17.721981224124892,653498.6274509804,1177917.198062783,51,-0.6635362221567245,-0.5547916513365557,0.0
Q0603720,2024,11,46.4,43.7,2.7,1000.0,2700.0,0.0617848970251716,1,2.603846153846154,0.3725380723961188,2603.846153846154,372.5380723961191,26,0.2581047503021546,0.2581047503021543,1.0369276218611525
Q0245916,2024,11,2653.903,2614.922,38.9809999999998,120000.0,4677719.99999997,0.0149071368094343,1,44.12260294117647,12.08437567798017,5366090.149253732,1335301.248486868,68,-0.425475264770654,-0.515516742033909,0.8834700901931972
Q0245899,2024,11,566.218,551.638,14.5799999999999,20000.0,291599.999999999,0.0264303764425219,1,9.431333333333336,3.55236493731814,190886.19718309864,68898.3537511435,72,1.449363102472674,1.4617737193064475,1.5459107938078638
Q0603811,2024,11,1155.42,1111.293,44.1270000000002,20000.0,882540.000000004,0.0397077998331674,1,46.64197142857143,12.654643598964242,932839.4285714288,253092.87197928483,35,-0.1987390169389736,-0.1987390169389745,0.9460792211061936
Q0245949,2024,11,2182.624,2144.719,37.9049999999997,20000.0,758099.999999995,0.0176736439598845,1,37.31822222222222,12.470915139988511,764864.2253521127,242559.7629313648,72,0.0470517015945331,-0.0278868402177309,1.0157236262296565
Q0245773,2024,11,1647.001,1638.49,8.51099999999997,40000.0,340439.999999999,0.0051944168105999,1,29.999624999999973,45.97636836445583,1004875.5555555556,577514.2749601826,72,-0.4673841315533913,-1.1505093196204834,0.283703546294328
Q0245716,2024,11,13.502,6.754,6.748,40000.0,269920.0,0.9991116375481196,1,21.62518055555556,14.921138887475545,876090.704225352,593584.408110889,72,-0.9970539559847614,-1.021203885989053,0.3120436374005869
Q0245675,2024,11,208.921,205.003,3.91800000000001,40000.0,156720.0,0.0191119154353839,1,4.502444444444445,6.186569902144633,171208.25396825396,235012.7058921989,63,-0.0944698683905329,-0.0616488113408633,0.870193968708358
Q0245847,2024,11,3454.392,3407.61,46.7819999999997,40000.0,1871279.99999999,0.0137286837402166,1,54.00253333333333,32.792040365511475,1376707.7333333334,738008.7368551424,75,-0.2201916456814233,0.6701441893142954,0.8662926924415836
14190822,2024,11,7648.0,7290.0,358.0,100.0,35800.0,0.0491083676268861,1,631.0,492.8029855923112,63100.0,49280.29855923111,24,-0.5539739165173179,-0.553973916517318,0.5673534072900158
0,2024,11,25.8,14.0,10.0,408.0,6.8,0.7142857142857143,0,124.9524761904762,473.5156850711432,42.16047619047619,114.3483941579356,35,-0.2427638192665259,-0.3092345673139672,0.0800304268060771
13193134,2024,12,55737.8,54595.8,1142.0,12000.0,13704000.0,0.0209173599434388,1,1150.2500000000002,210.83145770809924,13802040.000000006,2535279.5498053106,60,-0.0391307828996872,-0.0386702918057041,0.9928276461638772
13190208,2024,12,43701.0,42795.5,905.5,9000.0,8149500.0,0.0211587666927597,1,940.471186440678,103.35158616277336,8464240.677966101,930164.2754649604,59,-0.3383710665610911,-0.3383710665610888,0.9628152494782636
14192934,2024,12,40079.0,39459.6,619.400000000001,9000.0,5574600.00000001,0.0156970673803079,1,621.3745762711865,136.1921912582771,5592371.186440678,1225729.7213244932,59,-0.0144984543749711,-0.0144984543749701,0.9968222448317168
Q0259508,2024,12,1385.667,1318.39,67.2769999999998,120000.0,8073239.99999998,0.0510296649701528,1,70.05541935483872,10.102394029054672,8406650.322580647,1212287.2834865605,31,-0.2750258351483947,-0.2750258351483916,0.9603396941960206
Q0245881,2024,12,330.075,325.463,4.61199999999997,20000.0,92239.9999999993,0.0141705816022096,1,5.491263888888889,3.54975705176635,110582.81690140846,71206.78268622402,72,-0.2476969201177865,-0.257599293345939,0.8398795055782995
Q0831929,2024,12,130.909,123.83,7.07899999999999,20000.0,141580.0,0.057167083905354,1,8.728961538461537,4.52112446615458,174579.23076923078,90422.48932309158,26,-0.3649449491632583,-0.3649449491632567,0.8109784845320387
Q0245763,2024,12,315.819,311.596,4.22300000000001,40000.0,168920.000000001,0.0135528055559121,1,5.324028169014084,2.556519765908508,212961.12676056335,102260.7906363403,71,-0.4306746162092758,-0.4306746162092701,0.7931964042898809
Q0245756,2024,12,304.765,302.496,2.26900000000001,40000.0,90760.0000000002,0.0075009256320745,1,4.927042253521127,4.819802463162096,197081.69014084508,192792.09852648395,71,-0.5514836497629557,-0.5514836497629565,0.4605196958435787
Q0245885,2024,12,714.011,714.011,0.0,40000.0,0.0,0.0,1,10.859778378378376,18.73837633034432,344557.15068493143,1059402.593219086,74,-0.5795474584845649,-0.3252372166071114,0.0
Q0245739,2024,12,2379.9,2334.539,45.3609999999999,10000.0,453609.999999999,0.0194303886120556,1,39.94781944444444,11.267900132210784,415160.42253521126,104383.1187971452,72,0.480407218030018,0.3683505331883159,1.1355062837180283
Q0245809,2024,12,1406.173,1379.952,26.221,20000.0,524420.0,0.0190013855554396,1,23.615661971830985,5.396258698510247,487234.3661971831,137110.4789652949,71,0.4828045084065882,0.2712092765151032,1.1103224644423133
Q0245113,2024,12,1730.871,1730.871,0.0,40000.0,0.0,0.0,1,24.286676056338035,20.28085999217323,965589.014084507,813747.7718576561,71,-1.1975170710566871,-1.1865949714126056,0.0
Q0245930,2024,12,3438.621,3367.857,70.7640000000001,40000.0,2830560.00000001,0.0210115809548921,1,77.40174999999999,143.8936639763133,2267442.5,526540.6872759613,72,-0.0461295502287894,1.069466260837842,0.9142428950249846
Q0245713,2024,12,1818.975,1778.194,40.7809999999999,40000.0,1631240.0,0.0229339430905738,1,32.79048611111111,15.874084052531863,1311619.4444444445,634963.3621012745,72,0.5033685006609456,0.5033685006609521,1.243683910687167
20002075,2024,12,56.6,56.3,0.300000000000004,2000.0,600.000000000009,0.0053285968028419,1,1.057627118644068,1.1199143116590644,2162.71186440678,2283.818513313473,59,-0.6765045421392101,-0.6842539612044365,0.2836538461538498
20002088,2024,12,39514.8,38473.2,1041.60000000001,2000.0,2083200.00000001,0.0270733913477436,1,896.7833898305083,233.7418281117024,1815122.711864407,472306.7131964677,59,0.6195579599056421,0.5675915261108933,1.1614844920319851
Q0469696,2024,12,5.058,4.858,0.2,30000.0,6000.00000000001,0.0411692054343351,1,0.1675434782608695,0.0684068568758487,5026.304347826088,2052.2057062754616,46,0.4744629883819346,0.4744629883819384,1.1937199948099133
Q0469732,2024,12,461.048,461.048,0.0,40000.0,0.0,0.0,1,11.759176470588235,17.721981224124892,653498.6274509804,1177917.198062783,51,-0.6635362221567245,-0.5547916513365557,0.0
Q0603720,2024,12,49.3,46.4,2.9,1000.0,2900.0,0.0625,1,2.603846153846154,0.3725380723961188,2603.846153846154,372.5380723961191,26,0.7949626309306349,0.794962630930635,1.1137370753323486
Q0245916,2024,12,2699.954,2653.903,46.0510000000004,120000.0,5526120.00000005,0.0173521790359332,1,44.12260294117647,12.08437567798017,5366090.149253732,1335301.248486868,68,0.1595777150769821,0.1198455037225949,1.043705423757407
Q0245899,2024,12,578.131,566.218,11.913,20000.0,238260.0,0.0210395995888509,1,9.431333333333336,3.55236493731814,190886.19718309864,68898.3537511435,72,0.6985956427495317,0.6875897643071783,1.2631299922244998
Q0603811,2024,12,1192.323,1155.42,36.903,20000.0,738060.0,0.0319390351560471,1,46.64197142857143,12.654643598964242,932839.4285714288,253092.87197928483,35,-0.7695966585237176,-0.7695966585237181,0.7911972601011106
Q0245949,2024,12,2221.235,2182.624,38.6110000000003,20000.0,772220.000000007,0.0176901747621213,1,37.31822222222222,12.470915139988511,764864.2253521127,242559.7629313648,72,0.1036634251188782,0.0303256177323017,1.03464199795156
Q0245773,2024,12,1656.397,1647.001,9.39599999999996,40000.0,375839.999999998,0.005704914568965,1,29.999624999999973,45.97636836445583,1004875.5555555556,577514.2749601826,72,-0.4481351122967034,-1.0892121334990843,0.3132039150489371
Q0245716,2024,12,24.154,13.502,10.652,40000.0,426080.0,0.7889201599762997,1,21.62518055555556,14.921138887475545,876090.704225352,593584.408110889,72,-0.7354117295139038,-0.758124199484169,0.4925739219903751
Q0245675,2024,12,230.374,208.921,21.453,40000.0,858120.0,0.1026847468660402,1,4.502444444444445,6.186569902144633,171208.25396825396,235012.7058921989,63,2.739895584090868,2.9228706738385237,4.764745076748432
Q0245847,2024,12,3503.407,3454.392,49.0150000000003,40000.0,1960600.00000001,0.0141891829300207,1,54.00253333333333,32.792040365511475,1376707.7333333334,738008.7368551424,75,-0.1520958524611537,0.7911725668110674,0.9076426044210328
14190822,2024,12,8569.0,7648.0,921.0,100.0,92100.0,0.120423640167364,1,631.0,492.8029855923112,63100.0,49280.29855923111,24,0.588470460769312,0.5884704607693122,1.4595879556259903
0,2024,12,26.8,13.0,18.0,402.0,6.7,1.3846153846153846,0,124.9524761904762,473.5156850711432,42.16047619047619,114.3483941579356,35,-0.2258689195784658,-0.3101090876842479,0.1440547682509388
13193134,2025,1,56762.5,55737.8,1024.7,12000.0,12296400.0,0.0183842921679721,1,1150.2500000000002,210.83145770809924,13802040.000000006,2535279.5498053106,60,-0.5954993688552251,-0.5938753381715349,0.8908498152575526
13190208,2025,1,44563.3,43701.0,862.300000000003,9000.0,7760700.00000003,0.0197318139173017,1,940.471186440678,103.35158616277336,8464240.677966101,930164.2754649604,59,-0.7563617486969146,-0.7563617486969095,0.9168808278576582
14192934,2025,1,40584.7,40079.0,505.699999999997,9000.0,4551299.99999997,0.012617580278949,1,621.3745762711865,136.1921912582771,5592371.186440678,1225729.7213244932,59,-0.8493480808442412,-0.8493480808442438,0.8138408285621496
Q0259508,2025,1,1449.728,1385.667,64.0610000000001,120000.0,7687320.00000002,0.0462311652078025,1,70.05541935483872,10.102394029054672,8406650.322580647,1212287.2834865605,31,-0.5933662196899617,-0.5933662196899566,0.9144331814719971
Q0245881,2025,1,338.414,330.075,8.339,20000.0,166780.0,0.0252639551617056,1,5.491263888888889,3.54975705176635,110582.81690140846,71206.78268622402,72,0.8022340880185267,0.789211097294299,1.5185939282344938
Q0831929,2025,1,143.867,130.909,12.958,20000.0,259160.0,0.0989847909616604,1,8.728961538461537,4.52112446615458,174579.23076923078,90422.48932309158,26,0.9353952746042072,0.935395274604207,1.4844835714883702
Q0245763,2025,1,322.994,315.819,7.17500000000001,40000.0,287000.0,0.0227187091340293,1,5.324028169014084,2.556519765908508,212961.12676056335,102260.7906363403,71,0.724020152579633,0.7240201525796293,1.3476637936963984
Q0245756,2025,1,308.434,304.765,3.66900000000004,40000.0,146760.000000002,0.0120387839811003,1,4.927042253521127,4.819802463162096,197081.69014084508,192792.09852648395,71,-0.2610153140375241,-0.2610153140375219,0.7446658281401944
Q0245885,2025,1,714.011,714.011,0.0,40000.0,0.0,0.0,1,10.859778378378376,18.73837633034432,344557.15068493143,1059402.593219086,74,-0.5795474584845649,-0.3252372166071114,0.0
Q0245739,2025,1,2422.799,2379.9,42.8989999999999,10000.0,428989.999999999,0.0180255472919029,1,39.94781944444444,11.267900132210784,415160.42253521126,104383.1187971452,72,0.2619104288224138,0.1324886401570709,1.0738758860082382
Q0245809,2025,1,1432.51,1406.173,26.337,20000.0,526740.0,0.0187295588807351,1,23.615661971830985,5.396258698510247,487234.3661971831,137110.4789652949,71,0.5043008832990713,0.2881299379955961,1.1152344588695018
Q0245113,2025,1,1730.872,1730.871,0.0009999999999763,40000.0,39.9999999990541,5.777438064282664e-07,1,24.286676056338035,20.28085999217323,965589.014084507,813747.7718576561,71,-1.1974677634829274,-1.1865458161320843,4.1174839968079225e-05
Q0245930,2025,1,3483.084,3438.621,44.4629999999997,40000.0,1778519.99999999,0.0129304741639162,1,77.40174999999999,143.8936639763133,2267442.5,526540.6872759613,72,-0.2289103570635495,-0.9285559726247034,0.574444376257639
Q0245713,2025,1,1867.054,1818.975,48.0790000000002,40000.0,1923160.00000001,0.0264319190753035,1,32.79048611111111,15.874084052531863,1311619.4444444445,634963.3621012745,72,0.9631115621093506,0.9631115621093538,1.466248467225637
20002075,2025,1,56.9,56.6,0.299999999999997,2000.0,599.999999999994,0.0053003533568904,1,1.057627118644068,1.1199143116590644,2162.71186440678,2283.818513313473,59,-0.6765045421392164,-0.684253961204443,0.2836538461538432
20002088,2025,1,40573.3,39514.8,1058.5,2000.0,2117000.0,0.0267874315446364,1,896.7833898305083,233.7418281117024,1815122.711864407,472306.7131964677,59,0.691859952820294,0.6391551923802948,1.1803296225190525
Q0469696,2025,1,5.28,5.058,0.222,30000.0,6660.00000000001,0.0438908659549229,1,0.1675434782608695,0.0684068568758487,5026.304347826088,2052.2057062754616,46,0.7960681754164405,0.7960681754164443,1.3250291942390038
Q0469732,2025,1,461.049,461.048,0.0009999999999763,40000.0,39.9999999990541,2.1689715603934947e-06,1,11.759176470588235,17.721981224124892,653498.6274509804,1177917.198062783,51,-0.6634797950571057,-0.554757693092237,8.503996878331366e-05
Q0603720,2025,1,52.1,49.3,2.8,1000.0,2800.0,0.0567951318458417,1,2.603846153846154,0.3725380723961188,2603.846153846154,372.5380723961191,26,0.5265336906163942,0.5265336906163947,1.0753323485967503
Q0245916,2025,1,2737.509,2699.954,37.5549999999998,120000.0,4506599.99999998,0.0139094962358617,1,44.12260294117647,12.08437567798017,5366090.149253732,1335301.248486868,68,-0.5434788785277488,-0.6436675995231077,0.8511510540315926
Q0245899,2025,1,588.303,578.131,10.172,20000.0,203440.000000001,0.0175946282071018,1,9.431333333333336,3.55236493731814,190886.19718309864,68898.3537511435,72,0.2084995994881744,0.1822075874591414,1.0785325510708983
Q0603811,2025,1,1228.622,1192.323,36.299,20000.0,725980.0,0.0304439317198443,1,46.64197142857143,12.654643598964242,932839.4285714288,253092.87197928483,35,-0.8173261734070475,-0.817326173407048,0.7782475501831887
Q0245949,2025,1,2261.055,2221.235,39.8199999999997,20000.0,796399.999999994,0.0179269640537807,1,37.31822222222222,12.470915139988511,764864.2253521127,242559.7629313648,72,0.200608996989758,0.1300123906239333,1.0670390396112637
Q0245773,2025,1,1665.539,1656.397,9.14200000000005,40000.0,365680.000000002,0.0055192082574407,1,29.999624999999973,45.97636836445583,1004875.5555555556,577514.2749601826,72,-0.4536596895748921,-1.1068047722277057,0.3047371425476171
Q0245716,2025,1,34.429,24.154,10.275,40000.0,411000.0,0.4253953796472634,1,21.62518055555556,14.921138887475545,876090.704225352,593584.408110889,72,-0.7606778973877545,-0.7835291794565925,0.4751405415369043
Q0245675,2025,1,230.374,230.374,0.0,40000.0,0.0,0.0,1,4.502444444444445,6.186569902144633,171208.25396825396,235012.7058921989,63,-0.7277771876276109,-0.7285063729566509,0.0
Q0245847,2025,1,3549.538,3503.407,46.1309999999999,40000.0,1845239.99999999,0.0131674681245998,1,54.00253333333333,32.792040365511475,1376707.7333333334,738008.7368551424,75,-0.2400440242691393,0.6348600541820156,0.8542377024287732
14190822,2025,1,9528.0,8569.0,959.0,100.0,95900.0,0.111915042595402,1,631.0,492.8029855923112,63100.0,49280.29855923111,24,0.6655803832149461,0.6655803832149462,1.5198098256735342
0,2025,1,24.4,23.0,14.0,168.0,2.8,0.6086956521739131,0,124.9524761904762,473.5156850711432,42.16047619047619,114.3483941579356,35,-0.2343163694224958,-0.3442153821251948,0.1120425975285079
13193134,2025,2,57837.7,56762.5,1075.2,12000.0,12902400.0,0.0189420832415767,1,1150.2500000000002,210.83145770809924,13802040.000000006,2535279.5498053106,60,-0.355971546257146,-0.354848442677294,0.9347533144968484
13190208,2025,2,45507.0,44563.3,943.699999999997,9000.0,8493299.99999997,0.0211766184281684,1,940.471186440678,103.35158616277336,8464240.677966101,930164.2754649604,59,0.0312410644016011,0.0312410644016007,1.003433187115002
14192934,2025,2,41076.6,40584.7,491.900000000001,9000.0,4427100.00000001,0.0121203310607199,1,621.3745762711865,136.1921912582771,5592371.186440678,1225729.7213244932,59,-0.95067547614127,-0.9506754761412696,0.7916320023130801
Q0259508,2025,2,1519.803,1449.728,70.075,120000.0,8409000.00000001,0.04833665349638,1,70.05541935483872,10.102394029054672,8406650.322580647,1212287.2834865605,31,0.0019382183178531,0.0019382183178601,1.0002795022189803
Q0245881,2025,2,347.04,338.414,8.62600000000003,20000.0,172520.000000001,0.0254894892055294,1,5.491263888888889,3.54975705176635,110582.81690140846,71206.78268622402,72,0.8830846915428492,0.869821395688127,1.5708587630352306
Q0831929,2025,2,157.569,143.867,13.702,20000.0,274040.0,0.0952407431864152,1,8.728961538461537,4.52112446615458,174579.23076923078,90422.48932309158,26,1.0999561057800862,1.099956105780086,1.56971707798531
Q0245763,2025,2,330.239,322.994,7.24499999999995,40000.0,289799.999999998,0.0224307572276882,1,5.324028169014084,2.556519765908508,212961.12676056335,102260.7906363403,71,0.751401126094252,0.751401126094252,1.3608117331470837
Q0245756,2025,2,312.297,308.434,3.863,40000.0,154520.0,0.0125245595492066,1,4.927042253521127,4.819802463162096,197081.69014084508,192792.09852648395,71,-0.2207647018012949,-0.2207647018012948,0.7840403636155737
Q0245885,2025,2,714.011,714.011,0.0,40000.0,0.0,0.0,1,10.859778378378376,18.73837633034432,344557.15068493143,1059402.593219086,74,-0.5795474584845649,-0.3252372166071114,0.0
Q0245739,2025,2,2462.145,2422.799,39.346,10000.0,393460.0,0.0162398944361459,1,39.94781944444444,11.267900132210784,415160.42253521126,104383.1187971452,72,-0.0534100797294133,-0.2078920689980835,0.9849348612060942
Q0245809,2025,2,1456.4,1432.51,23.8900000000001,20000.0,477800.000000002,0.0166770214518573,1,23.615661971830985,5.396258698510247,487234.3661971831,137110.4789652949,71,0.050838561213689,-0.0688084985799598,1.0116167833235563
Q0245113,2025,2,1730.872,1730.872,0.0,40000.0,0.0,0.0,1,24.286676056338035,20.28085999217323,965589.014084507,813747.7718576561,71,-1.1975170710566871,-1.1865949714126056,0.0
Q0245930,2025,2,3544.879,3483.084,61.7950000000001,40000.0,2471800.0,0.0177414613026846,1,77.40174999999999,143.8936639763133,2267442.5,526540.6872759613,72,-0.1084603002573411,0.3881134068807407,0.798366961987295
Q0245713,2025,2,1921.003,1867.054,53.9489999999998,40000.0,2157959.99999999,0.0288952542347461,1,32.79048611111111,15.874084052531863,1311619.4444444445,634963.3621012745,72,1.3328966773055468,1.3328966773055442,1.6452638066173435
20002075,2025,2,57.2,56.9,0.300000000000004,2000.0,600.000000000009,0.0052724077328647,1,1.057627118644068,1.1199143116590644,2162.71186440678,2283.818513313473,59,-0.6765045421392101,-0.6842539612044365,0.2836538461538498
20002088,2025,2,41550.7,40573.3,977.399999999994,2000.0,1954799.99999999,0.0240897338890352,1,896.7833898305083,233.7418281117024,1815122.711864407,472306.7131964677,59,0.3448959513183919,0.2957342850163572,1.089895298110642
Q0469696,2025,2,5.5,5.28,0.22,30000.0,6599.99999999999,0.0416666666666666,1,0.1675434782608695,0.0684068568758487,5026.304347826088,2052.2057062754616,46,0.7668313402314854,0.7668313402314795,1.3130919942909045
Q0469732,2025,2,461.049,461.049,0.0,40000.0,0.0,0.0,1,11.759176470588235,17.721981224124892,653498.6274509804,1177917.198062783,51,-0.6635362221567245,-0.5547916513365557,0.0
Q0603720,2025,2,54.3,52.1,2.2,1000.0,2200.0,0.0422264875239923,1,2.603846153846154,0.3725380723961188,2603.846153846154,372.5380723961191,26,-1.084039951269048,-1.0840399512690475,0.844903988183161
Q0245916,2025,2,2774.06,2737.509,36.5509999999999,120000.0,4386119.99999999,0.0133519195735977,1,44.12260294117647,12.08437567798017,5366090.149253732,1335301.248486868,68,-0.6265613667550356,-0.7338944304622054,0.8283962768182352
Q0245899,2025,2,594.815,588.303,6.51200000000006,20000.0,130240.000000001,0.0110691259436039,1,9.431333333333336,3.55236493731814,190886.19718309864,68898.3537511435,72,-0.8217999515379822,-0.8802270864431373,0.69046440941543
Q0603811,2025,2,1262.799,1228.622,34.1769999999999,20000.0,683539.999999998,0.0278173433326115,1,46.64197142857143,12.654643598964242,932839.4285714288,253092.87197928483,35,-0.9850116545037874,-0.985011654503788,0.7327520461337989
Q0245949,2025,2,2299.317,2261.055,38.2620000000002,20000.0,765240.000000003,0.016922188978154,1,37.31822222222222,12.470915139988511,764864.2253521127,242559.7629313648,72,0.075678309665641,0.0015492043830727,1.025289998332664
Q0245773,2025,2,1674.568,1665.539,9.029,40000.0,361160.0,0.0054210678945374,1,29.999624999999973,45.97636836445583,1004875.5555555556,577514.2749601826,72,-0.4561174739545607,-1.1146314185912327,0.3009704287970269
Q0245716,2025,2,43.146,34.429,8.717,40000.0,348680.0,0.2531877196549421,1,21.62518055555556,14.921138887475545,876090.704225352,593584.408110889,72,-0.8650935195295568,-0.8885184600853347,0.4030949002994837
Q0245675,2025,2,232.253,230.374,1.87899999999999,40000.0,75159.9999999996,0.0081563023605093,1,4.502444444444445,6.186569902144633,171208.25396825396,235012.7058921989,63,-0.4240547647469422,-0.4086938772251404,0.417328858397905
Q0245847,2025,2,3595.358,3549.538,45.8200000000002,40000.0,1832800.00000001,0.0129087222055377,1,54.00253333333333,32.792040365511475,1376707.7333333334,738008.7368551424,75,-0.249528033087535,0.6180038851710765,0.8484787133443159
14190822,2025,2,10523.0,9528.0,995.0,100.0,99500.0,0.1044290512174643,1,631.0,492.8029855923112,63100.0,49280.29855923111,24,0.7386318886897572,0.7386318886897573,1.5768621236133122
0,2025,2,26.3,2025.0,8.0,378.0,6.3,0.0039506172839506,0,124.9524761904762,473.5156850711432,42.16047619047619,114.3483941579356,35,-0.2469875441885409,-0.3136071691653707,0.0640243414448617
13193134,2025,3,59055.8,57837.7,1218.10000000001,12000.0,14617200.0000001,0.0210606576679226,1,1150.2500000000002,210.83145770809924,13802040.000000006,2535279.5498053106,60,0.321821044817465,0.3215266734836767,1.0589871767007255
13190208,2025,3,46549.7,45507.0,1042.7,9000.0,9384299.99999997,0.0229129584459533,1,940.471186440678,103.35158616277336,8464240.677966101,930164.2754649604,59,0.9891363776296268,0.9891363776295964,1.1086995699955664
14192934,2025,3,41660.6,41076.6,584.0,9000.0,5256000.0,0.014217340286197,1,621.3745762711865,136.1921912582771,5592371.186440678,1225729.7213244932,59,-0.2744252510065625,-0.2744252510065628,0.9398517774971292
Q0259508,2025,3,1597.158,1519.803,77.3549999999998,120000.0,9282599.99999998,0.0508980440228107,1,70.05541935483872,10.102394029054672,8406650.322580647,1212287.2834865605,31,0.7225594868075188,0.7225594868075209,1.1041972300271
Q0245881,2025,3,355.421,347.04,8.38099999999997,20000.0,167619.999999999,0.0241499538958044,1,5.491263888888889,3.54975705176635,110582.81690140846,71206.78268622402,72,0.8140658836562227,0.8010077263275261,1.526242440644351
Q0831929,2025,3,171.072,157.569,13.503,20000.0,270060.0,0.0856957904156274,1,8.728961538461537,4.52112446615458,174579.23076923078,90422.48932309158,26,1.055940507118796,1.0559405071187955,1.5469194062206717
Q0245763,2025,3,337.251,330.239,7.012,40000.0,280480.0,0.0212331069316464,1,5.324028169014084,2.556519765908508,212961.12676056335,102260.7906363403,71,0.6602615999669624,0.6602615999669624,1.3170478775469174
Q0245756,2025,3,315.907,312.297,3.60999999999996,40000.0,144399.999999998,0.0115595090570833,1,4.927042253521127,4.819802463162096,197081.69014084508,192792.09852648395,71,-0.2732564796145408,-0.2732564796145428,0.7326910982791068
Q0245885,2025,3,714.011,714.011,0.0,40000.0,0.0,0.0,1,10.859778378378376,18.73837633034432,344557.15068493143,1059402.593219086,74,-0.5795474584845649,-0.3252372166071114,0.0
Q0245739,2025,3,2511.232,2462.145,49.087,10000.0,490870.0,0.0199366812271413,1,39.94781944444444,11.267900132210784,415160.42253521126,104383.1187971452,72,0.8110810752954761,0.7253048034703803,1.2287779579124576
Q0245809,2025,3,1486.598,1456.4,30.1979999999999,20000.0,603959.999999997,0.0207346882724525,1,23.615661971830985,5.396258698510247,487234.3661971831,137110.4789652949,71,1.2197966027807583,0.851325403307498,1.2787276526916924
Q0245113,2025,3,1730.872,1730.872,0.0,40000.0,0.0,0.0,1,24.286676056338035,20.28085999217323,965589.014084507,813747.7718576561,71,-1.1975170710566871,-1.1865949714126056,0.0
Q0245930,2025,3,3616.253,3544.879,71.3740000000003,40000.0,2854960.00000001,0.0201343966888574,1,77.40174999999999,143.8936639763133,2267442.5,526540.6872759613,72,-0.0418903086726038,1.1158064594010957,0.9221238537888394
Q0245713,2025,3,1991.0,1921.003,69.9970000000001,40000.0,2799880.0,0.0364377359119169,1,32.79048611111111,15.874084052531863,1311619.4444444445,634963.3621012745,72,2.343852644710841,2.3438526447108345,2.134674056456928
20002075,2025,3,57.8,57.2,0.599999999999994,2000.0,1199.99999999999,0.0104895104895103,1,1.057627118644068,1.1199143116590644,2162.71186440678,2283.818513313473,59,-0.4086269046478526,-0.4215360628678159,0.5673076923076865
20002088,2025,3,42337.4,41550.7,786.700000000004,2000.0,1573400.00000001,0.0189334957052469,1,896.7833898305083,233.7418281117024,1815122.711864407,472306.7131964677,59,-0.4709614480207487,-0.5117918189823535,0.8772463996558745
Q0469696,2025,3,5.754,5.5,0.254,30000.0,7619.99999999999,0.0461818181818181,1,0.1675434782608695,0.0684068568758487,5026.304347826088,2052.2057062754616,46,1.2638575383757218,1.2638575383757158,1.5160243934085895
Q0469732,2025,3,461.049,461.049,0.0,40000.0,0.0,0.0,1,11.759176470588235,17.721981224124892,653498.6274509804,1177917.198062783,51,-0.6635362221567245,-0.5547916513365557,0.0
Q0603720,2025,3,56.8,54.3,2.5,1000.0,2500.0,0.0460405156537753,1,2.603846153846154,0.3725380723961188,2603.846153846154,372.5380723961191,26,-0.2787531303263268,-0.2787531303263264,0.9601181683899556
Q0245916,2025,3,2817.406,2774.06,43.346,120000.0,5201520.0,0.0156254731332415,1,44.12260294117647,12.08437567798017,5366090.149253732,1335301.248486868,68,-0.0642650445394192,-0.123245709116365,0.9823989771815632
Q0245899,2025,3,602.711,594.815,7.89599999999996,20000.0,157919.999999999,0.0132747156678966,1,9.431333333333336,3.55236493731814,190886.19718309864,68898.3537511435,72,-0.4322003398931405,-0.4784758327052553,0.837209302325577
Q0603811,2025,3,1304.473,1262.799,41.674,20000.0,833480.0,0.0330012931590854,1,46.64197142857143,12.654643598964242,932839.4285714288,253092.87197928483,35,-0.3925809043707916,-0.3925809043707921,0.8934871045024438
Q0245949,2025,3,2341.096,2299.317,41.779,20000.0,835580.0,0.0181701783616613,1,37.31822222222222,12.470915139988511,764864.2253521127,242559.7629313648,72,0.3576945017831221,0.2915395933491954,1.1195335016554322
Q0245773,2025,3,1685.383,1674.568,10.8150000000001,40000.0,432600.000000002,0.0064583821021302,1,29.999624999999973,45.97636836445583,1004875.5555555556,577514.2749601826,72,-0.4172714305732646,-0.9909288486332388,0.3605045063063325
Q0245716,2025,3,52.381,43.146,9.235,40000.0,369400.0,0.2140406990219255,1,21.62518055555556,14.921138887475545,876090.704225352,593584.408110889,72,-0.8303776708328601,-0.8536118828287953,0.4270484575273295
Q0245675,2025,3,244.432,232.253,12.179,40000.0,487160.0,0.0524385045618355,1,4.502444444444445,6.186569902144633,171208.25396825396,235012.7058921989,63,1.2408419652535412,1.3444028263589891,2.7049750752677557
Q0245847,2025,3,3643.285,3595.358,47.9269999999997,40000.0,1917079.99999999,0.0133302441648369,1,54.00253333333333,32.792040365511475,1376707.7333333334,738008.7368551424,75,-0.1852746357229872,0.7322030752228368,0.8874954014502968
14190822,2025,3,11780.0,10523.0,1257.0,100.0,125700.0,0.1194526275776869,1,631.0,492.8029855923112,63100.0,49280.29855923111,24,1.2702845118675494,1.2702845118675496,1.9920760697305864
0.008333333333333333,2025,3,26.3,18.0,16.0,226.0,3.76666666666667,0.8888888888888888,0,16.0,12.654643598964242,3.76666666666667,399980.85516549455,1,-0.104794986695801,-0.0703827710098905,1.0
13193134,2025,4,60303.4,59055.8,1247.6,12000.0,14971200.0,0.0211257827342953,1,1150.2500000000002,210.83145770809924,13802040.000000006,2535279.5498053106,60,0.4617432382162954,0.4611562460990847,1.0846337752662465
13190208,2025,4,47635.9,46549.7,1086.2,9000.0,9775800.00000004,0.0233341997907612,1,940.471186440678,103.35158616277336,8464240.677966101,930164.2754649604,59,1.4100297728358673,1.4100297728359112,1.154952980655207
14192934,2025,4,42240.1,41660.6,579.5,9000.0,5215500.0,0.0139100252996836,1,621.3745762711865,136.1921912582771,5592371.186440678,1225729.7213244932,59,-0.3074667929512555,-0.3074667929512557,0.9326097689376478
Q0259508,2025,4,1678.113,1597.158,80.9550000000002,120000.0,9714600.00000002,0.0506869076196595,1,70.05541935483872,10.102394029054672,8406650.322580647,1212287.2834865605,31,1.0789106635332262,1.0789106635332233,1.155585117404749
Q0245881,2025,4,359.287,355.421,3.86599999999999,20000.0,77319.9999999997,0.0108772413560256,1,5.491263888888889,3.54975705176635,110582.81690140846,71206.78268622402,72,-0.4578521473970089,-0.4671298947458826,0.7040273565840673
Q0831929,2025,4,177.259,171.072,6.18699999999998,20000.0,123740.0,0.036166058735503,1,8.728961538461537,4.52112446615458,174579.23076923078,90422.48932309158,26,-0.5622409994440187,-0.562240999444015,0.7087899256674268
Q0245763,2025,4,340.772,337.251,3.52100000000001,40000.0,140840.000000001,0.0104402952103922,1,5.324028169014084,2.556519765908508,212961.12676056335,102260.7906363403,71,-0.7052666648846868,-0.7052666648846815,0.6613413543700385
Q0245756,2025,4,317.775,315.907,1.86799999999999,40000.0,74719.9999999998,0.0059131326624607,1,4.927042253521127,4.819802463162096,197081.69014084508,192792.09852648395,71,-0.6346820802100283,-0.6346820802100268,0.3791321250929028
Q0245885,2025,4,714.011,714.011,0.0,40000.0,0.0,0.0,1,10.859778378378376,18.73837633034432,344557.15068493143,1059402.593219086,74,-0.5795474584845649,-0.3252372166071114,0.0
Q0245739,2025,4,2557.34,2511.232,46.1080000000002,10000.0,461080.000000002,0.0183607090065753,1,39.94781944444444,11.267900132210784,415160.42253521126,104383.1187971452,72,0.5467017353079009,0.4399138289212201,1.1542056773367253
Q0245809,2025,4,1516.526,1486.598,29.9280000000001,20000.0,598560.000000002,0.0201318715617807,1,23.615661971830985,5.396258698510247,487234.3661971831,137110.4789652949,71,1.169761937082774,0.8119411050339733,1.2672945622146243
Q0245113,2025,4,1730.872,1730.872,0.0,40000.0,0.0,0.0,1,24.286676056338035,20.28085999217323,965589.014084507,813747.7718576561,71,-1.1975170710566871,-1.1865949714126056,0.0
Q0245930,2025,4,3695.846,3616.253,79.5929999999998,40000.0,3183719.99999999,0.022009798540091,1,77.40174999999999,143.8936639763133,2267442.5,526540.6872759613,72,0.0152282591147343,1.7401836593869278,1.0283100834283438
Q0245713,2025,4,2068.107,1991.0,77.107,40000.0,3084280.0,0.0387277749874434,1,32.79048611111111,15.874084052531863,1311619.4444444445,634963.3621012745,72,2.7917525031512325,2.7917525031512325,2.3515052426707443
20002075,2025,4,58.3,57.8,0.5,2000.0,1000.0,0.0086505190311418,1,1.057627118644068,1.1199143116590644,2162.71186440678,2283.818513313473,59,-0.4979194504783027,-0.5091086956466878,0.4727564102564102
20002088,2025,4,43263.1,42337.4,925.699999999997,2000.0,1851399.99999999,0.0218648287329877,1,896.7833898305083,233.7418281117024,1815122.711864407,472306.7131964677,59,0.1237117481414997,0.0768087497424424,1.0322448101708863
Q0469696,2025,4,6.019,5.754,0.265000000000001,30000.0,7950.00000000002,0.0460549183176922,1,0.1675434782608695,0.0684068568758487,5026.304347826088,2052.2057062754616,46,1.4246601318929897,1.4246601318929832,1.581678993123141
Q0469732,2025,4,461.049,461.049,0.0,40000.0,0.0,0.0,1,11.759176470588235,17.721981224124892,653498.6274509804,1177917.198062783,51,-0.6635362221567245,-0.5547916513365557,0.0
Q0603720,2025,4,59.2,56.8,2.40000000000001,1000.0,2400.00000000001,0.0422535211267607,1,2.603846153846154,0.3725380723961188,2603.846153846154,372.5380723961191,26,-0.5471820706405403,-0.5471820706405399,0.9217134416543612
Q0245916,2025,4,2860.466,2817.406,43.0599999999999,120000.0,5167199.99999999,0.0152835622554931,1,44.12260294117647,12.08437567798017,5366090.149253732,1335301.248486868,68,-0.0879319684766844,-0.1489477745034085,0.975917038652656
Q0245899,2025,4,612.249,602.711,9.53800000000001,20000.0,190760.0,0.0158251633038056,1,9.431333333333336,3.55236493731814,190886.19718309864,68898.3537511435,72,0.0300269450208014,-0.0018316429381529,1.0113098183360438
Q0603811,2025,4,1342.956,1304.473,38.4829999999999,20000.0,769659.999999999,0.0295008022396783,1,46.64197142857143,12.654643598964242,932839.4285714288,253092.87197928483,35,-0.644741305020975,-0.6447413050209716,0.8250723290916987
Q0245949,2025,4,2382.79,2341.096,41.694,20000.0,833879.999999999,0.0178096071241845,1,37.31822222222222,12.470915139988511,764864.2253521127,242559.7629313648,72,0.350878642718582,0.2845310113013885,1.117255794011862
Q0245773,2025,4,1695.181,1685.383,9.798,40000.0,391920.0,0.0058135153849303,1,29.999624999999973,45.97636836445583,1004875.5555555556,577514.2749601826,72,-0.4393914899902746,-1.0613686659049535,0.3266040825510322
Q0245716,2025,4,67.383,52.381,15.002,40000.0,600080.0,0.2864015578167656,1,21.62518055555556,14.921138887475545,876090.704225352,593584.408110889,72,-0.443879023277164,-0.4649898151869747,0.6937283118381157
Q0245675,2025,4,255.759,244.432,11.327,40000.0,453080.0,0.0463400864043987,1,4.502444444444445,6.186569902144633,171208.25396825396,235012.7058921989,63,1.1031242939952488,1.1993893902955253,2.5157445338334727
Q0245847,2025,4,3688.187,3643.285,44.902,40000.0,1796080.0,0.0123245916803104,1,54.00253333333333,32.792040365511475,1376707.7333333334,738008.7368551424,75,-0.2775226314646977,0.5682483766435162,0.8314795108377632
14190822,2025,4,12705.0,11780.0,925.0,100.0,92500.0,0.0785229202037351,1,631.0,492.8029855923112,63100.0,49280.29855923111,24,0.5965872947109577,0.5965872947109578,1.4659270998415217
0,2025,4,27.1,2025.0,0.75,414.0,6.9,0.0003703703703703,0,124.9524761904762,473.5156850711432,42.16047619047619,114.3483941579356,35,-0.2622985470308453,-0.3083600469436865,0.0060022820104557
13193134,2025,5,61461.6,60303.4,1158.2,12000.0,13898400.0,0.0192062139116534,1,1150.2500000000002,210.83145770809924,13802040.000000006,2535279.5498053106,60,0.0377078453396967,0.0380076429865077,1.0069115409693543
13190208,2025,5,48701.4,47635.9,1065.5,9000.0,9589500.0,0.0223675841119827,1,940.471186440678,103.35158616277336,8464240.677966101,930164.2754649604,59,1.209742570979104,1.2097425709791063,1.1329427369619989
14192934,2025,5,42721.33,42240.1,481.230000000003,9000.0,4331070.00000003,0.0113927287103961,1,621.3745762711865,136.1921912582771,5592371.186440678,1225729.7213244932,59,-1.0290206433745606,-1.0290206433745588,0.7744603953509352
Q0259508,2025,5,1757.499,1678.113,79.386,120000.0,9526320.0,0.0473067069976813,1,70.05541935483872,10.102394029054672,8406650.322580647,1212287.2834865605,31,0.9236009423436023,0.9236009423436026,1.1331885631559897
Q0245881,2025,5,362.031,359.287,2.74400000000003,20000.0,54880.0000000006,0.0076373484150554,1,5.491263888888889,3.54975705176635,110582.81690140846,71206.78268622402,72,-0.7739301165756759,-0.7822684132053108,0.4997028107777307
Q0831929,2025,5,180.686,177.259,3.42700000000002,20000.0,68540.0000000004,0.0193332919626085,1,8.728961538461537,4.52112446615458,174579.23076923078,90422.48932309158,26,-1.172708598967432,-1.1727085989674328,0.3926011112432994
Q0245763,2025,5,343.3,340.772,2.52800000000002,40000.0,101120.000000001,0.0074184498726421,1,5.324028169014084,2.556519765908508,212961.12676056335,102260.7906363403,71,-1.0936853320281066,-1.093685332028105,0.4748284418765878
Q0245756,2025,5,318.892,317.775,1.11700000000002,40000.0,44680.0000000007,0.0035150656911337,1,4.927042253521127,4.819802463162096,197081.69014084508,192792.09852648395,71,-0.7904975945884466,-0.7904975945884467,0.2267080212680848
Q0245885,2025,5,714.011,714.011,0.0,40000.0,0.0,0.0,1,10.859778378378376,18.73837633034432,344557.15068493143,1059402.593219086,74,-0.5795474584845649,-0.3252372166071114,0.0
Q0245739,2025,5,2602.587,2557.34,45.2469999999998,10000.0,452469.999999998,0.0176929935010596,1,39.94781944444444,11.267900132210784,415160.42253521126,104383.1187971452,72,0.4702899824615014,0.357429227012205,1.1326525609971014
Q0245809,2025,5,1545.804,1516.526,29.278,20000.0,585560.0,0.019305966399521,1,23.615661971830985,5.396258698510247,487234.3661971831,137110.4789652949,71,1.0493081122541852,0.7171270536346451,1.2397704555105469
Q0245113,2025,5,1730.872,1730.872,0.0,40000.0,0.0,0.0,1,24.286676056338035,20.28085999217323,965589.014084507,813747.7718576561,71,-1.1975170710566871,-1.1865949714126056,0.0
Q0245930,2025,5,3778.786,3695.846,82.9400000000001,40000.0,3317600.0,0.0224414112492782,1,77.40174999999999,143.8936639763133,2267442.5,526540.6872759613,72,0.0384884910631768,1.994447011175814,1.0715519997932876
Q0245713,2025,5,2131.923,2068.107,63.8159999999998,40000.0,2552639.99999999,0.0308572041968814,1,32.79048611111111,15.874084052531863,1311619.4444444445,634963.3621012745,72,1.954475847942876,1.9544758479428728,1.946174258709012
20002075,2025,5,58.7,58.3,0.400000000000006,2000.0,800.000000000011,0.0068610634648371,1,1.057627118644068,1.1199143116590644,2162.71186440678,2283.818513313473,59,-0.5872119963087529,-0.5966813284255593,0.3782051282051338
20002088,2025,5,44390.6,43263.1,1127.5,2000.0,2255000.0,0.0260614703985613,1,896.7833898305083,233.7418281117024,1815122.711864407,472306.7131964677,59,0.9870574386850224,0.9313382085098908,1.2572712795372991
Q0469696,2025,5,6.246,6.019,0.227,30000.0,6810.00000000001,0.0377139059644459,1,0.1675434782608695,0.0684068568758487,5026.304347826088,2052.2057062754616,46,0.8691602633788282,0.869160263378832,1.3548721941092516
Q0469732,2025,5,461.049,461.049,0.0,40000.0,0.0,0.0,1,11.759176470588235,17.721981224124892,653498.6274509804,1177917.198062783,51,-0.6635362221567245,-0.5547916513365557,0.0
Q0603720,2025,5,61.8,59.2,2.59999999999999,1000.0,2599.99999999999,0.0439189189189187,1,2.603846153846154,0.3725380723961188,2603.846153846154,372.5380723961191,26,-0.0103241900121135,-0.0103241900121129,0.99852289512555
Q0245916,2025,5,2896.218,2860.466,35.752,120000.0,4290239.99999999,0.0124986628052911,1,44.12260294117647,12.08437567798017,5366090.149253732,1335301.248486868,68,-0.6926798011112114,-0.805698452295218,0.8102876443546176
Q0245899,2025,5,622.072,612.249,9.82299999999998,20000.0,196460.0,0.0160441258376901,1,9.431333333333336,3.55236493731814,190886.19718309864,68898.3537511435,72,0.1102551887482413,0.0808989259312868,1.0415282392026557
Q0603811,2025,5,1383.41,1342.956,40.4540000000002,20000.0,809080.000000004,0.0301231015759266,1,46.64197142857143,12.654643598964242,932839.4285714288,253092.87197928483,35,-0.4889882026450515,-0.4889882026450523,0.8673304056616126
Q0245949,2025,5,2423.333,2382.79,40.5430000000001,20000.0,810860.000000002,0.0170149278786632,1,37.31822222222222,12.470915139988511,764864.2253521127,242559.7629313648,72,0.2585838923269949,0.1896265649835103,1.0864129528618751
Q0245773,2025,5,1705.32,1695.181,10.1389999999999,40000.0,405559.999999996,0.0059810722276853,1,29.999624999999973,45.97636836445583,1004875.5555555556,577514.2749601826,72,-0.4319746362427845,-1.0377502020999914,0.3379708913028049
Q0245716,2025,5,67.784,67.383,0.40100000000001,40000.0,16040.0000000004,0.0059510559043083,1,21.62518055555556,14.921138887475545,876090.704225352,593584.408110889,72,-1.4224236310386889,-1.4489105382038328,0.0185431977767691
Q0245675,2025,5,255.758,255.758,0.0,40000.0,0.0,0.0,1,4.502444444444445,6.186569902144633,171208.25396825396,235012.7058921989,63,-0.7277771876276109,-0.7285063729566509,0.0
Q0245847,2025,5,3737.523,3688.187,49.3360000000002,40000.0,1973440.00000001,0.0133767620784955,1,54.00253333333333,32.792040365511475,1376707.7333333334,738008.7368551424,75,-0.1423068915907132,0.8085707348256017,0.9135867700033864
14190822,2025,5,13130.0,12705.0,425.0,100.0,42500.0,0.0334513970877607,1,631.0,492.8029855923112,63100.0,49280.29855923111,24,-0.4180169479947527,-0.4180169479947527,0.6735340729001584
0,2025,5,25.8,2025.0,0.4166666666666667,296.0,5.9,0.0002057613168724,0,124.9524761904762,473.5156850711432,42.16047619047619,114.3483941579356,35,-0.2630025011845145,-0.3171052506464934,0.0033346011169198
13193134,2025,6,62580.3,61461.6,1118.7,12000.0,13424400.0000001,0.0182016088094029,1,1150.2500000000002,210.83145770809924,13802040.000000006,2535279.5498053106,60,-0.1496456000588007,-0.1489539881426112,0.972571180178222
13190208,2025,6,49668.2,48701.4,966.799999999996,9000.0,8701199.99999996,0.019851585375369,1,940.471186440678,103.35158616277336,8464240.677966101,930164.2754649604,59,0.2547499708214572,0.2547499708214564,1.0279953431204654
14192934,2025,6,43248.2,42721.33,526.869999999995,9000.0,4741829.99999996,0.0123327152970189,1,621.3745762711865,136.1921912582771,5592371.186440678,1225729.7213244932,59,-0.6939059824066671,-0.6939059824066636,0.8479104554964173
Q0259508,2025,6,1829.292,1757.499,71.7929999999999,120000.0,8615159.99999999,0.0408495253766857,1,70.05541935483872,10.102394029054672,8406650.322580647,1212287.2834865605,31,0.171996918766371,0.1719969187663722,1.0248029440286432
Q0245881,2025,6,364.598,362.031,2.56700000000001,20000.0,51340.0000000001,0.0070905530189403,1,5.491263888888889,3.54975705176635,110582.81690140846,71206.78268622402,72,-0.8237926839060078,-0.8319827784168338,0.4674697941933038
Q0831929,2025,6,184.616,180.686,3.93000000000001,20000.0,78600.0000000001,0.0217504399898166,1,8.728961538461537,4.52112446615458,174579.23076923078,90422.48932309158,26,-1.0614530907934192,-1.0614530907934212,0.4502253770604498
Q0245763,2025,6,345.506,343.3,2.20599999999996,40000.0,88239.9999999984,0.0064258665889891,1,5.324028169014084,2.556519765908508,212961.12676056335,102260.7906363403,71,-1.219637810195484,-1.2196378101954843,0.4143479204033723
Q0245756,2025,6,319.844,318.892,0.951999999999998,40000.0,38079.9999999999,0.0029853367284221,1,4.927042253521127,4.819802463162096,197081.69014084508,192792.09852648395,71,-0.824731362727519,-0.8247313627275189,0.1932193699616941
Q0245885,2025,6,714.011,714.011,0.0,40000.0,0.0,0.0,1,10.859778378378376,18.73837633034432,344557.15068493143,1059402.593219086,74,-0.5795474584845649,-0.3252372166071114,0.0
Q0245739,2025,6,2650.781,2602.587,48.194,10000.0,481940.0,0.0185177287060912,1,39.94781944444444,11.267900132210784,415160.42253521126,104383.1187971452,72,0.7318293966754961,0.639754571757585,1.206423796598549
Q0245809,2025,6,1572.96,1545.804,27.1559999999999,20000.0,543119.999999999,0.0175675570770937,1,23.615661971830985,5.396258698510247,487234.3661971831,137110.4789652949,71,0.6560727025830508,0.4075956427587239,1.1499148333166298
Q0245113,2025,6,1730.872,1730.872,0.0,40000.0,0.0,0.0,1,24.286676056338035,20.28085999217323,965589.014084507,813747.7718576561,71,-1.1975170710566871,-1.1865949714126056,0.0
Q0245930,2025,6,3857.915,3778.786,79.1289999999999,40000.0,3165160.0,0.020940323161989,1,77.40174999999999,143.8936639763133,2267442.5,526540.6872759613,72,0.0120036557015063,1.7049347214634225,1.022315386926005
Q0245713,2025,6,2170.107,2131.923,38.1840000000002,40000.0,1527360.00000001,0.017910590579491,1,32.79048611111111,15.874084052531863,1311619.4444444445,634963.3621012745,72,0.3397685101729596,0.3397685101729631,1.1644841089154054
20002075,2025,6,59.3,58.7,0.599999999999994,2000.0,1199.99999999999,0.0102214650766608,1,1.057627118644068,1.1199143116590644,2162.71186440678,2283.818513313473,59,-0.4086269046478526,-0.4215360628678159,0.5673076923076865
20002088,2025,6,45664.3,44390.6,1273.7,2000.0,2547400.00000001,0.0286930115835334,1,896.7833898305083,233.7418281117024,1815122.711864407,472306.7131964677,59,1.6125338507636204,1.5504274397874034,1.4202983846977013
Q0469696,2025,6,6.457,6.246,0.210999999999999,30000.0,6329.99999999998,0.0337816202369514,1,0.1675434782608695,0.0684068568758487,5026.304347826088,2052.2057062754616,46,0.6352655818991727,0.6352655818991767,1.2593745945244526
Q0469732,2025,6,461.049,461.049,0.0,40000.0,0.0,0.0,1,11.759176470588235,17.721981224124892,653498.6274509804,1177917.198062783,51,-0.6635362221567245,-0.5547916513365557,0.0
Q0603720,2025,6,64.1,61.8,2.3,1000.0,2300.0,0.0372168284789644,1,2.603846153846154,0.3725380723961188,2603.846153846154,372.5380723961191,26,-0.8156110109548084,-0.8156110109548071,0.8833087149187592
Q0245916,2025,6,2935.406,2896.218,39.1880000000001,120000.0,4702560.00000001,0.0135307494118191,1,44.12260294117647,12.08437567798017,5366090.149253732,1335301.248486868,68,-0.408345707934922,-0.4969141982048006,0.8881615631844046
Q0245899,2025,6,633.135,622.072,11.063,20000.0,221260.0,0.0177841150220553,1,9.431333333333336,3.55236493731814,190886.19718309864,68898.3537511435,72,0.4593184246150379,0.4408494711877966,1.1730048773591573
Q0603811,2025,6,1422.007,1383.41,38.597,20000.0,771940.0,0.0278998995236408,1,46.64197142857143,12.654643598964242,932839.4285714288,253092.87197928483,35,-0.6357327541986164,-0.6357327541986171,0.8275164796391233
Q0245949,2025,6,2461.275,2423.333,37.942,20000.0,758840.0,0.0156569485085211,1,37.31822222222222,12.470915139988511,764864.2253521127,242559.7629313648,72,0.0500186049520626,-0.0248360456792551,1.0167150989686302
Q0245773,2025,6,1717.262,1705.32,11.942,40000.0,477680.0,0.0070027912649825,1,29.999624999999973,45.97636836445583,1004875.5555555556,577514.2749601826,72,-0.392758837689326,-0.9128701720696056,0.398071642562199
Q0245716,2025,6,67.785,67.784,0.0009999999999905,40000.0,39.9999999996226,1.475274401024578e-05,1,21.62518055555556,14.921138887475545,876090.704225352,593584.408110889,72,-1.4492312362098845,-1.4758654241162197,4.624238847030564e-05
Q0245675,2025,6,266.013,255.758,10.255,40000.0,410199.999999999,0.0400964974702648,1,4.502444444444445,6.186569902144633,171208.25396825396,235012.7058921989,63,0.9298457217078202,1.016931170272008,2.277651646019446
Q0245847,2025,6,3788.214,3737.523,50.6909999999998,40000.0,2027639.99999999,0.0135627259016198,1,54.00253333333333,32.792040365511475,1376707.7333333334,738008.7368551424,75,-0.1009858885394756,0.8820115998090449,0.9386781854678388
14190822,2025,6,13193.0,13130.0,63.0,100.0,6300.0,0.0047981721249047,1,631.0,492.8029855923112,63100.0,49280.29855923111,24,-1.152590419713687,-1.1525904197136871,0.0998415213946117
0,2025,6,24.3,17.0,0.7916666666666666,434.0,8.2,0.0465686274509803,0,124.9524761904762,473.5156850711432,42.16047619047619,114.3483941579356,35,-0.2622105527616367,-0.2969912821300375,0.0063357421221477
13193134,2025,7,63740.2,62580.3,1159.89999999999,12000.0,13918799.9999999,0.0185345867629268,1,1150.2500000000002,210.83145770809924,13802040.000000006,2535279.5498053106,60,0.0457711581795848,0.0460540929337989,1.0083894805476985
13190208,2025,7,50634.5,49668.2,966.300000000003,9000.0,8696700.00000003,0.0194551040706126,1,940.471186440678,103.35158616277336,8464240.677966101,930164.2754649604,59,0.2499121157042123,0.2499121157042173,1.027463694722086
14192934,2025,7,43831.0,43248.2,582.800000000003,9000.0,5245200.00000003,0.0134757053472746,1,621.3745762711865,136.1921912582771,5592371.186440678,1225729.7213244932,59,-0.2832363288584585,-0.2832363288584566,0.9379205752146056
Q0259508,2025,7,1901.095,1829.292,71.8030000000001,120000.0,8616360.00000001,0.0392517979633651,1,70.05541935483872,10.102394029054672,8406650.322580647,1212287.2834865605,31,0.1729867831461833,0.1729867831461811,1.0249456881602503
Q0245881,2025,7,368.626,364.598,4.02799999999996,20000.0,80559.9999999993,0.0110477841348552,1,5.491263888888889,3.54975705176635,110582.81690140846,71206.78268622402,72,-0.4122152213658714,-0.4216286113319581,0.733528761593534
Q0831929,2025,7,191.168,184.616,6.55199999999999,20000.0,131040.0,0.0354898817003942,1,8.728961538461537,4.52112446615458,174579.23076923078,90422.48932309158,26,-0.4815088712461726,-0.4815088712461711,0.7506047507633729
Q0245763,2025,7,349.832,345.506,4.32600000000002,40000.0,173040.000000001,0.0125207666437052,1,5.324028169014084,2.556519765908508,212961.12676056335,102260.7906363403,71,-0.3903854694662982,-0.3903854694662967,0.8125426580530506
Q0245756,2025,7,321.336,319.844,1.49200000000002,40000.0,59680.0000000007,0.0046647740773627,1,4.927042253521127,4.819802463162096,197081.69014084508,192792.09852648395,71,-0.7126935760905647,-0.7126935760905649,0.3028185924189623
Q0245885,2025,7,714.011,714.011,0.0,40000.0,0.0,0.0,1,10.859778378378376,18.73837633034432,344557.15068493143,1059402.593219086,74,-0.5795474584845649,-0.3252372166071114,0.0
Q0245739,2025,7,2694.91,2650.781,44.1289999999999,10000.0,441289.999999999,0.0166475465155363,1,39.94781944444444,11.267900132210784,415160.42253521126,104383.1187971452,72,0.3710700757457903,0.2503237857413241,1.1046660522076863
Q0245809,2025,7,1601.945,1572.96,28.9849999999999,20000.0,579699.999999998,0.0184270420099684,1,23.615661971830985,5.396258698510247,487234.3661971831,137110.4789652949,71,0.9950112342929808,0.6743877966192476,1.2273634351039373
Q0245113,2025,7,1730.872,1730.872,0.0,40000.0,0.0,0.0,1,24.286676056338035,20.28085999217323,965589.014084507,813747.7718576561,71,-1.1975170710566871,-1.1865949714126056,0.0
Q0245930,2025,7,3934.325,3857.915,76.4099999999999,40000.0,3056399.99999999,0.0198060351251906,1,77.40174999999999,143.8936639763133,2267442.5,526540.6872759613,72,-0.0068922423169608,1.4983789839330983,0.9871869822064734
Q0245713,2025,7,2202.948,2170.107,32.8409999999999,40000.0,1313640.0,0.0151333551755742,1,32.79048611111111,15.874084052531863,1311619.4444444445,634963.3621012745,72,0.0031821608554943,0.0031821608555006,1.0015405044230703
20002075,2025,7,60.1,59.3,0.800000000000004,2000.0,1600.00000000001,0.0134907251264756,1,1.057627118644068,1.1199143116590644,2162.71186440678,2283.818513313473,59,-0.2300418129869327,-0.2463907973100545,0.75641025641026
20002088,2025,7,47047.9,45664.3,1383.6,2000.0,2767200.0,0.0302993804788423,1,896.7833898305083,233.7418281117024,1815122.711864407,472306.7131964677,59,2.082710715930774,2.015802997361913,1.542847487687634
Q0469696,2025,7,6.676,6.457,0.219,30000.0,6570.00000000001,0.0339166795725569,1,0.1675434782608695,0.0684068568758487,5026.304347826088,2052.2057062754616,46,0.7522129226390077,0.7522129226390116,1.307123394316855
Q0469732,2025,7,461.049,461.049,0.0,40000.0,0.0,0.0,1,11.759176470588235,17.721981224124892,653498.6274509804,1177917.198062783,51,-0.6635362221567245,-0.5547916513365557,0.0
Q0603720,2025,7,66.4,64.1,2.30000000000001,1000.0,2300.00000000001,0.0358814352574104,1,2.603846153846154,0.3725380723961188,2603.846153846154,372.5380723961191,26,-0.815611010954781,-0.8156110109547804,0.8833087149187631
Q0245916,2025,7,2978.753,2935.406,43.3470000000002,120000.0,5201640.00000003,0.0147669521694784,1,44.12260294117647,12.08437567798017,5366090.149253732,1335301.248486868,68,-0.0641822930571043,-0.1231558417548495,0.9824216413022984
Q0245899,2025,7,642.902,633.135,9.76700000000005,20000.0,195340.000000001,0.0154264098494002,1,9.431333333333336,3.55236493731814,190886.19718309864,68898.3537511435,72,0.094491042612341,0.0646430948552007,1.0355905845762403
Q0603811,2025,7,1460.647,1422.007,38.6399999999999,20000.0,772799.999999997,0.02717286201826,1,46.64197142857143,12.654643598964242,932839.4285714288,253092.87197928483,35,-0.6323347920463344,-0.632334792046339,0.8284383960736752
Q0245949,2025,7,2504.087,2461.275,42.8119999999999,20000.0,856239.999999998,0.0173942367268996,1,37.31822222222222,12.470915139988511,764864.2253521127,242559.7629313648,72,0.4405272360615823,0.3767144787065991,1.147214348664933
Q0245773,2025,7,1730.222,1717.262,12.96,40000.0,518400.000000001,0.0075468973284216,1,29.999624999999973,45.97636836445583,1004875.5555555556,577514.2749601826,72,-0.3706170279680734,-0.8423610924406936,0.4320054000675012
Q0245716,2025,7,72.539,67.785,4.754,40000.0,190160.0,0.0701335103636497,1,21.62518055555556,14.921138887475545,876090.704225352,593584.408110889,72,-1.1306898677631658,-1.155573992262296,0.2198363147899214
Q0245675,2025,7,277.686,266.013,11.673,40000.0,466920.0,0.0438813140711168,1,4.502444444444445,6.186569902144633,171208.25396825396,235012.7058921989,63,1.1590518928865272,1.2582798232508756,2.5925916785943435
Q0245847,2025,7,3841.677,3788.214,53.4630000000002,40000.0,2138520.00000001,0.0141129830574514,1,54.00253333333333,32.792040365511475,1376707.7333333334,738008.7368551424,75,-0.0164531797143241,1.0322537235981344,0.9900091106837
14190822,2025,7,13208.0,13193.0,15.0,100.0,1500.0,0.0011369665731827,1,631.0,492.8029855923112,63100.0,49280.29855923111,24,-1.2499924270134353,-1.2499924270134355,0.0237717908082408
0,2025,7,25.3,2025.0,0.2916666666666667,598.0,10.0,0.0001440329218106,0,124.9524761904762,473.5156850711432,42.16047619047619,114.3483941579356,35,-0.2632664839921404,-0.2812499154649852,0.0023342207818439
13193134,2025,8,64765.1,63740.2,1024.9,12000.0,12298800.0,0.0160793345486835,1,1150.2500000000002,210.83145770809924,13802040.000000006,2535279.5498053106,60,-0.5945507438152325,-0.5929286970012607,0.8910236905020646
13190208,2025,8,51647.2,50634.5,1012.7,9000.0,9114299.99999997,0.0200001974938036,1,940.471186440678,103.35158616277336,8464240.677966101,930164.2754649604,59,0.6988650705908401,0.6988650705908099,1.076800666092366
14192934,2025,8,44187.1,43831.0,356.099999999999,9000.0,3204899.99999999,0.00812438684949,1,621.3745762711865,136.1921912582771,5592371.186440678,1225729.7213244932,59,-1.9477957863833504,-1.947795786383352,0.5730842773402854
Q0259508,2025,8,1976.3,1901.095,75.2049999999999,120000.0,9024599.99999999,0.0395587805974977,1,70.05541935483872,10.102394029054672,8406650.322580647,1212287.2834865605,31,0.5097386451519205,0.5097386451519226,1.07350724173212
Q0245881,2025,8,372.324,368.626,3.69800000000004,20000.0,73960.0000000007,0.0100318479976996,1,5.491263888888889,3.54975705176635,110582.81690140846,71206.78268622402,72,-0.505179329947813,-0.514316410878833,0.6734333069446239
Q0831929,2025,8,195.956,191.168,4.78799999999998,20000.0,95759.9999999997,0.0250460328088381,1,8.728961538461537,4.52112446615458,174579.23076923078,90422.48932309158,26,-0.8716772935502751,-0.8716772935502748,0.5485188563270788
Q0245763,2025,8,353.095,349.832,3.26300000000003,40000.0,130520.000000001,0.0093273342633036,1,5.324028169014084,2.556519765908508,212961.12676056335,102260.7906363403,71,-0.8061851101243601,-0.8061851101243623,0.6128818061089035
Q0245756,2025,8,336.534,321.336,15.198,40000.0,607919.999999999,0.0472962879976099,1,4.927042253521127,4.819802463162096,197081.69014084508,192792.09852648395,71,2.130991430661346,2.130991430661339,3.0846092276027672
Q0245885,2025,8,714.011,714.011,0.0,40000.0,0.0,0.0,1,10.859778378378376,18.73837633034432,344557.15068493143,1059402.593219086,74,-0.5795474584845649,-0.3252372166071114,0.0
Q0245739,2025,8,2752.021,2694.91,57.1110000000003,10000.0,571110.000000003,0.0211921733935457,1,39.94781944444444,11.267900132210784,415160.42253521126,104383.1187971452,72,1.5231924630297915,1.494011476777765,1.429639985216834
Q0245809,2025,8,1643.055,1601.945,41.1100000000001,20000.0,822200.000000003,0.025662553957845,1,23.615661971830985,5.396258698510247,487234.3661971831,137110.4789652949,71,3.241938351287495,2.4430345246449447,1.740793887083773
Q0245113,2025,8,1730.872,1730.872,0.0,40000.0,0.0,0.0,1,24.286676056338035,20.28085999217323,965589.014084507,813747.7718576561,71,-1.1975170710566871,-1.1865949714126056,0.0
Q0245930,2025,8,4005.772,3934.325,71.4470000000001,40000.0,2857880.0,0.0181599130727634,1,77.40174999999999,143.8936639763133,2267442.5,526540.6872759613,72,-0.0413829896011273,1.1213520897209417,0.923066984919593
Q0245713,2025,8,2232.253,2202.948,29.3050000000003,40000.0,1172200.00000001,0.0133026290225644,1,32.79048611111111,15.874084052531863,1311619.4444444445,634963.3621012745,72,-0.2195708489117444,-0.2195708489117476,0.8937043476787695
20002075,2025,8,61.3,60.1,1.2,2000.0,2399.99999999999,0.0199667221297836,1,1.057627118644068,1.1199143116590644,2162.71186440678,2283.818513313473,59,0.1271283703348855,0.1038997338054419,1.1346153846153844
20002088,2025,8,48277.2,47047.9,1229.3,2000.0,2458599.99999999,0.0261286901221946,1,896.7833898305083,233.7418281117024,1815122.711864407,472306.7131964677,59,1.4225806859463168,1.3624140207126654,1.370788101051177
Q0469696,2025,8,6.912,6.676,0.236,30000.0,7079.99999999999,0.0353505092869982,1,0.1675434782608695,0.0684068568758487,5026.304347826088,2052.2057062754616,46,1.0007260217111258,1.00072602171112,1.4085895938756976
Q0469732,2025,8,461.049,461.049,0.0,40000.0,0.0,0.0,1,11.759176470588235,17.721981224124892,653498.6274509804,1177917.198062783,51,-0.6635362221567245,-0.5547916513365557,0.0
Q0603720,2025,8,68.4,66.4,2.0,1000.0,2000.0,0.0301204819277108,1,2.603846153846154,0.3725380723961188,2603.846153846154,372.5380723961191,26,-1.6208978318975296,-1.6208978318975282,0.7680945347119645
Q0245916,2025,8,3000.337,2978.753,21.5839999999998,120000.0,2590079.99999998,0.0072459851488189,1,44.12260294117647,12.08437567798017,5366090.149253732,1335301.248486868,68,-1.8651028023107483,-2.078939229929921,0.4891823818457682
Q0469732,2025,8,3.404,0.949,2.455,120000.0,294600.0,2.5869336143308748,0,11.759176470588235,17.721981224124892,653498.6274509804,1177917.198062783,51,-0.5250076925892733,-0.3046891819231686,0.2087731233679829
Q0245899,2025,8,651.181,642.902,8.279,20000.0,165580.0,0.0128775458779098,1,9.431333333333336,3.55236493731814,190886.19718309864,68898.3537511435,72,-0.324384840427822,-0.3672975594526254,0.8778186187884356
Q0603811,2025,8,1481.045,1460.647,20.3980000000001,20000.0,407960.000000003,0.0139650442577844,1,46.64197142857143,12.654643598964242,932839.4285714288,253092.87197928483,35,-2.073860968373645,-2.073860968373641,0.4373314286519397
Q0245949,2025,8,2528.407,2504.087,24.3200000000002,20000.0,486400.000000003,0.0097121226219377,1,37.31822222222222,12.470915139988511,764864.2253521127,242559.7629313648,72,-1.042282950073381,-1.148023159269431,0.651692351666156
Q0245773,2025,8,1734.608,1730.222,4.38599999999997,40000.0,175439.999999999,0.0025349348233925,1,29.999624999999973,45.97636836445583,1004875.5555555556,577514.2749601826,72,-0.5571041365633786,-1.4362165430676892,0.1462018275228431
Q0245716,2025,8,77.755,72.539,5.21599999999999,40000.0,208640.0,0.0719061470381448,1,21.62518055555556,14.921138887475545,876090.704225352,593584.408110889,72,-1.099727083790437,-1.1244410990334903,0.2412002982634052
Q0245675,2025,8,283.653,277.686,5.96700000000004,40000.0,238680.000000002,0.0214882997342323,1,4.502444444444445,6.186569902144633,171208.25396825396,235012.7058921989,63,0.2367314325581114,0.2870982901779683,1.325280094763347
Q0245847,2025,8,3874.762,3841.677,33.085,40000.0,1323400.0,0.0086121243404898,1,54.00253333333333,32.792040365511475,1376707.7333333334,738008.7368551424,75,-0.6378844713588797,-0.0722318458728446,0.6126564432779698
14190822,2025,8,13341.0,13208.0,133.0,100.0,13300.0,0.0100696547546941,1,631.0,492.8029855923112,63100.0,49280.29855923111,24,-1.0105458257348876,-1.0105458257348878,0.2107765451664025
0,2025,8,24.8,2025.0,0.3333333333333333,288.0,5.8,0.0001646090534979,0,124.9524761904762,473.5156850711432,42.16047619047619,114.3483941579356,35,-0.2631784897229318,-0.3179797710167741,0.0026676808935359
13193134,2025,9,65784.7,64765.1,1019.6,12000.0,12235200.0,0.0157430467952647,1,1150.2500000000002,210.83145770809924,13802040.000000006,2535279.5498053106,60,-0.6196893073750313,-0.6180146880135275,0.8864159965224949
13190208,2025,9,52632.1,51647.2,984.900000000001,9000.0,8864100.00000001,0.0190697656407317,1,940.471186440678,103.35158616277336,8464240.677966101,930164.2754649604,59,0.4298803260682404,0.429880326068243,1.047241015142068
14192934,2025,9,44564.0,44187.1,376.900000000001,9000.0,3392100.00000001,0.0085296387407184,1,621.3745762711865,136.1921912582771,5592371.186440678,1225729.7213244932,59,-1.7950704369500885,-1.7950704369500887,0.6065584502374467
Q0259508,2025,9,2049.05,1976.3,72.7500000000002,120000.0,8730000.00000003,0.0368112128725396,1,70.05541935483872,10.102394029054672,8406650.322580647,1212287.2834865605,31,0.2667269399126401,0.2667269399126447,1.038463557423204
Q0245881,2025,9,375.819,372.324,3.495,20000.0,69900.0000000001,0.009386985528733,1,5.491263888888889,3.54975705176635,110582.81690140846,71206.78268622402,72,-0.5623663421967294,-0.5713334512061733,0.6364654969636114
Q0831929,2025,9,200.544,195.956,4.58800000000002,20000.0,91760.0000000005,0.0234134193390353,1,8.728961538461537,4.52112446615458,174579.23076923078,90422.48932309158,26,-0.9159140761244272,-0.915914076124427,0.5256066233977984
Q0245763,2025,9,357.437,353.095,4.34199999999998,40000.0,173679.999999999,0.0122969739022075,1,5.324028169014084,2.556519765908508,212961.12676056335,102260.7906363403,71,-0.3841269612343956,-0.3841269612343979,0.8155479013560595
Q0245756,2025,9,343.519,336.534,6.98500000000001,40000.0,279400.000000001,0.020755703732758,1,4.927042253521127,4.819802463162096,197081.69014084508,192792.09852648395,71,0.4269796868664058,0.4269796868664086,1.4176862386370153
Q0245885,2025,9,714.011,714.011,0.0,40000.0,0.0,0.0,1,10.859778378378376,18.73837633034432,344557.15068493143,1059402.593219086,74,-0.5795474584845649,-0.3252372166071114,0.0
Q0245739,2025,9,2798.395,2752.021,46.3739999999998,10000.0,463739.999999998,0.0168508888558625,1,39.94781944444444,11.267900132210784,415160.42253521126,104383.1187971452,72,0.570308618301051,0.465396876665419,1.1608643636855391
Q0245809,2025,9,1662.807,1643.055,19.752,20000.0,395039.999999999,0.0120215087139505,1,23.615661971830985,5.396258698510247,487234.3661971831,137110.4789652949,71,-0.7159890190026716,-0.6724093365651513,0.8363940855674677
Q0245113,2025,9,1730.872,1730.872,0.0,40000.0,0.0,0.0,1,24.286676056338035,20.28085999217323,965589.014084507,813747.7718576561,71,-1.1975170710566871,-1.1865949714126056,0.0
Q0245930,2025,9,4078.235,4005.772,72.4630000000002,40000.0,2898520.00000001,0.0180896466398986,1,77.40174999999999,143.8936639763133,2267442.5,526540.6872759613,72,-0.0343222200583673,1.198535108967297,0.9361933031229942
Q0245713,2025,9,2263.647,2232.253,31.3939999999998,40000.0,1255759.99999999,0.0140638180349627,1,32.79048611111111,15.874084052531863,1311619.4444444445,634963.3621012745,72,-0.0879727048496113,-0.0879727048496144,0.9574118509137288
20002075,2025,9,62.1,61.3,0.800000000000004,2000.0,1600.00000000001,0.0130505709624796,1,1.057627118644068,1.1199143116590644,2162.71186440678,2283.818513313473,59,-0.2300418129869327,-0.2463907973100545,0.75641025641026
20002088,2025,9,49565.5,48277.2,1288.3,2000.0,2576600.00000001,0.0266854747168435,1,896.7833898305083,233.7418281117024,1815122.711864407,472306.7131964677,59,1.6749959274828234,1.6122516721858395,1.436578793284171
Q0469696,2025,9,7.192,6.912,0.28,30000.0,8400.00000000001,0.0405092592592592,1,0.1675434782608695,0.0684068568758487,5026.304347826088,2052.2057062754616,46,1.6439363957801385,1.6439363957801412,1.6712079927338788
Q0469732,2025,9,461.049,461.049,0.0,40000.0,0.0,0.0,1,11.759176470588235,17.721981224124892,653498.6274509804,1177917.198062783,51,-0.6635362221567245,-0.5547916513365557,0.0
Q0603720,2025,9,70.4,68.4,2.0,1000.0,2000.0,0.0292397660818713,1,2.603846153846154,0.3725380723961188,2603.846153846154,372.5380723961191,26,-1.6208978318975296,-1.6208978318975282,0.7680945347119645
Q0469732,2025,9,31.423,3.404,28.019,120000.0,3362280.0,8.231198589894241,1,11.759176470588235,17.721981224124892,653498.6274509804,1177917.198062783,51,0.9174946821000636,2.299636491430734,2.382734885396136
Q0245899,2025,9,651.056,651.056,0.0,20000.0,0.0,0.0,1,9.431333333333336,3.55236493731814,190886.19718309864,68898.3537511435,72,-2.6549449450577915,-2.7705480144354038,0.0
Q0603811,2025,9,1514.256,1481.045,33.211,20000.0,664220.0,0.0224240316803338,1,46.64197142857143,12.654643598964242,932839.4285714288,253092.87197928483,35,-1.0613472693668538,-1.0613472693668542,0.712041086231959
Q0245949,2025,9,2570.102,2528.407,41.6949999999997,20000.0,833899.999999994,0.0164906203787601,1,37.31822222222222,12.470915139988511,764864.2253521127,242559.7629313648,72,0.3509588292957877,0.2846134652078126,1.117282590572367
Q0245773,2025,9,1739.555,1734.49,5.06500000000005,40000.0,202600.000000002,0.0029201667348904,1,29.999624999999973,45.97636836445583,1004875.5555555556,577514.2749601826,72,-0.5423356799811269,-1.389187402529344,0.1688354437763823
Q0245716,2025,9,77.482,77.482,0.0,40000.0,0.0,0.0,1,21.62518055555556,14.921138887475545,876090.704225352,593584.408110889,72,-1.449298255222812,-1.475932811331,0.0
Q0245675,2025,9,283.653,283.653,0.0,40000.0,0.0,0.0,1,4.502444444444445,6.186569902144633,171208.25396825396,235012.7058921989,63,-0.7277771876276109,-0.7285063729566509,0.0
Q0245847,2025,9,3915.134,3874.762,40.3719999999998,40000.0,1614879.99999999,0.0104192205869676,1,54.00253333333333,32.792040365511475,1376707.7333333334,738008.7368551424,75,-0.4156659110382541,0.3227228280271774,0.7475945572923702
14190822,2025,9,13340.0,13340.0,0.0,100.0,0.0,0.0,1,631.0,492.8029855923112,63100.0,49280.29855923111,24,-1.2804305542946066,-1.2804305542946068,0.0
0,2025,9,24.1,17.0,0.375,240.0,4.0,0.0220588235294117,0,124.9524761904762,473.5156850711432,42.16047619047619,114.3483941579356,35,-0.2630904954537231,-0.3337211376818265,0.0030011410052278
13193134,2025,10,66824.1,65784.7,1039.40000000001,12000.0,12472800.0000001,0.0158000264499193,1,1150.2500000000002,210.83145770809924,13802040.000000006,2535279.5498053106,60,-0.5257754284157367,-0.52429721215634,0.903629645729198
13190208,2025,10,53567.7,52632.1,935.599999999999,9000.0,8420399.99999999,0.0177762240153822,1,940.471186440678,103.35158616277336,8464240.677966101,930164.2754649604,59,-0.0471321884988516,-0.0471321884988496,0.99482048306114
14192934,2025,10,45016.3,44564.0,452.300000000003,9000.0,4070700.00000003,0.0101494479849206,1,621.3745762711865,136.1921912582771,5592371.186440678,1225729.7213244932,59,-1.2414410452545526,-1.2414410452545512,0.7279023269896479
Q0259508,2025,10,2118.534,2049.05,69.4839999999999,120000.0,8338079.99999999,0.0339103486981771,1,70.05541935483872,10.102394029054672,8406650.322580647,1212287.2834865605,31,-0.0565627665279547,-0.0565627665279532,0.9918433240411492
Q0245881,2025,10,379.583,375.819,3.76400000000001,20000.0,75280.0000000002,0.0100154595696332,1,5.491263888888889,3.54975705176635,110582.81690140846,71206.78268622402,72,-0.4865865082314285,-0.495778850969461,0.6854523978744034
Q0831929,2025,10,204.073,200.544,3.529,20000.0,70579.9999999999,0.0175971357906494,1,8.728961538461537,4.52112446615458,174579.23076923078,90422.48932309158,26,-1.1501478398546143,-1.1501478398546163,0.4042863500372324
Q0245763,2025,10,362.039,357.437,4.60199999999998,40000.0,184079.999999999,0.0128749961531681,1,5.324028169014084,2.556519765908508,212961.12676056335,102260.7906363403,71,-0.2824262024657249,-0.282426202465727,0.8643831050300752
Q0245756,2025,10,344.75,343.519,1.23099999999999,40000.0,49239.9999999998,0.0035834990204326,1,4.927042253521127,4.819802463162096,197081.69014084508,192792.09852648395,71,-0.7668451729650967,-0.7668451729650954,0.2498456348979455
Q0245885,2025,10,714.011,714.011,0.0,40000.0,0.0,0.0,1,10.859778378378376,18.73837633034432,344557.15068493143,1059402.593219086,74,-0.5795474584845649,-0.3252372166071114,0.0
Q0245739,2025,10,2828.005,2798.395,29.6100000000001,20000.0,592200.000000003,0.0105810652177409,1,39.94781944444444,11.267900132210784,415160.42253521126,104383.1187971452,72,-0.9174574963521656,1.696055641035643,0.7412169277769671
Q0245809,2025,10,1669.272,1662.807,6.46499999999992,20000.0,129299.999999998,0.0038880038392909,1,23.615661971830985,5.396258698510247,487234.3661971831,137110.4789652949,71,-3.1782505120753144,-2.610554414938516,0.2737589997566632
Q0245113,2025,10,1730.872,1730.872,0.0,40000.0,0.0,0.0,1,24.286676056338035,20.28085999217323,965589.014084507,813747.7718576561,71,-1.1975170710566871,-1.1865949714126056,0.0
Q0245930,2025,10,4157.164,4078.235,78.9289999999996,40000.0,3157159.99999999,0.0193537155166388,1,77.40174999999999,143.8936639763133,2267442.5,526540.6872759613,72,0.0106137404371815,1.689741213737747,1.01973146601982
Q0245713,2025,10,2299.495,2263.647,35.848,40000.0,1433920.0,0.0158363914514939,1,32.79048611111111,15.874084052531863,1311619.4444444445,634963.3621012745,72,0.192610413222628,0.1926104132226281,1.0932439329666677
20002075,2025,10,63.7,62.1,1.6,2000.0,3200.0,0.0257648953301127,1,1.057627118644068,1.1199143116590644,2162.71186440678,2283.818513313473,59,0.4842985536567075,0.4541902649209515,1.5128205128205126
20002088,2025,10,50651.1,49565.5,1085.6,2000.0,2171200.0,0.0219023312586375,1,896.7833898305083,233.7418281117024,1815122.711864407,472306.7131964677,59,0.8077998349497738,0.75391113059931,1.2105487370870884
Q0469696,2025,10,7.387,7.192,0.194999999999999,30000.0,5849.99999999998,0.0271134593993324,1,0.1675434782608695,0.0684068568758487,5026.304347826088,2052.2057062754616,46,0.4013709004195322,0.4013709004195361,1.1638769949396597
Q0469732,2025,10,461.049,461.049,0.0,40000.0,0.0,0.0,1,11.759176470588235,17.721981224124892,653498.6274509804,1177917.198062783,51,-0.6635362221567245,-0.5547916513365557,0.0
Q0603720,2025,10,72.5,70.4,2.09999999999999,1000.0,2099.99999999999,0.0298295454545453,1,2.603846153846154,0.3725380723961188,2603.846153846154,372.5380723961191,26,-1.352468891583316,-1.3524688915833147,0.8064992614475589
Q0469732,2025,10,65.037,31.423,33.614,120000.0,4033680.0,1.0697259968812654,0,11.759176470588235,17.721981224124892,653498.6274509804,1177917.198062783,51,1.2332043044747638,2.869625622334156,2.8585335107500525
Q0245899,2025,10,657.227,651.056,6.17099999999994,20000.0,123419.999999999,0.0094784473225036,1,9.431333333333336,3.55236493731814,190886.19718309864,68898.3537511435,72,-0.9177923414013835,-0.9792134863887066,0.6543083339223799
Q0603811,2025,10,1554.134,1514.256,39.8779999999999,20000.0,797559.999999999,0.0263350450650351,1,46.64197142857143,12.654643598964242,932839.4285714288,253092.87197928483,35,-0.5345050910106348,-0.5345050910106317,0.8549810134219985
Q0245949,2025,10,2612.428,2570.102,42.326,20000.0,846520.0,0.0164686070825204,1,37.31822222222222,12.470915139988511,764864.2253521127,242559.7629313648,72,0.4015565595278676,0.3366418801744658,1.134191220255818
Q0245773,2025,10,1748.336,1739.555,8.78099999999995,40000.0,351239.999999998,0.0050478426954019,1,29.999624999999973,45.97636836445583,1004875.5555555556,577514.2749601826,72,-0.4615115494072835,-1.1318084831766682,0.2927036587957335
Q0245716,2025,10,78.219,77.482,0.736999999999995,40000.0,29479.9999999998,0.0095118866317337,1,21.62518055555556,14.921138887475545,876090.704225352,593584.408110889,72,-1.3999052426948866,-1.4262684340374296,0.0340806403029387
Q0245675,2025,10,283.653,283.653,0.0,40000.0,0.0,0.0,1,4.502444444444445,6.186569902144633,171208.25396825396,235012.7058921989,63,-0.7277771876276109,-0.7285063729566509,0.0
Q0245847,2025,10,3960.253,3915.134,45.1190000000001,40000.0,1804760.00000001,0.0115242543422524,1,54.00253333333333,32.792040365511475,1376707.7333333334,738008.7368551424,75,-0.270905171935454,0.5800097550209564,0.8354978408420364
14190822,2025,10,13742.0,13340.0,402.0,100.0,40200.0,0.0301349325337331,1,631.0,492.8029855923112,63100.0,49280.29855923111,24,-0.4646887431592154,-0.4646887431592154,0.6370839936608558
0,2025,10,23.3,28.0,0.375,384.0,6.4,0.0133928571428571,0,124.9524761904762,473.5156850711432,42.16047619047619,114.3483941579356,35,-0.2630904954537231,-0.31273264879509,0.0030011410052278
13193134,2025,11,67923.8,66824.1,1099.7,12000.0,13196400.0,0.016456637650189,1,1150.2500000000002,210.83145770809924,13802040.000000006,2535279.5498053106,60,-0.239764978858078,-0.2388848993187019,0.956053031949576
13190208,2025,11,54534.8,53567.7,967.100000000006,9000.0,8703900.00000005,0.0180537898771088,1,940.471186440678,103.35158616277336,8464240.677966101,930164.2754649604,59,0.2576526838919425,0.2576526838919404,1.028314332159508
14192934,2025,11,45518.0,45016.3,501.699999999997,9000.0,4515299.99999997,0.0111448519758397,1,621.3745762711865,136.1921912582771,5592371.186440678,1225729.7213244932,59,-0.8787183403506349,-0.8787183403506376,0.8074034876203884
Q0259508,2025,11,2172.074,2118.89,53.1840000000002,120000.0,6382080.00000002,0.0250999343996149,1,70.05541935483872,10.102394029054672,8406650.322580647,1212287.2834865605,31,-1.6700417055913686,-1.6700417055913723,0.7591703895257146
Q0245885,2025,11,18.445,0.0114,18.4336,120000.0,2212032.0,1616.982456140351,1,10.859778378378376,18.73837633034432,344557.15068493143,1059402.593219086,74,0.4041877208622831,1.7627622032154795,1.6974195382017156
Q0245881,2025,11,387.721,379.583,8.13799999999998,20000.0,162760.0,0.0214393163023633,1,5.491263888888889,3.54975705176635,110582.81690140846,71206.78268622402,72,0.7456104946095065,0.7327558012066451,1.4819903331301452
Q0831929,2025,11,214.808,204.073,10.735,20000.0,214700.0,0.0526037251375733,1,8.728961538461537,4.52112446615458,174579.23076923078,90422.48932309158,26,0.4437034362924073,0.443703436292407,1.229814102479368
Q0245763,2025,11,370.478,362.039,8.43900000000002,40000.0,337560.000000001,0.0233096434362044,1,5.324028169014084,2.556519765908508,212961.12676056335,102260.7906363403,71,1.2184423029011753,1.2184423029011773,1.5850780146346923
Q0245756,2025,11,347.752,344.75,3.00200000000001,40000.0,120080.0,0.0087077592458303,1,4.927042253521127,4.819802463162096,197081.69014084508,192792.09852648395,71,-0.3994027282724294,-0.3994027282724313,0.6092904922531608
Q0245885,2025,11,714.011,714.011,0.0,40000.0,0.0,0.0,1,10.859778378378376,18.73837633034432,344557.15068493143,1059402.593219086,74,-0.5795474584845649,-0.3252372166071114,0.0
Q0245739,2025,11,2853.294,2828.005,25.2889999999998,20000.0,505779.999999995,0.0089423462829803,1,39.94781944444444,11.267900132210784,415160.42253521126,104383.1187971452,72,-1.300936223470819,0.8681439921419758,0.633050823591743
Q0245809,2025,11,1669.749,1669.272,0.477000000000089,20000.0,9540.00000000178,0.0002857533104251,1,23.615661971830985,5.396258698510247,487234.3661971831,137110.4789652949,71,-4.287908209111401,-3.484010629983243,0.020198459842839
Q0245921,2025,11,724.665,699.315,25.3499999999999,20000.0,506999.999999998,0.0362497586924345,1,26.724,1.9431294347007757,534479.9999999995,38862.58869401479,2,-0.7071067811865461,-0.7071067811865476,0.94858554108666
Q0245113,2025,11,1730.872,1730.872,0.0,40000.0,0.0,0.0,1,24.286676056338035,20.28085999217323,965589.014084507,813747.7718576561,71,-1.1975170710566871,-1.1865949714126056,0.0
Q0245930,2025,11,4232.81,4157.164,75.6460000000006,40000.0,3025840.00000003,0.0181965397564302,1,77.40174999999999,143.8936639763133,2267442.5,526540.6872759613,72,-0.0122017186266687,1.4403397844211645,0.9773164043448708
Q0245713,2025,11,2332.656,2299.495,33.1610000000001,40000.0,1326440.0,0.0144209924352956,1,32.79048611111111,15.874084052531863,1311619.4444444445,634963.3621012745,72,0.0233408042733588,0.0233408042733525,1.0112994326352316
20002075,2025,11,65.2,63.7,1.5,2000.0,3000.0,0.0235478806907378,1,1.057627118644068,1.1199143116590644,2162.71186440678,2283.818513313473,59,0.395006007826252,0.3666176321420752,1.4182692307692304
20002088,2025,11,51771.8,50651.1,1120.7,2000.0,2241400.00000001,0.022125876831895,1,896.7833898305083,233.7418281117024,1815122.711864407,472306.7131964677,59,0.9579655125418318,0.9025433605435166,1.249688623483327
Q0469696,2025,11,7.552,7.387,0.165,30000.0,4950.0,0.0223365371598754,1,0.1675434782608695,0.0684068568758487,5026.304347826088,2052.2057062754616,46,-0.0371816273547794,-0.0371816273547802,0.9848189957181784
Q0469732,2025,11,461.049,461.049,0.0,40000.0,0.0,0.0,1,11.759176470588235,17.721981224124892,653498.6274509804,1177917.198062783,51,-0.6635362221567245,-0.5547916513365557,0.0
Q0603720,2025,11,74.5,72.5,2.0,1000.0,2000.0,0.0275862068965517,1,2.603846153846154,0.3725380723961188,2603.846153846154,372.5380723961191,26,-1.6208978318975296,-1.6208978318975282,0.7680945347119645
Q0469732,2025,11,102.346,65.037,37.309,120000.0,4477080.0,0.5736580715592662,0,11.759176470588235,17.721981224124892,653498.6274509804,1177917.198062783,51,1.4417024375711924,3.246052760616219,3.1727561954118437
Q0245899,2025,11,668.31,657.227,11.083,20000.0,221659.999999999,0.0168632755501523,1,9.431333333333336,3.55236493731814,190886.19718309864,68898.3537511435,72,0.4649484768064376,0.4466551251435324,1.1751254682971652
Q0603811,2025,11,1593.159,1554.134,39.0250000000001,20000.0,780500.000000002,0.0251104473616818,1,46.64197142857143,12.654643598964242,932839.4285714288,253092.87197928483,35,-0.6019111774269776,-0.6019111774269782,0.8366927641505005
Q0245949,2025,11,2654.574,2612.428,42.1460000000002,20000.0,842920.000000004,0.0161328848106053,1,37.31822222222222,12.470915139988511,764864.2253521127,242559.7629313648,72,0.3871229756265047,0.3218001770144297,1.1293678393635571
Q0245773,2025,11,1757.496,1748.336,9.16000000000008,40000.0,366400.000000003,0.0052392675092202,1,29.999624999999973,45.97636836445583,1004875.5555555556,577514.2749601826,72,-0.4532681840984842,-1.105558049798116,0.3053371500477119
Q0245716,2025,11,88.219,78.219,10.0,40000.0,400000.0,0.1278461754816604,1,21.62518055555556,14.921138887475545,876090.704225352,593584.408110889,72,-0.7791081259429506,-0.8020606635213577,0.4624238847074494
Q0245675,2025,11,283.653,283.653,0.0,40000.0,0.0,0.0,1,4.502444444444445,6.186569902144633,171208.25396825396,235012.7058921989,63,-0.7277771876276109,-0.7285063729566509,0.0
Q0245847,2025,11,4005.352,3960.253,45.0989999999997,40000.0,1803959.99999999,0.0113879088027961,1,54.00253333333333,32.792040365511475,1376707.7333333334,738008.7368551424,75,-0.2715150760395436,0.5789257570137931,0.8351274878462436
14190822,2025,11,13983.0,13742.0,241.0,100.0,24100.0,0.0175374763498762,1,631.0,492.8029855923112,63100.0,49280.29855923111,24,-0.7913913093104541,-0.7913913093104543,0.3819334389857369
0,2025,11,27.8,20.0,0.4166666666666667,438.0,7.3,0.0208333333333333,0,124.9524761904762,473.5156850711432,42.16047619047619,114.3483941579356,35,-0.2630025011845145,-0.3048619654625638,0.0033346011169198
13193134,2025,12,69017.3,67923.8,1093.5,12000.0,13122000.0,0.0160989226162258,1,1150.2500000000002,210.83145770809924,13802040.000000006,2535279.5498053106,60,-0.2691723550978424,-0.2682307755972028,0.950662899369702
13190208,2025,12,55493.4,54534.8,958.599999999999,9000.0,8627399.99999999,0.017577766857126,1,940.471186440678,103.35158616277336,8464240.677966101,930164.2754649604,59,0.1754091468975514,0.1754091468975534,1.019276309386927
14192934,2025,12,46019.5,45518.0,501.5,9000.0,4513500.0,0.0110176194033129,1,621.3745762711865,136.1921912582771,5592371.186440678,1225729.7213244932,59,-0.8801868533259324,-0.8801868533259329,0.8070816205733052
Q0245885,2025,12,89.718,18.542,71.176,120000.0,8541120.0,3.8386366087800665,1,10.859778378378376,18.73837633034432,344557.15068493143,1059402.593219086,74,3.218860618352909,7.736966948900045,6.5540932346934575
Q0245881,2025,12,395.371,387.721,7.64999999999998,20000.0,153000.0,0.0197306826300354,1,5.491263888888889,3.54975705176635,110582.81690140846,71206.78268622402,72,0.6081362976761775,0.595690206725177,1.3931219032250686
Q0831929,2025,12,226.953,214.808,12.145,20000.0,242900.0,0.0565388626121932,1,8.728961538461537,4.52112446615458,174579.23076923078,90422.48932309158,26,0.7555727534402426,0.7555727534402423,1.3913453446308268
Q0245763,2025,12,379.072,370.478,8.59399999999999,40000.0,343760.0,0.0231970589346735,1,5.324028169014084,2.556519765908508,212961.12676056335,102260.7906363403,71,1.2790716013978711,1.2790716013978751,1.6141913091326576
Q0245756,2025,12,351.256,347.752,3.50399999999996,40000.0,140159.999999998,0.0100761462191445,1,4.927042253521127,4.819802463162096,197081.69014084508,192792.09852648395,71,-0.2952490821766087,-0.2952490821766107,0.7111771768337921
Q0245739,2025,12,2876.243,2853.294,22.9490000000001,20000.0,458980.000000001,0.0080429847046957,1,39.94781944444444,11.267900132210784,415160.42253521126,104383.1187971452,72,-1.508605795666485,0.4197956333336552,0.5744744098464585
Q0245921,2025,12,752.763,724.665,28.0980000000001,20000.0,561960.000000001,0.0387737782285609,1,26.724,1.9431294347007757,534479.9999999995,38862.58869401479,2,0.707106781186548,0.7071067811865476,1.05141445891334
Q0245113,2025,12,1730.872,1730.872,0.0,40000.0,0.0,0.0,1,24.286676056338035,20.28085999217323,965589.014084507,813747.7718576561,71,-1.1975170710566871,-1.1865949714126056,0.0
Q0245930,2025,12,4313.543,4232.81,80.7329999999993,40000.0,3229319.99999997,0.0190731452628394,1,77.40174999999999,143.8936639763133,2267442.5,526540.6872759613,72,0.0231507761213701,1.8267866534231336,1.043038432593569
Q0245713,2025,12,2360.915,2332.656,28.259,40000.0,1130360.0,0.0121145166711251,1,32.79048611111111,15.874084052531863,1311619.4444444445,634963.3621012745,72,-0.285464414583867,-0.2854644145838669,0.8618048510852785
20002075,2025,12,66.9,65.2,1.7,2000.0,3400.00000000001,0.0260736196319018,1,1.057627118644068,1.1199143116590644,2162.71186440678,2283.818513313473,59,0.5735910994871629,0.5417628976998322,1.6073717948717945
20002088,2025,12,52910.7,51771.8,1138.89999999999,2000.0,2277799.99999999,0.0219984624834367,1,896.7833898305083,233.7418281117024,1815122.711864407,472306.7131964677,59,1.0358291972191522,0.9796119242182382,1.269983379392477
Q0469696,2025,12,7.707,7.552,0.155,30000.0,4650.00000000001,0.0205243644067796,1,0.1675434782608695,0.0684068568758487,5026.304347826088,2052.2057062754616,46,-0.1833658032795549,-0.1833658032795508,0.9251329959776828
Q0469732,2025,12,461.049,461.049,0.0,40000.0,0.0,0.0,1,11.759176470588235,17.721981224124892,653498.6274509804,1177917.198062783,51,-0.6635362221567245,-0.5547916513365557,0.0
Q0603720,2025,12,76.6,74.5,2.09999999999999,1000.0,2099.99999999999,0.0281879194630871,1,2.603846153846154,0.3725380723961188,2603.846153846154,372.5380723961191,26,-1.352468891583316,-1.3524688915833147,0.8064992614475589
Q0469732,2025,12,139.618,102.346,37.272,120000.0,4472640.0,0.3641764211595958,0,11.759176470588235,17.721981224124892,653498.6274509804,1177917.198062783,51,1.4396146348852472,3.2422833954967505,3.1696097165667863
Q0245899,2025,12,678.931,668.31,10.6210000000001,20000.0,212420.000000002,0.0158923254178451,1,9.431333333333336,3.55236493731814,190886.19718309864,68898.3537511435,72,0.3348942711851291,0.3125445187657473,1.1261398176291897
Q0603811,2025,12,1632.469,1593.159,39.3099999999999,20000.0,786199.999999999,0.0246742478308818,1,46.64197142857143,12.654643598964242,932839.4285714288,253092.87197928483,35,-0.5793898003711172,-0.5793898003711142,0.8428031405190521
Q0245949,2025,12,2693.875,2654.574,39.3009999999999,20000.0,786019.999999999,0.0148050120282952,1,37.31822222222222,12.470915139988511,764864.2253521127,242559.7629313648,72,0.1589921634074651,0.0872188131791362,1.0531316247052354
Q0245773,2025,12,1767.082,1757.496,9.58600000000001,40000.0,383440.000000001,0.0054543509629609,1,29.999624999999973,45.97636836445583,1004875.5555555556,577514.2749601826,72,-0.4440025544901816,-1.0760522856312082,0.3195373275499283
Q0245716,2025,12,96.619,88.219,8.40000000000001,40000.0,336000.0,0.0952175835137556,1,21.62518055555556,14.921138887475545,876090.704225352,593584.408110889,72,-0.8863385466277278,-0.9098802071709003,0.388436063154258
Q0245675,2025,12,283.653,283.653,0.0,40000.0,0.0,0.0,1,4.502444444444445,6.186569902144633,171208.25396825396,235012.7058921989,63,-0.7277771876276109,-0.7285063729566509,0.0
Q0245847,2025,12,4050.254,4005.352,44.902,40000.0,1796080.0,0.0112105003505309,1,54.00253333333333,32.792040365511475,1376707.7333333334,738008.7368551424,75,-0.2775226314646977,0.5682483766435162,0.8314795108377632
14190822,2025,12,15173.0,13983.0,1190.0,100.0,119000.0,0.0851033397697203,1,631.0,492.8029855923112,63100.0,49280.29855923111,24,1.1343275433449842,1.1343275433449844,1.885895404120444
0,2025,12,23.2,2025.0,0.4166666666666667,264.0,4.4,0.0002057613168724,0,124.9524761904762,473.5156850711432,42.16047619047619,114.3483941579356,35,-0.2630025011845145,-0.3302230562007037,0.0033346011169198
